fips,county_name,state,diabetes_rate,hypertension_rate,mental_health_poor_days,preventive_screening_rate,obesity_rate,medicare_spending_per_beneficiary,median_income,poverty_rate,uninsured_rate,pct_black,pct_hispanic,total_population,equity_gap_score,equity_quartile,primary_driver
01001,Autauga,AL,12.35,40.1,17.5,66.4,39.65,12527.77,68315.0,11.28,0.47,19.56,3.17,58761.0,0.285,3.0,Hypertension
01003,Baldwin,AL,11.9,40.4,15.95,66.1,35.1,12887.13,71039.0,10.04,1.24,8.33,4.8,233420.0,0.282,3.0,Hypertension
01005,Barbour,AL,18.05,47.8,19.2,59.6,46.95,15833.86,39712.0,21.22,0.57,46.9,4.83,24877.0,0.485,4.0,Hypertension
01007,Bibb,AL,15.05,44.35,19.4,60.85,43.8,11909.65,50669.0,19.31,0.39,20.69,2.92,22251.0,0.398,4.0,Hypertension
01009,Blount,AL,12.55,38.6,18.2,63.5,36.05,13861.0,57440.0,14.01,0.59,1.23,9.68,59077.0,0.292,3.0,Hypertension
01011,Bullock,AL,22.95,54.5,20.7,55.9,51.15,12279.03,36136.0,26.02,0.43,68.91,8.78,10328.0,0.637,4.0,Diabetes
01013,Butler,AL,17.05,47.9,19.25,62.45,40.55,11568.04,44429.0,20.74,1.13,44.58,1.7,18981.0,0.472,4.0,Hypertension
01015,Calhoun,AL,13.85,43.15,18.85,62.35,38.85,13525.14,54339.0,17.45,0.93,22.06,4.08,116162.0,0.366,4.0,Hypertension
01017,Chambers,AL,16.2,45.75,19.15,62.25,41.55,12705.05,48805.0,17.57,0.85,40.78,3.26,34612.0,0.424,4.0,Hypertension
01019,Cherokee,AL,13.9,41.7,18.6,66.2,39.4,12818.81,46621.0,14.03,0.26,4.02,1.91,25069.0,0.334,3.0,Hypertension
01021,Chilton,AL,13.05,41.05,18.75,62.2,39.9,14438.31,62471.0,14.23,0.53,9.43,8.12,45140.0,0.318,3.0,Hypertension
01023,Choctaw,AL,17.55,48.45,19.05,63.35,44.45,18898.91,43299.0,18.85,0.28,39.96,1.13,12669.0,0.467,4.0,Hypertension
01025,Clarke,AL,16.65,46.5,18.85,62.85,44.05,13126.37,47549.0,22.0,0.34,45.49,1.45,23058.0,0.453,4.0,Hypertension
01027,Clay,AL,14.7,44.1,19.0,63.5,42.45,11440.37,48074.0,17.17,0.17,12.6,3.08,14209.0,0.378,4.0,Hypertension
01029,Cleburne,AL,13.15,39.95,18.9,62.05,37.25,13000.96,51553.0,12.75,0.29,2.71,2.65,15144.0,0.303,3.0,Hypertension
01031,Coffee,AL,13.75,41.5,18.2,62.75,40.9,12382.26,62199.0,16.04,1.03,16.8,8.4,53559.0,0.347,4.0,Hypertension
01033,Colbert,AL,13.55,41.45,18.1,61.45,37.45,12809.79,56149.0,15.71,0.51,16.04,3.21,57270.0,0.336,4.0,Hypertension
01035,Conecuh,AL,19.45,50.6,19.55,62.1,46.6,13099.77,39888.0,18.33,0.88,48.47,0.69,11576.0,0.518,4.0,Hypertension
01037,Coosa,AL,16.05,45.45,18.2,65.5,41.75,12707.71,52279.0,10.67,0.94,30.21,2.75,10329.0,0.388,4.0,Hypertension
01039,Covington,AL,14.55,43.0,19.0,63.8,38.0,13253.66,48772.0,18.44,1.57,12.27,2.0,37542.0,0.388,4.0,Hypertension
01041,Crenshaw,AL,15.0,43.7,18.8,63.65,40.4,13161.6,48557.0,14.51,1.26,23.17,2.54,13205.0,0.379,4.0,Hypertension
01043,Cullman,AL,12.2,39.8,18.25,60.4,36.3,14454.93,58119.0,12.87,0.78,1.09,4.59,88284.0,0.291,3.0,Hypertension
01045,Dale,AL,14.75,42.4,19.05,61.3,41.4,12846.82,52813.0,17.12,0.56,21.06,7.01,49455.0,0.371,4.0,Hypertension
01047,Dallas,AL,20.25,52.2,19.35,61.3,46.4,13120.46,37180.0,26.69,0.45,69.06,1.12,38326.0,0.578,4.0,Hypertension
01049,DeKalb,AL,14.5,42.25,19.5,56.7,38.6,12631.87,47920.0,19.88,0.95,1.46,15.38,71680.0,0.382,4.0,Hypertension
01051,Elmore,AL,12.2,39.9,17.95,63.75,38.8,11467.15,73258.0,9.11,0.77,20.84,3.12,87694.0,0.274,3.0,Hypertension
01053,Escambia,AL,17.05,46.3,20.25,59.65,43.9,14509.95,41153.0,20.27,1.6,30.3,2.56,36755.0,0.463,4.0,Hypertension
01055,Etowah,AL,14.85,43.6,18.85,59.0,43.7,15379.81,52177.0,15.62,0.78,15.21,4.41,103348.0,0.376,4.0,Hypertension
01057,Fayette,AL,14.85,44.25,19.2,62.65,40.6,13214.19,45650.0,21.74,0.6,12.73,0.37,16297.0,0.408,4.0,Hypertension
01059,Franklin,AL,15.15,42.15,19.2,58.6,42.2,14485.84,47359.0,16.39,2.99,4.25,18.41,32011.0,0.396,4.0,Hypertension
01061,Geneva,AL,14.7,42.3,19.2,58.35,42.25,12988.69,47608.0,20.57,0.7,9.28,4.45,26647.0,0.387,4.0,Hypertension
01063,Greene,AL,24.1,56.1,20.25,60.8,53.05,11800.14,32796.0,32.49,2.12,81.82,0.31,7706.0,0.715,4.0,Diabetes
01065,Hale,AL,18.0,48.55,19.2,63.25,47.7,13496.62,35851.0,24.51,0.72,56.8,0.17,14742.0,0.506,4.0,Hypertension
01067,Henry,AL,14.75,44.25,18.05,60.75,41.25,13648.79,58395.0,15.09,0.69,25.32,2.71,17282.0,0.376,4.0,Hypertension
01069,Houston,AL,14.4,42.15,18.85,63.9,40.5,14348.8,55064.0,17.64,0.54,27.25,3.59,107040.0,0.365,4.0,Hypertension
01071,Jackson,AL,14.35,42.75,19.4,62.85,39.2,13231.98,46748.0,18.4,0.58,3.29,3.2,52618.0,0.373,4.0,Hypertension
01073,Jefferson,AL,14.3,41.35,17.15,69.6,37.5,13901.91,63595.0,15.45,0.88,42.72,4.16,672265.0,0.351,4.0,Hypertension
01075,Lamar,AL,14.8,44.05,19.35,61.15,40.8,13124.89,49565.0,15.17,0.17,11.0,0.55,13885.0,0.37,4.0,Hypertension
01077,Lauderdale,AL,11.95,37.75,18.05,63.8,36.15,12634.47,56081.0,12.92,0.95,9.88,2.97,94329.0,0.274,3.0,Hypertension
01079,Lawrence,AL,14.0,41.5,19.05,61.1,39.35,12571.96,54786.0,15.65,0.35,10.18,2.5,33116.0,0.343,4.0,Hypertension
01081,Lee,AL,12.6,38.05,17.45,65.4,39.15,11025.21,59288.0,17.7,0.67,22.48,3.87,175126.0,0.307,3.0,Poverty
01083,Limestone,AL,11.7,39.0,16.75,65.15,39.3,12862.35,80146.0,10.83,0.64,13.16,6.32,104199.0,0.266,3.0,Hypertension
01085,Lowndes,AL,21.75,53.45,20.05,58.5,51.25,11296.49,33125.0,25.14,0.29,74.88,0.19,10153.0,0.604,4.0,Diabetes
01087,Macon,AL,18.85,49.5,19.25,65.85,47.9,11732.69,41206.0,21.5,1.1,78.87,2.36,19198.0,0.517,4.0,Hypertension
01089,Madison,AL,11.5,37.4,15.75,66.3,40.0,13485.68,78058.0,10.38,0.64,24.48,5.29,389781.0,0.249,2.0,Hypertension
01091,Marengo,AL,17.95,48.6,18.65,60.95,43.15,12442.86,42975.0,21.18,0.17,50.83,2.83,19180.0,0.485,4.0,Hypertension
01093,Marion,AL,13.9,42.6,19.15,59.2,42.45,13298.23,49743.0,16.12,0.78,3.81,2.71,29203.0,0.355,4.0,Hypertension
01095,Marshall,AL,13.45,39.6,18.3,62.15,37.6,12675.67,58272.0,16.33,0.67,2.8,15.06,97923.0,0.326,3.0,Hypertension
01097,Mobile,AL,15.1,41.35,17.65,65.0,39.0,14096.74,55352.0,17.24,0.78,36.26,3.04,413878.0,0.372,4.0,Diabetes
01099,Monroe,AL,17.65,48.0,19.6,62.55,43.85,12461.23,39965.0,22.57,0.53,42.31,0.22,19816.0,0.486,4.0,Hypertension
01101,Montgomery,AL,15.6,45.05,17.35,64.2,46.2,11598.47,56707.0,18.79,0.82,59.07,3.77,228132.0,0.415,4.0,Hypertension
01103,Morgan,AL,13.5,42.2,17.4,63.5,38.55,13847.87,61588.0,13.47,0.99,13.51,8.81,123102.0,0.335,3.0,Hypertension
01105,Perry,AL,22.55,54.4,20.75,60.4,53.45,11371.5,32332.0,29.23,0.0,70.81,0.97,8479.0,0.641,4.0,Diabetes
01107,Pickens,AL,16.6,45.95,18.85,62.3,48.0,12860.05,45339.0,20.42,0.74,39.66,5.22,18925.0,0.445,4.0,Hypertension
01109,Pike,AL,14.35,41.6,19.35,61.7,41.8,12663.07,42616.0,21.95,0.8,37.28,2.42,32997.0,0.383,4.0,Hypertension
01111,Randolph,AL,14.4,42.9,18.5,61.8,37.9,12637.15,49879.0,19.28,0.58,18.95,3.02,22179.0,0.379,4.0,Hypertension
01113,Russell,AL,16.3,45.2,19.2,63.75,42.85,11726.7,47420.0,21.78,0.53,44.88,5.86,58849.0,0.439,4.0,Hypertension
01115,St. Clair,AL,11.95,39.5,18.0,62.7,39.4,13995.59,73218.0,10.67,0.71,9.8,2.53,91719.0,0.274,3.0,Hypertension
01117,Shelby,AL,10.4,38.3,15.0,66.8,31.65,13898.12,90618.0,6.73,0.63,13.0,5.89,223916.0,0.22,2.0,Hypertension
01119,Sumter,AL,18.95,49.55,19.7,63.5,48.6,12687.61,31726.0,26.94,0.38,72.26,0.7,12196.0,0.538,4.0,Hypertension
01121,Talladega,AL,15.7,45.6,18.4,64.9,45.5,13559.23,52457.0,17.8,0.63,31.93,2.46,81105.0,0.414,4.0,Hypertension
01123,Tallapoosa,AL,14.75,44.65,18.0,61.25,39.55,13981.42,53282.0,16.55,0.6,26.56,2.45,41251.0,0.385,4.0,Hypertension
01125,Tuscaloosa,AL,12.2,39.85,18.2,62.15,42.1,13427.63,61645.0,15.72,0.47,32.05,4.0,231558.0,0.302,3.0,Hypertension
01127,Walker,AL,13.65,41.35,19.25,61.1,35.75,14279.36,52987.0,16.06,2.09,5.99,2.87,64978.0,0.355,4.0,Hypertension
01129,Washington,AL,15.15,44.1,18.65,62.7,41.05,14974.77,51184.0,15.65,0.4,23.38,1.69,15434.0,0.381,4.0,Hypertension
01131,Wilcox,AL,21.45,53.55,20.35,57.85,51.55,11994.24,38208.0,26.19,0.02,70.18,0.21,10441.0,0.602,4.0,Diabetes
01133,Winston,AL,14.6,43.2,19.35,60.9,39.05,13962.87,49494.0,17.83,1.36,1.11,3.25,23655.0,0.385,4.0,Hypertension
02013,Aleutians East,AK,12.85,33.5,13.0,41.6,30.25,7825.74,79961.0,12.59,3.58,5.37,11.89,3407.0,0.283,3.0,Uninsured
02016,Aleutians West,AK,11.1,31.45,13.1,48.9,31.2,6553.49,100662.0,9.16,0.86,3.85,15.37,5219.0,0.196,1.0,Uninsured
02020,Anchorage,AK,8.85,31.45,16.1,58.15,35.0,9089.0,95731.0,9.43,1.93,5.32,9.69,290674.0,0.169,1.0,Uninsured
02050,Bethel,AK,14.25,38.6,21.25,45.4,39.25,6117.74,64094.0,24.74,2.24,1.16,2.15,18538.0,0.387,4.0,Poverty
02060,Bristol Bay,AK,10.2,33.75,15.95,56.65,34.7,7485.18,94167.0,7.73,0.59,0.35,8.67,854.0,0.188,1.0,Uninsured
02063,Chugach,AK,8.8,31.55,14.75,61.05,30.9,9150.05,83068.0,4.84,2.61,1.61,5.91,7000.0,0.154,1.0,Uninsured
02066,Copper River,AK,10.15,35.25,16.0,55.4,33.35,4481.9,70606.0,11.06,5.51,0.04,6.54,2614.0,0.262,2.0,Uninsured
02068,Denali,AK,8.15,30.95,15.2,56.8,30.6,6044.51,87292.0,7.14,0.05,2.28,1.67,2101.0,0.125,1.0,Uninsured
02070,Dillingham,AK,12.75,34.15,19.25,50.5,38.5,22586.76,69412.0,15.76,3.83,1.57,3.34,4854.0,0.303,3.0,Uninsured
02090,Fairbanks North Star,AK,8.1,31.0,15.6,59.35,35.55,7531.22,81655.0,6.6,1.29,4.13,8.35,96299.0,0.134,1.0,Uninsured
02100,Haines,AK,9.25,34.3,14.4,58.65,33.65,11262.72,68276.0,5.82,1.49,0.0,8.18,2079.0,0.176,1.0,Uninsured
02105,Hoonah-Angoon,AK,12.6,38.0,16.45,56.35,36.75,11134.01,62344.0,11.55,2.88,0.39,9.88,2329.0,0.3,3.0,Uninsured
02110,Juneau,AK,8.35,30.95,15.15,58.65,34.75,8737.06,95711.0,6.78,1.38,1.07,7.16,32108.0,0.14,1.0,Uninsured
02122,Kenai Peninsula,AK,8.85,32.85,15.5,56.7,32.15,9564.59,76272.0,12.26,2.15,0.72,4.43,59235.0,0.195,1.0,Uninsured
02130,Ketchikan Gateway,AK,9.35,32.85,15.5,57.5,37.55,9942.77,82763.0,9.55,1.8,0.65,5.64,13910.0,0.187,1.0,Uninsured
02150,Kodiak Island,AK,9.55,30.6,14.6,54.4,31.45,9241.51,91138.0,7.86,2.0,0.92,8.8,13065.0,0.168,1.0,Uninsured
02158,Kusilvak,AK,17.25,40.0,24.0,42.05,46.75,6152.21,42663.0,33.87,3.38,0.84,0.91,8372.0,0.502,4.0,Poverty
02164,Lake and Peninsula,AK,13.6,36.6,18.8,50.45,39.0,6558.53,61607.0,15.12,5.31,2.2,0.1,999.0,0.347,4.0,Uninsured
02170,Matanuska-Susitna,AK,8.65,31.2,16.4,55.15,37.25,8785.07,86435.0,9.95,3.33,1.28,5.59,108661.0,0.18,1.0,Uninsured
02180,Nome,AK,13.35,34.55,20.3,49.55,38.7,15211.14,70121.0,20.37,3.01,1.03,2.01,10018.0,0.33,3.0,Poverty
02185,North Slope,AK,10.9,35.1,16.45,54.85,41.75,26513.63,83472.0,7.85,4.31,1.77,3.92,10924.0,0.247,2.0,Uninsured
02188,Northwest Arctic,AK,14.35,37.45,20.55,49.3,40.75,18493.14,77647.0,18.29,5.86,1.24,2.55,7682.0,0.386,4.0,Uninsured
02195,Petersburg,AK,9.5,32.9,15.05,56.65,30.8,12759.17,77826.0,4.53,1.04,1.16,9.07,3374.0,0.159,1.0,Uninsured
02198,Prince of Wales-Hyder,AK,12.5,36.3,17.7,53.35,38.05,9147.88,61779.0,15.16,3.59,0.38,4.07,5799.0,0.309,3.0,Uninsured
02220,Sitka,AK,9.15,31.85,14.75,59.85,29.75,14471.2,95261.0,6.75,2.58,0.69,7.4,8462.0,0.171,1.0,Uninsured
02230,Skagway,AK,8.45,31.65,15.05,57.7,35.6,6165.15,79583.0,6.22,0.23,3.07,2.46,1303.0,0.132,1.0,Uninsured
02240,Southeast Fairbanks,AK,9.6,34.15,16.35,55.15,35.35,6490.39,75378.0,13.04,2.15,0.89,7.13,6888.0,0.221,2.0,Uninsured
02275,Wrangell,AK,11.0,36.1,16.1,56.25,34.9,17549.05,61000.0,9.98,4.31,0.05,5.76,2134.0,0.266,2.0,Uninsured
02282,Yakutat,AK,12.15,37.15,16.75,55.05,35.0,6856.81,76875.0,9.93,4.43,2.13,6.56,564.0,0.294,3.0,Uninsured
02290,Yukon-Koyukuk,AK,15.2,39.25,19.4,54.35,36.75,8439.98,47826.0,22.71,4.0,0.19,2.67,5355.0,0.416,4.0,Poverty
04001,Apache,AZ,16.4,34.35,21.75,48.2,35.9,11193.88,37483.0,31.88,6.38,0.89,7.02,66054.0,0.467,4.0,Poverty
04003,Cochise,AZ,12.15,35.45,16.15,53.9,31.5,10236.21,58421.0,13.99,1.46,3.98,35.7,125504.0,0.271,3.0,Poverty
04005,Coconino,AZ,9.55,27.7,18.2,53.35,24.45,10419.82,67266.0,15.57,2.05,1.53,14.73,144705.0,0.184,1.0,Poverty
04007,Gila,AZ,12.75,34.25,17.4,55.4,31.8,11783.96,55242.0,18.55,2.19,0.73,19.24,53419.0,0.301,3.0,Poverty
04009,Graham,AZ,11.15,31.75,17.6,50.45,36.15,10466.48,64089.0,16.2,1.27,1.97,33.51,38453.0,0.236,2.0,Poverty
04011,Greenlee,AZ,10.35,29.25,16.0,53.85,33.05,9951.93,73756.0,12.74,0.16,1.8,48.27,9483.0,0.177,1.0,Poverty
04012,La Paz,AZ,14.5,38.65,16.25,53.25,34.65,12332.97,46634.0,20.59,3.58,0.56,28.17,16681.0,0.386,4.0,Poverty
04013,Maricopa,AZ,10.1,29.7,15.1,58.5,30.5,13276.22,80675.0,11.36,2.09,5.7,31.66,4430871.0,0.188,1.0,Uninsured
04015,Mohave,AZ,11.95,36.5,16.6,53.75,33.0,10814.12,53592.0,15.68,1.43,1.13,17.37,214229.0,0.283,3.0,Poverty
04017,Navajo,AZ,13.7,38.0,19.65,49.8,37.75,11142.32,50335.0,24.83,4.1,1.11,11.88,107110.0,0.392,4.0,Poverty
04019,Pima,AZ,10.25,32.1,16.8,58.2,31.65,11197.6,64323.0,14.56,1.55,3.46,38.09,1042393.0,0.218,2.0,Poverty
04021,Pinal,AZ,11.9,33.9,16.8,56.95,38.55,12997.55,73313.0,10.71,2.07,4.58,31.23,433338.0,0.246,2.0,Uninsured
04023,Santa Cruz,AZ,14.35,33.5,15.25,49.55,34.5,8571.05,51885.0,20.11,2.29,0.3,83.06,47838.0,0.331,3.0,Poverty
04025,Yavapai,AZ,10.05,32.5,15.3,58.75,27.3,10015.85,62430.0,12.09,1.78,0.65,15.17,237830.0,0.208,1.0,Uninsured
04027,Yuma,AZ,13.7,33.45,15.75,48.8,38.2,12241.7,56439.0,16.96,2.89,1.94,65.26,204374.0,0.311,3.0,Diabetes
05001,Arkansas,AR,13.65,42.35,20.0,58.2,39.05,11975.45,58695.0,16.54,1.19,25.72,3.81,17024.0,0.355,4.0,Hypertension
05003,Ashley,AR,16.25,45.75,20.8,56.75,45.15,15735.57,44804.0,23.08,0.23,24.84,6.12,19018.0,0.445,4.0,Hypertension
05005,Baxter,AR,12.65,41.6,18.9,60.55,37.95,12042.98,47403.0,13.37,0.31,0.24,2.67,41801.0,0.309,3.0,Hypertension
05007,Benton,AR,10.05,32.25,16.6,57.3,35.2,12416.04,85269.0,7.78,1.71,1.88,17.35,286528.0,0.186,1.0,Uninsured
05009,Boone,AR,11.75,37.65,19.3,60.15,40.75,11266.79,52275.0,12.93,0.59,0.33,2.89,37662.0,0.266,3.0,Hypertension
05011,Bradley,AR,15.95,45.8,19.9,55.95,42.55,14813.7,43688.0,15.01,1.75,26.02,16.0,10461.0,0.418,4.0,Hypertension
05013,Calhoun,AR,12.95,42.0,18.7,58.6,39.15,11391.63,60237.0,12.03,1.78,20.83,4.88,4773.0,0.326,3.0,Hypertension
05015,Carroll,AR,13.2,41.35,18.6,59.0,37.65,10997.86,56826.0,15.26,2.42,0.36,15.57,28362.0,0.347,4.0,Hypertension
05017,Chicot,AR,18.3,49.55,19.7,55.5,47.25,14067.9,36593.0,25.58,0.0,53.58,6.14,10234.0,0.516,4.0,Hypertension
05019,Clark,AR,12.9,40.95,20.4,59.45,41.6,11708.25,48071.0,17.76,1.03,24.02,5.09,21469.0,0.337,4.0,Hypertension
05021,Clay,AR,12.6,40.05,20.15,60.6,40.2,14499.12,44685.0,19.19,0.67,0.67,0.8,14537.0,0.328,3.0,Hypertension
05023,Cleburne,AR,12.9,40.4,19.35,64.0,37.95,12576.61,52780.0,13.9,1.09,0.38,2.73,24948.0,0.315,3.0,Hypertension
05025,Cleveland,AR,13.3,42.95,19.65,59.7,42.3,14620.93,48913.0,13.42,0.32,13.14,0.0,7548.0,0.33,3.0,Hypertension
05027,Columbia,AR,13.95,42.3,20.25,59.1,38.8,14147.7,47441.0,20.59,0.71,35.59,3.0,22707.0,0.374,4.0,Hypertension
05029,Conway,AR,14.0,43.65,20.0,57.45,41.25,12596.57,50282.0,20.75,0.73,11.02,4.38,20782.0,0.386,4.0,Hypertension
05031,Craighead,AR,11.4,38.8,19.6,58.95,39.35,13975.77,55169.0,18.47,1.25,16.24,5.47,111038.0,0.301,3.0,Poverty
05033,Crawford,AR,11.95,39.65,19.65,59.3,38.75,12338.78,56702.0,17.53,1.46,1.27,8.51,60593.0,0.314,3.0,Hypertension
05035,Crittenden,AR,15.65,46.05,20.6,60.2,46.75,14606.06,51860.0,19.41,0.91,50.07,2.97,47945.0,0.426,4.0,Hypertension
05037,Cross,AR,14.75,44.0,20.6,57.1,44.9,13638.9,48129.0,19.95,0.96,19.53,2.13,16827.0,0.4,4.0,Hypertension
05039,Dallas,AR,14.9,45.55,18.9,61.25,42.0,14276.97,40085.0,11.17,1.07,44.13,1.27,6472.0,0.373,4.0,Hypertension
05041,Desha,AR,19.15,49.75,21.7,54.05,46.6,14804.43,38067.0,26.97,1.13,47.64,6.75,11285.0,0.55,4.0,Hypertension
05043,Drew,AR,14.35,43.25,20.25,59.9,44.4,13748.44,44968.0,20.3,0.73,26.89,4.03,17309.0,0.387,4.0,Hypertension
05045,Faulkner,AR,10.85,35.7,18.75,57.95,40.45,12973.1,61273.0,14.83,1.01,11.42,4.4,124611.0,0.25,2.0,Poverty
05047,Franklin,AR,13.15,41.55,20.7,55.95,39.8,11738.88,47695.0,19.88,0.59,0.56,3.61,17160.0,0.351,4.0,Hypertension
05049,Fulton,AR,14.75,44.35,20.5,56.35,39.65,11198.68,38917.0,15.11,3.87,0.19,0.57,12183.0,0.408,4.0,Hypertension
05051,Garland,AR,12.95,41.8,18.6,60.65,39.2,14087.37,54229.0,16.6,1.03,7.92,6.2,100021.0,0.338,4.0,Hypertension
05053,Grant,AR,10.9,37.7,18.55,60.8,36.75,13161.83,68598.0,13.39,0.45,2.57,3.21,18022.0,0.253,2.0,Hypertension
05055,Greene,AR,11.75,40.9,20.45,53.7,42.3,12977.61,54879.0,17.17,1.17,2.49,3.12,45954.0,0.315,3.0,Hypertension
05057,Hempstead,AR,15.1,43.35,19.7,58.0,45.7,12859.66,45049.0,22.64,1.95,30.97,13.58,20037.0,0.423,4.0,Hypertension
05059,Hot Spring,AR,12.75,40.9,19.45,59.0,37.0,14061.24,50260.0,18.39,0.84,11.48,3.77,33129.0,0.335,3.0,Hypertension
05061,Howard,AR,13.85,41.65,19.7,59.85,39.55,14837.9,44824.0,18.01,3.74,21.68,13.37,12779.0,0.386,4.0,Hypertension
05063,Independence,AR,12.4,39.25,19.9,56.05,41.8,14261.17,52361.0,18.79,1.48,1.92,7.11,37910.0,0.325,3.0,Poverty
05065,Izard,AR,13.95,43.55,20.0,58.0,41.3,12389.26,46159.0,18.21,0.87,1.81,2.69,13748.0,0.374,4.0,Hypertension
05067,Jackson,AR,14.55,42.9,21.45,54.9,43.9,14414.24,41929.0,17.62,0.75,12.16,3.18,16784.0,0.375,4.0,Hypertension
05069,Jefferson,AR,16.35,49.05,19.6,62.35,46.1,12871.95,46855.0,17.66,0.92,55.97,2.38,66934.0,0.452,4.0,Hypertension
05071,Johnson,AR,13.5,40.35,20.05,53.55,37.45,10406.9,42470.0,20.55,0.95,1.61,14.41,25925.0,0.355,4.0,Poverty
05073,Lafayette,AR,17.95,48.25,20.95,59.35,46.15,12808.45,40262.0,21.16,1.0,33.44,3.52,6277.0,0.49,4.0,Hypertension
05075,Lawrence,AR,13.2,41.4,21.15,56.85,43.9,14603.02,43606.0,17.17,1.48,1.4,1.77,16258.0,0.347,4.0,Hypertension
05077,Lee,AR,18.4,49.75,20.65,53.0,46.95,12905.41,33801.0,22.66,0.4,55.31,2.92,8666.0,0.51,4.0,Hypertension
05079,Lincoln,AR,13.65,43.05,19.45,56.55,42.7,13630.4,50526.0,11.38,1.45,29.84,4.46,13016.0,0.339,4.0,Hypertension
05081,Little River,AR,14.05,43.0,19.7,59.6,41.3,13933.93,58627.0,11.59,0.96,18.61,4.01,12024.0,0.341,4.0,Hypertension
05083,Logan,AR,12.85,41.55,19.65,58.25,37.9,12262.6,51131.0,14.29,1.05,1.58,3.16,21247.0,0.324,3.0,Hypertension
05085,Lonoke,AR,10.7,37.75,19.15,61.55,35.9,12856.44,68078.0,11.68,1.49,5.53,4.83,74292.0,0.252,2.0,Hypertension
05087,Madison,AR,12.6,41.25,20.15,55.4,40.7,9549.4,51514.0,16.32,1.09,0.05,6.31,16737.0,0.328,3.0,Hypertension
05089,Marion,AR,13.75,40.7,19.45,63.3,37.85,9729.28,42891.0,17.57,0.43,0.52,2.51,16905.0,0.342,4.0,Hypertension
05091,Miller,AR,14.2,42.8,20.65,59.15,38.05,13812.74,47613.0,19.91,1.28,25.19,3.76,42682.0,0.384,4.0,Hypertension
05093,Mississippi,AR,14.3,44.9,20.55,55.3,46.65,12944.13,50012.0,21.31,1.01,34.78,4.73,40361.0,0.405,4.0,Hypertension
05095,Monroe,AR,16.7,48.05,20.2,56.5,43.6,12355.27,41786.0,23.46,1.9,43.52,0.0,6787.0,0.487,4.0,Hypertension
05097,Montgomery,AR,13.9,42.6,19.6,60.25,41.0,13159.8,47103.0,17.85,1.51,0.75,4.85,8555.0,0.371,4.0,Hypertension
05099,Nevada,AR,16.25,47.35,20.75,56.85,44.05,16304.51,43421.0,27.11,0.77,33.74,1.47,8292.0,0.481,4.0,Hypertension
05101,Newton,AR,13.1,42.55,19.3,59.05,38.65,8299.1,50699.0,11.24,1.1,0.14,1.82,7243.0,0.322,3.0,Hypertension
05103,Ouachita,AR,15.8,46.1,20.15,58.55,43.45,13344.64,47348.0,18.71,1.16,41.03,2.67,22606.0,0.429,4.0,Hypertension
05105,Perry,AR,12.45,40.25,19.3,56.8,38.75,12451.03,53980.0,15.18,1.76,2.33,3.3,10055.0,0.319,3.0,Hypertension
05107,Phillips,AR,19.45,52.3,21.3,58.55,48.5,11653.1,37458.0,30.21,1.09,62.23,2.16,16373.0,0.588,4.0,Hypertension
05109,Pike,AR,12.9,41.15,19.5,57.3,38.25,13187.3,49248.0,17.1,0.3,4.16,6.8,10205.0,0.328,3.0,Hypertension
05111,Poinsett,AR,13.35,40.6,21.2,58.7,41.35,15043.54,43440.0,20.51,1.0,4.3,3.57,22997.0,0.354,4.0,Hypertension
05113,Polk,AR,13.65,41.0,19.95,54.45,40.1,11680.98,48449.0,17.5,0.63,0.13,6.64,19384.0,0.344,4.0,Hypertension
05115,Pope,AR,12.05,37.5,19.65,58.65,44.95,12123.57,51678.0,16.9,1.48,2.48,9.93,63475.0,0.298,3.0,Poverty
05117,Prairie,AR,13.2,42.65,19.2,57.0,40.4,12634.64,47045.0,9.7,0.73,10.54,2.08,8217.0,0.313,3.0,Hypertension
05119,Pulaski,AR,12.2,40.85,17.9,62.05,40.55,12765.24,58326.0,16.26,1.25,37.35,6.36,398322.0,0.319,3.0,Hypertension
05121,Randolph,AR,13.45,41.0,21.1,58.1,41.4,12751.39,45993.0,18.9,1.64,1.39,2.45,18619.0,0.358,4.0,Hypertension
05123,St. Francis,AR,17.75,48.35,20.4,53.9,48.05,12655.63,39822.0,24.46,1.24,53.46,5.51,23138.0,0.506,4.0,Hypertension
05125,Saline,AR,10.4,37.75,17.75,58.5,34.45,12863.15,73236.0,9.43,0.73,8.42,5.43,123988.0,0.229,2.0,Hypertension
05127,Scott,AR,13.25,40.85,19.85,56.9,37.1,13906.25,45340.0,16.99,3.89,1.21,8.31,9871.0,0.366,4.0,Hypertension
05129,Searcy,AR,15.05,44.35,20.55,58.75,39.8,10835.37,42063.0,26.07,0.39,0.42,3.03,7880.0,0.43,4.0,Hypertension
05131,Sebastian,AR,12.3,39.0,19.4,58.4,36.3,12642.5,54047.0,16.24,1.92,5.98,15.12,128184.0,0.314,3.0,Hypertension
05133,Sevier,AR,14.45,38.9,19.8,54.2,41.45,13448.73,53567.0,19.76,3.1,4.73,34.3,15913.0,0.378,4.0,Diabetes
05135,Sharp,AR,13.95,42.15,20.3,57.8,39.45,13145.15,43332.0,15.64,0.17,1.0,2.56,17422.0,0.345,4.0,Hypertension
05137,Stone,AR,14.5,42.8,19.9,61.1,39.95,12522.96,37664.0,21.0,1.35,0.14,2.01,12393.0,0.395,4.0,Hypertension
05139,Union,AR,14.5,43.7,19.3,59.25,39.4,12322.13,49745.0,18.38,0.99,32.5,4.11,38815.0,0.386,4.0,Hypertension
05141,Van Buren,AR,13.85,42.5,19.8,58.6,39.55,13040.57,45768.0,18.69,1.24,0.74,3.46,15900.0,0.37,4.0,Hypertension
05143,Washington,AR,10.4,35.5,18.55,58.55,36.05,12195.23,61985.0,14.66,2.39,3.46,17.31,247331.0,0.254,2.0,Uninsured
05145,White,AR,11.75,38.75,20.1,61.7,39.85,13903.2,51144.0,15.39,0.89,4.37,4.68,77118.0,0.289,3.0,Hypertension
05147,Woodruff,AR,16.0,45.6,20.6,56.9,39.25,13708.01,49608.0,18.31,0.64,27.5,0.5,6259.0,0.421,4.0,Hypertension
05149,Yell,AR,13.45,40.9,19.5,57.2,41.95,12708.19,55879.0,12.19,0.8,2.21,21.09,20342.0,0.317,3.0,Hypertension
06001,Alameda,CA,10.55,27.5,15.25,57.8,22.65,11272.17,122488.0,9.01,0.51,10.19,22.21,1663823.0,0.154,1.0,Uninsured
06003,Alpine,CA,10.05,31.8,16.75,64.2,28.55,7984.31,101125.0,13.73,0.99,0.0,14.06,1515.0,0.203,1.0,Poverty
06005,Amador,CA,10.2,33.45,17.2,60.9,29.55,10182.62,74853.0,7.26,0.56,1.74,15.13,40577.0,0.183,1.0,Uninsured
06007,Butte,CA,10.3,31.35,19.35,59.95,29.95,12389.41,66085.0,17.8,0.62,1.81,17.96,213605.0,0.219,2.0,Poverty
06009,Calaveras,CA,11.15,33.0,18.2,60.4,29.8,10147.58,77526.0,12.95,0.7,0.99,13.57,45674.0,0.224,2.0,Poverty
06011,Colusa,CA,12.8,30.8,18.45,52.8,35.15,12245.67,69619.0,10.84,1.24,1.68,60.89,21811.0,0.231,2.0,Diabetes
06013,Contra Costa,CA,10.45,29.35,15.75,61.95,27.9,11480.06,120020.0,8.19,0.64,8.72,26.4,1162648.0,0.163,1.0,Uninsured
06015,Del Norte,CA,11.35,33.4,19.05,58.0,30.95,9252.14,61149.0,13.05,1.51,2.72,20.42,27462.0,0.239,2.0,Uninsured
06017,El Dorado,CA,9.4,30.05,16.5,63.9,27.55,10062.68,99246.0,8.54,0.58,0.73,13.53,191713.0,0.151,1.0,Uninsured
06019,Fresno,CA,12.55,31.55,18.4,52.45,37.8,12940.91,67756.0,19.21,0.81,4.47,54.23,1008280.0,0.267,3.0,Poverty
06021,Glenn,CA,11.85,31.1,18.85,55.05,32.25,12571.01,64033.0,15.13,2.68,0.36,43.33,28657.0,0.252,2.0,Uninsured
06023,Humboldt,CA,10.7,31.4,20.2,57.95,31.7,9052.64,57881.0,19.39,0.74,1.37,12.58,136132.0,0.235,2.0,Poverty
06025,Imperial,CA,14.8,32.85,18.1,47.25,34.95,15802.0,53847.0,20.1,0.75,2.57,85.41,179578.0,0.318,3.0,Diabetes
06027,Inyo,CA,10.9,31.45,17.4,62.1,28.35,10425.36,63417.0,11.68,1.73,0.96,23.9,18829.0,0.213,2.0,Uninsured
06029,Kern,CA,13.3,32.1,19.95,51.1,36.1,14847.98,63883.0,18.75,1.09,5.17,55.32,906883.0,0.285,3.0,Poverty
06031,Kings,CA,12.5,31.2,19.25,53.25,34.8,12615.31,68540.0,14.84,1.12,6.46,56.14,152515.0,0.247,2.0,Poverty
06033,Lake,CA,12.4,35.8,19.25,57.9,32.75,11889.68,56259.0,16.27,0.64,2.26,23.04,68024.0,0.28,3.0,Poverty
06035,Lassen,CA,11.05,32.6,19.5,57.1,34.25,10021.18,59515.0,11.44,1.13,8.41,20.45,31873.0,0.216,2.0,Uninsured
06037,Los Angeles,CA,12.1,29.3,16.4,51.4,26.45,17457.67,83411.0,13.53,0.81,7.86,48.68,9936690.0,0.217,2.0,Poverty
06039,Madera,CA,13.15,32.5,19.95,55.2,36.6,11871.77,73543.0,19.18,0.93,2.6,59.69,157243.0,0.286,3.0,Poverty
06041,Marin,CA,8.85,28.9,14.85,62.6,21.3,11021.84,142019.0,6.84,0.36,2.39,16.56,260485.0,0.123,1.0,Uninsured
06043,Mariposa,CA,11.45,34.0,17.75,59.9,30.7,10387.59,60021.0,15.83,0.36,0.82,12.98,17130.0,0.246,2.0,Poverty
06045,Mendocino,CA,12.05,34.75,18.85,57.7,29.4,10402.8,61335.0,15.89,1.32,0.72,26.79,91145.0,0.272,3.0,Poverty
06047,Merced,CA,13.15,31.5,18.9,51.65,34.05,11495.78,64772.0,18.16,1.36,2.95,61.9,282290.0,0.278,3.0,Poverty
06049,Modoc,CA,12.6,36.1,19.05,60.3,32.1,11056.07,54962.0,16.53,2.84,1.92,15.32,8651.0,0.309,3.0,Uninsured
06051,Mono,CA,9.7,29.65,17.4,59.35,31.05,9604.15,82038.0,11.18,1.66,0.3,27.1,13219.0,0.176,1.0,Uninsured
06053,Monterey,CA,12.05,31.15,16.9,55.5,31.25,10452.41,91043.0,11.86,0.91,2.23,59.86,437609.0,0.223,2.0,Diabetes
06055,Napa,CA,10.35,30.35,16.15,60.4,28.05,11633.86,105809.0,7.73,0.8,1.83,35.07,137384.0,0.168,1.0,Uninsured
06057,Nevada,CA,9.75,32.8,17.0,62.15,27.55,10148.53,79395.0,10.27,0.6,0.37,9.97,102322.0,0.185,1.0,Uninsured
06059,Orange,CA,10.8,27.75,16.3,56.1,23.9,14698.16,109361.0,9.57,0.78,1.69,33.93,3175227.0,0.165,1.0,Uninsured
06061,Placer,CA,8.85,30.05,16.05,61.0,27.25,11774.19,109375.0,6.75,0.62,1.62,14.87,406608.0,0.134,1.0,Uninsured
06063,Plumas,CA,11.25,34.9,18.4,64.3,30.0,10260.16,67885.0,10.69,0.77,1.78,9.97,19650.0,0.229,2.0,Hypertension
06065,Riverside,CA,11.85,32.25,17.35,53.9,36.9,14271.03,84505.0,11.21,1.03,6.47,50.76,2429487.0,0.225,2.0,Uninsured
06067,Sacramento,CA,10.75,29.9,17.65,58.85,29.55,12099.78,84010.0,12.94,0.64,9.62,23.96,1579211.0,0.194,1.0,Poverty
06069,San Benito,CA,10.9,29.2,16.75,57.65,31.4,10851.2,104451.0,7.46,0.53,0.95,61.41,64753.0,0.165,1.0,Uninsured
06071,San Bernardino,CA,11.95,31.75,17.7,52.6,33.3,14225.46,77423.0,13.49,1.19,7.88,55.04,2180563.0,0.236,2.0,Poverty
06073,San Diego,CA,9.7,28.05,16.45,59.5,25.35,12709.98,96974.0,10.3,0.91,4.82,34.49,3289701.0,0.153,1.0,Uninsured
06075,San Francisco,CA,9.75,26.05,14.05,59.8,17.15,10676.36,136689.0,10.32,0.28,5.18,15.45,851036.0,0.134,1.0,Uninsured
06077,San Joaquin,CA,12.0,29.85,17.3,51.1,30.65,11716.32,82837.0,12.62,0.72,7.03,42.52,779445.0,0.214,2.0,Poverty
06079,San Luis Obispo,CA,9.3,30.0,17.2,60.7,26.85,10198.48,90158.0,11.97,0.74,1.24,23.41,281712.0,0.167,1.0,Poverty
06081,San Mateo,CA,9.8,27.45,13.5,61.65,22.15,10620.4,149907.0,6.38,0.43,2.29,23.92,754250.0,0.128,1.0,Uninsured
06083,Santa Barbara,CA,10.55,29.9,17.35,59.25,26.85,11165.21,92332.0,12.92,1.07,1.89,46.62,445213.0,0.195,1.0,Poverty
06085,Santa Clara,CA,10.15,26.35,13.85,57.2,21.9,11297.8,153792.0,6.77,0.4,2.39,24.85,1916831.0,0.127,1.0,Uninsured
06087,Santa Cruz,CA,9.6,29.1,17.05,61.3,26.3,10102.47,104409.0,10.91,0.5,1.06,34.23,268571.0,0.158,1.0,Uninsured
06089,Shasta,CA,10.55,33.15,19.45,58.1,29.3,10791.06,68347.0,13.06,1.1,0.97,10.99,181852.0,0.219,2.0,Poverty
06091,Sierra,CA,12.7,36.8,18.6,61.3,32.45,10422.74,61108.0,12.31,1.41,0.24,11.39,2916.0,0.282,3.0,Hypertension
06093,Siskiyou,CA,11.9,34.85,19.1,58.05,31.9,9158.54,53898.0,16.55,1.12,1.61,13.52,44049.0,0.271,3.0,Poverty
06095,Solano,CA,11.3,31.65,17.05,57.7,31.25,10439.19,97037.0,8.8,0.69,13.24,27.98,450995.0,0.197,1.0,Uninsured
06097,Sonoma,CA,9.65,29.0,16.5,59.85,26.1,11100.24,99266.0,8.79,0.69,1.55,27.97,488436.0,0.15,1.0,Uninsured
06099,Stanislaus,CA,11.55,31.2,18.95,54.7,36.5,11953.84,74872.0,13.61,0.83,2.85,48.62,552063.0,0.222,2.0,Poverty
06101,Sutter,CA,12.1,31.9,18.3,52.0,29.6,11781.68,72654.0,13.18,0.72,1.96,32.28,99101.0,0.233,2.0,Poverty
06103,Tehama,CA,11.8,33.2,19.6,56.8,31.7,10365.33,59029.0,16.01,1.09,0.96,26.85,65484.0,0.254,2.0,Poverty
06105,Trinity,CA,13.3,37.95,20.0,58.7,33.25,10413.53,47317.0,21.76,1.42,1.37,7.54,15889.0,0.344,4.0,Poverty
06107,Tulare,CA,13.1,31.3,18.95,48.15,35.15,13157.68,64474.0,18.25,0.77,1.63,66.1,473446.0,0.27,3.0,Poverty
06109,Tuolumne,CA,10.5,32.8,18.0,62.85,29.1,10859.13,70432.0,10.7,0.96,1.54,12.87,54993.0,0.203,1.0,Uninsured
06111,Ventura,CA,10.65,29.0,16.6,59.45,25.7,13510.99,102141.0,8.83,0.83,1.79,43.59,842009.0,0.168,1.0,Uninsured
06113,Yolo,CA,9.7,27.05,17.6,58.75,26.8,10985.35,85097.0,16.82,0.49,2.75,32.23,217141.0,0.172,1.0,Poverty
06115,Yuba,CA,11.15,30.7,19.45,55.95,30.85,11466.33,66693.0,15.15,1.47,3.56,29.81,81705.0,0.225,2.0,Poverty
08001,Adams,CO,9.8,27.65,17.0,53.95,33.1,12103.46,86297.0,9.54,1.55,3.5,41.36,520149.0,0.155,1.0,Uninsured
08003,Alamosa,CO,11.25,29.05,18.05,55.5,31.2,9725.18,52271.0,14.69,1.29,1.12,47.98,16460.0,0.211,2.0,Poverty
08005,Arapahoe,CO,8.25,27.2,16.05,59.9,26.0,13267.04,92292.0,7.91,1.53,10.97,20.19,654453.0,0.118,1.0,Uninsured
08007,Archuleta,CO,9.85,30.75,15.6,63.75,27.4,7919.7,66813.0,8.08,1.87,0.35,18.49,13509.0,0.174,1.0,Uninsured
08009,Baca,CO,11.7,33.85,18.95,57.3,30.1,12995.7,42115.0,22.34,0.37,0.31,12.07,3496.0,0.28,3.0,Poverty
08011,Bent,CO,13.9,35.4,18.75,49.8,33.85,9982.84,45776.0,20.61,0.34,4.84,32.76,5561.0,0.32,3.0,Poverty
08013,Boulder,CO,6.9,21.45,15.3,62.9,17.05,11224.12,99770.0,10.85,0.46,0.85,13.89,328658.0,0.056,1.0,Uninsured
08014,Broomfield,CO,6.8,23.7,14.55,64.45,22.2,12966.35,117541.0,4.98,0.77,1.33,13.18,73946.0,0.046,1.0,Uninsured
08015,Chaffee,CO,9.0,29.1,15.75,63.55,25.55,10580.29,65703.0,10.92,0.58,1.06,10.06,19564.0,0.149,1.0,Uninsured
08017,Cheyenne,CO,10.0,30.6,17.5,59.0,28.75,14249.02,65577.0,10.6,2.32,0.93,11.94,1726.0,0.192,1.0,Uninsured
08019,Clear Creek,CO,7.9,27.25,14.75,65.55,23.55,10880.57,87169.0,6.56,0.28,2.34,7.89,9403.0,0.093,1.0,Uninsured
08021,Conejos,CO,12.4,30.3,16.75,53.8,30.4,10117.86,44093.0,15.58,3.26,0.15,51.24,7553.0,0.263,2.0,Uninsured
08023,Costilla,CO,14.55,33.55,16.25,54.75,31.65,7427.89,34578.0,22.41,0.28,1.08,59.88,3534.0,0.326,3.0,Poverty
08025,Crowley,CO,11.15,31.3,17.8,49.95,31.6,9930.33,40685.0,18.61,0.03,4.13,32.81,5782.0,0.231,2.0,Poverty
08027,Custer,CO,10.1,32.4,16.15,63.8,26.45,9687.18,66250.0,7.7,4.89,1.43,6.41,4885.0,0.219,2.0,Uninsured
08029,Delta,CO,10.6,33.05,17.55,60.0,26.8,8786.26,56349.0,14.52,1.81,0.61,15.52,31173.0,0.233,2.0,Poverty
08031,Denver,CO,7.45,22.45,14.9,60.35,21.6,11756.41,85853.0,11.49,1.07,8.86,29.2,710800.0,0.082,1.0,Uninsured
08033,Dolores,CO,10.15,31.85,17.6,60.05,27.2,7557.95,64708.0,16.7,0.94,0.0,13.7,2329.0,0.218,2.0,Poverty
08035,Douglas,CO,6.4,24.75,14.5,65.15,24.95,12863.14,139010.0,3.0,0.71,1.46,9.48,360206.0,0.037,1.0,Uninsured
08037,Eagle,CO,8.0,24.1,14.95,61.6,23.95,9982.79,98887.0,8.01,1.34,0.98,29.44,55650.0,0.09,1.0,Uninsured
08039,Elbert,CO,7.9,27.3,15.95,64.7,24.45,11766.7,124360.0,4.25,0.64,0.29,8.23,26457.0,0.086,1.0,Uninsured
08041,El Paso,CO,8.55,27.9,17.85,60.0,28.4,11115.9,82748.0,8.94,1.26,6.0,18.21,730323.0,0.13,1.0,Uninsured
08043,Fremont,CO,10.35,30.2,17.6,57.85,30.5,9814.42,56165.0,12.38,0.53,3.89,13.66,49107.0,0.186,1.0,Poverty
08045,Garfield,CO,8.5,26.25,16.45,59.15,23.9,11415.81,82772.0,7.97,3.37,0.74,29.54,61683.0,0.133,1.0,Uninsured
08047,Gilpin,CO,8.45,28.1,15.5,62.65,24.8,14468.01,95902.0,9.19,0.56,0.15,9.58,5856.0,0.124,1.0,Uninsured
08049,Grand,CO,8.15,27.45,16.25,62.0,24.05,9024.95,79367.0,8.55,1.02,0.81,9.81,15724.0,0.116,1.0,Uninsured
08051,Gunnison,CO,7.1,24.4,16.0,60.0,24.25,9330.46,76538.0,10.26,0.16,1.07,9.96,17018.0,0.075,1.0,Poverty
08053,Hinsdale,CO,8.2,28.8,14.15,66.4,23.7,10683.82,58712.0,7.35,0.99,0.99,2.41,911.0,0.12,1.0,Uninsured
08055,Huerfano,CO,11.65,32.35,16.25,60.5,27.7,9526.39,49631.0,20.16,1.1,0.04,33.09,6896.0,0.265,2.0,Poverty
08057,Jackson,CO,11.85,34.2,17.95,56.45,29.75,7798.0,38686.0,20.76,1.74,0.62,11.46,1440.0,0.291,3.0,Poverty
08059,Jefferson,CO,7.75,26.3,15.15,63.25,23.0,11677.99,103167.0,6.58,0.72,1.14,15.76,580519.0,0.088,1.0,Uninsured
08061,Kiowa,CO,10.05,31.65,17.75,56.9,27.35,15690.31,45250.0,15.59,0.22,0.59,6.09,1347.0,0.203,1.0,Poverty
08063,Kit Carson,CO,10.25,30.5,18.15,58.25,29.55,13450.43,58992.0,9.26,3.28,0.03,18.94,7039.0,0.199,1.0,Uninsured
08065,Lake,CO,8.1,25.8,15.25,58.45,23.8,13738.26,78942.0,7.12,1.82,0.12,30.65,7403.0,0.104,1.0,Uninsured
08067,La Plata,CO,8.4,26.45,16.25,59.35,20.85,9566.62,81936.0,11.05,1.37,0.23,13.03,55983.0,0.128,1.0,Uninsured
08069,Larimer,CO,7.1,25.1,16.75,61.55,23.95,10807.02,87199.0,11.15,0.91,0.96,12.22,359363.0,0.092,1.0,Uninsured
08071,Las Animas,CO,12.05,31.9,17.05,57.0,32.7,8691.19,48965.0,18.22,0.62,1.12,40.82,14422.0,0.255,2.0,Poverty
08073,Lincoln,CO,10.1,30.8,17.7,58.3,29.85,14206.57,59167.0,8.69,0.93,6.56,14.81,5583.0,0.172,1.0,Uninsured
08075,Logan,CO,10.5,32.05,18.55,57.8,30.0,11114.44,54864.0,10.95,0.63,1.12,16.83,21302.0,0.196,1.0,Uninsured
08077,Mesa,CO,8.95,28.85,17.25,61.35,29.95,9721.81,68077.0,11.17,1.42,0.71,15.14,156131.0,0.155,1.0,Uninsured
08079,Mineral,CO,8.9,30.05,15.0,65.5,25.4,8302.34,58929.0,11.21,1.64,0.0,2.64,794.0,0.166,1.0,Uninsured
08081,Moffat,CO,10.0,30.45,18.45,59.5,28.4,11046.07,63983.0,14.71,1.59,0.37,16.54,13232.0,0.203,1.0,Poverty
08083,Montezuma,CO,10.35,30.45,17.7,58.95,28.45,9743.94,61377.0,12.39,3.28,1.28,12.98,26070.0,0.215,2.0,Uninsured
08085,Montrose,CO,10.0,30.3,16.8,58.2,27.6,9187.59,62817.0,11.45,2.93,0.4,20.85,42823.0,0.2,1.0,Uninsured
08087,Morgan,CO,10.4,30.35,17.75,55.05,32.2,10717.96,70471.0,12.61,2.95,3.2,36.85,29045.0,0.213,2.0,Uninsured
08089,Otero,CO,13.1,32.9,18.4,54.9,34.85,12402.76,47500.0,23.41,1.08,1.27,42.88,18580.0,0.309,3.0,Poverty
08091,Ouray,CO,8.3,29.1,14.3,64.9,23.05,8219.54,78750.0,4.84,0.77,2.13,4.17,4936.0,0.11,1.0,Uninsured
08093,Park,CO,8.7,28.95,15.5,61.9,23.0,9278.45,85019.0,6.73,0.68,0.52,6.67,17597.0,0.124,1.0,Uninsured
08095,Phillips,CO,10.75,31.2,17.65,55.9,29.15,14808.75,58474.0,13.62,1.96,0.0,28.22,4493.0,0.22,2.0,Uninsured
08097,Pitkin,CO,7.45,26.05,14.0,64.15,20.5,12920.98,96123.0,6.64,0.43,0.43,10.76,17325.0,0.079,1.0,Uninsured
08099,Prowers,CO,11.7,30.6,18.15,56.55,29.5,11682.21,49422.0,17.02,0.7,1.33,39.48,11968.0,0.235,2.0,Poverty
08101,Pueblo,CO,11.35,30.15,17.85,55.45,32.2,11577.27,59436.0,16.22,0.59,2.01,43.63,168135.0,0.221,2.0,Poverty
08103,Rio Blanco,CO,8.8,29.0,17.55,60.05,26.7,13686.31,69882.0,12.27,2.69,0.29,11.07,6511.0,0.172,1.0,Uninsured
08105,Rio Grande,CO,10.9,30.5,16.4,58.3,27.8,10426.72,57591.0,10.06,2.04,0.42,44.45,11442.0,0.201,1.0,Uninsured
08107,Routt,CO,7.55,25.9,15.35,63.45,23.35,8207.98,95144.0,7.88,1.3,0.19,7.24,24944.0,0.094,1.0,Uninsured
08109,Saguache,CO,12.9,33.75,16.95,59.4,28.95,6934.29,51946.0,17.4,1.53,1.27,35.51,6454.0,0.288,3.0,Poverty
08111,San Juan,CO,9.0,29.2,15.25,57.85,26.1,8469.03,67344.0,19.13,0.0,0.0,18.26,690.0,0.182,1.0,Poverty
08113,San Miguel,CO,7.9,26.7,14.8,60.45,25.8,7849.91,72829.0,8.44,0.82,0.54,11.38,8082.0,0.103,1.0,Uninsured
08115,Sedgwick,CO,11.0,32.9,17.15,59.95,28.25,11589.0,45855.0,15.85,0.33,0.5,19.45,2391.0,0.23,2.0,Poverty
08117,Summit,CO,7.55,25.45,15.45,64.15,24.05,8872.53,100611.0,7.35,0.39,0.3,14.75,30955.0,0.079,1.0,Uninsured
08119,Teller,CO,8.65,29.35,15.6,65.45,23.75,9591.5,69655.0,6.98,0.3,0.86,7.94,24758.0,0.123,1.0,Uninsured
08121,Washington,CO,9.35,29.6,17.35,60.6,26.5,11424.59,59087.0,9.26,1.2,1.54,10.86,4817.0,0.156,1.0,Uninsured
08123,Weld,CO,9.4,27.6,17.2,56.9,33.7,11891.59,89182.0,9.48,1.31,1.41,30.35,331466.0,0.145,1.0,Uninsured
08125,Yuma,CO,10.05,29.25,17.5,55.95,28.55,12299.83,60118.0,13.63,4.35,0.17,25.68,9938.0,0.217,2.0,Uninsured
09110,Capitol,CT,10.1,30.75,16.95,69.3,32.15,12861.2,88190.0,10.37,0.5,12.65,17.86,977165.0,0.176,1.0,Uninsured
09120,Greater Bridgeport,CT,9.75,29.45,16.05,67.8,28.25,12868.65,83147.0,12.92,0.8,11.96,20.37,326381.0,0.175,1.0,Poverty
09130,Lower Connecticut River Valley,CT,8.35,30.95,15.45,70.75,29.4,12476.68,99742.0,6.26,0.23,4.96,7.02,175244.0,0.126,1.0,Uninsured
09140,Naugatuck Valley,CT,9.7,30.7,16.85,68.85,31.6,13585.79,82939.0,10.08,0.48,11.55,19.07,451887.0,0.167,1.0,Uninsured
09150,Northeastern Connecticut,CT,9.15,32.35,17.85,69.1,32.85,12725.56,83119.0,8.73,0.33,1.68,11.83,95687.0,0.162,1.0,Uninsured
09160,Northwest Hills,CT,8.95,29.5,16.4,69.05,28.7,11988.13,87971.0,9.28,0.49,4.75,10.85,112696.0,0.142,1.0,Uninsured
09170,South Central Connecticut,CT,9.8,31.4,16.45,69.95,33.65,14337.99,83617.0,11.3,0.62,13.37,18.84,571298.0,0.181,1.0,Poverty
09180,Southeastern Connecticut,CT,9.4,32.6,17.1,69.25,32.8,12682.37,80330.0,9.5,0.45,5.78,11.37,280293.0,0.173,1.0,Uninsured
09190,Western Connecticut,CT,7.95,26.55,14.4,69.7,25.15,12535.04,118930.0,7.36,1.05,10.04,20.12,620666.0,0.1,1.0,Uninsured
10001,Kent,DE,13.35,37.75,18.2,63.75,43.7,12928.03,69278.0,11.98,1.28,26.04,7.76,182400.0,0.297,3.0,Diabetes
10003,New Castle,DE,11.45,33.65,15.9,63.45,33.4,12794.74,85309.0,10.23,0.73,25.31,10.81,570567.0,0.221,2.0,Uninsured
10005,Sussex,DE,12.0,38.1,15.15,63.55,34.0,11797.54,75406.0,11.46,0.79,10.96,9.49,240668.0,0.269,3.0,Hypertension
11001,District of Columbia,DC,8.15,29.4,13.9,67.7,24.9,,101722.0,14.62,0.5,44.3,11.51,670587.0,0.153,1.0,Poverty
12001,Alachua,FL,10.85,31.7,18.0,61.55,32.15,12535.01,57566.0,18.97,0.97,19.44,10.86,279729.0,0.24,2.0,Poverty
12003,Baker,FL,11.65,35.45,19.35,60.95,35.2,14445.03,67872.0,12.15,2.52,11.87,3.16,27969.0,0.264,2.0,Uninsured
12005,Bay,FL,10.95,35.6,18.3,63.0,33.3,13804.73,65999.0,12.02,2.07,10.3,7.17,181055.0,0.248,2.0,Uninsured
12007,Bradford,FL,13.4,36.55,20.4,55.45,34.95,14741.92,54759.0,15.65,1.98,18.04,4.73,27816.0,0.313,3.0,Diabetes
12009,Brevard,FL,11.55,35.15,16.9,67.55,34.1,13658.84,71308.0,9.98,1.38,9.84,11.36,610723.0,0.239,2.0,Uninsured
12011,Broward,FL,12.45,34.2,16.25,61.95,30.5,16361.87,70331.0,12.31,1.98,28.37,31.45,1940907.0,0.264,2.0,Uninsured
12013,Calhoun,FL,14.0,38.1,20.25,58.6,39.95,13991.47,41526.0,17.26,2.91,12.45,6.35,13753.0,0.351,4.0,Diabetes
12015,Charlotte,FL,12.7,38.05,16.4,65.0,31.1,13829.79,62164.0,10.26,0.96,5.16,8.04,189900.0,0.276,3.0,Hypertension
12017,Citrus,FL,13.0,36.3,17.9,62.9,32.6,13185.64,52569.0,14.71,1.09,2.31,6.43,155173.0,0.291,3.0,Diabetes
12019,Clay,FL,11.25,34.9,18.15,64.45,34.7,14141.36,82242.0,9.27,1.45,11.48,10.79,219650.0,0.229,2.0,Uninsured
12021,Collier,FL,11.6,33.65,14.75,66.15,27.3,13757.39,82011.0,10.29,1.54,6.46,28.62,380221.0,0.232,2.0,Uninsured
12023,Columbia,FL,13.75,38.9,19.0,57.85,39.7,12896.26,53501.0,14.6,2.04,16.84,6.77,69832.0,0.331,3.0,Hypertension
12027,DeSoto,FL,16.15,39.55,19.7,57.85,41.4,13949.9,45000.0,25.11,1.35,12.4,32.05,34258.0,0.419,4.0,Poverty
12029,Dixie,FL,14.2,39.6,20.4,57.3,34.75,15255.8,45057.0,14.61,1.72,8.16,4.49,16737.0,0.341,4.0,Diabetes
12031,Duval,FL,12.3,34.55,18.45,64.45,34.3,15050.73,65579.0,13.99,1.66,29.18,11.03,995708.0,0.269,3.0,Uninsured
12033,Escambia,FL,12.1,37.45,18.5,60.35,36.1,14518.46,61642.0,13.97,1.51,21.66,6.11,321296.0,0.285,3.0,Hypertension
12035,Flagler,FL,11.5,34.05,16.3,66.9,30.75,13374.06,69251.0,9.69,2.24,9.18,11.24,117515.0,0.237,2.0,Uninsured
12037,Franklin,FL,13.25,39.65,18.05,60.25,32.35,10963.8,58107.0,18.94,3.09,10.93,5.49,12276.0,0.359,4.0,Hypertension
12039,Gadsden,FL,17.4,41.8,19.6,63.0,44.55,11847.93,45721.0,23.91,2.14,54.96,11.14,43746.0,0.459,4.0,Diabetes
12041,Gilchrist,FL,11.5,33.6,19.1,62.6,34.6,12697.47,56823.0,11.7,1.54,3.24,6.23,18070.0,0.236,2.0,Uninsured
12043,Glades,FL,16.05,40.75,19.15,58.15,37.5,13984.54,37221.0,19.56,3.97,15.53,22.17,12179.0,0.426,4.0,Diabetes
12045,Gulf,FL,12.5,37.25,17.65,63.4,35.2,13687.91,56250.0,10.15,0.69,15.1,3.93,15002.0,0.264,2.0,Hypertension
12047,Hamilton,FL,16.15,41.95,20.5,54.9,41.75,12995.19,47668.0,20.92,1.62,32.63,10.71,13492.0,0.42,4.0,Diabetes
12049,Hardee,FL,15.0,35.75,19.3,53.8,40.25,15558.81,44665.0,26.37,1.23,6.53,44.3,25528.0,0.377,4.0,Poverty
12051,Hendry,FL,16.45,36.7,18.6,56.0,37.65,14547.64,49259.0,21.88,2.83,10.67,57.11,39902.0,0.403,4.0,Diabetes
12053,Hernando,FL,13.05,34.55,17.9,62.35,36.25,15281.98,59202.0,12.27,1.59,5.19,15.61,196621.0,0.273,3.0,Diabetes
12055,Highlands,FL,15.45,39.95,17.55,60.45,37.55,14788.41,53679.0,15.38,1.67,9.17,21.55,102339.0,0.368,4.0,Diabetes
12057,Hillsborough,FL,12.0,33.55,16.6,62.15,31.55,15556.4,70612.0,13.44,1.32,16.43,29.92,1468560.0,0.251,2.0,Poverty
12059,Holmes,FL,13.2,38.4,20.25,56.6,36.4,13595.22,46063.0,15.1,2.66,6.57,3.23,19529.0,0.327,3.0,Hypertension
12061,Indian River,FL,11.9,34.25,15.75,66.75,27.05,13846.06,67543.0,11.32,1.14,8.17,13.19,160986.0,0.242,2.0,Uninsured
12063,Jackson,FL,14.35,39.55,19.7,61.85,38.8,14313.96,46144.0,16.32,1.62,25.78,5.15,47704.0,0.35,4.0,Diabetes
12065,Jefferson,FL,14.25,42.35,18.3,61.9,35.0,11732.24,51573.0,16.7,0.37,32.14,4.47,14458.0,0.358,4.0,Hypertension
12067,Lafayette,FL,13.7,37.7,20.35,58.35,34.95,13408.94,57852.0,16.11,2.0,15.63,13.35,8107.0,0.329,3.0,Diabetes
12069,Lake,FL,12.7,34.95,16.8,62.55,35.55,14682.0,66239.0,9.56,1.48,10.15,17.4,386829.0,0.256,2.0,Diabetes
12071,Lee,FL,12.65,35.2,15.95,62.2,30.8,13351.36,69368.0,11.53,1.81,8.04,23.13,772902.0,0.27,3.0,Uninsured
12073,Leon,FL,10.95,33.7,17.95,65.95,34.35,11975.45,61317.0,18.34,0.95,30.95,6.93,294128.0,0.253,2.0,Poverty
12075,Levy,FL,14.0,38.4,19.75,59.35,33.8,12089.15,49933.0,15.53,1.86,8.54,9.23,43268.0,0.335,3.0,Diabetes
12077,Liberty,FL,13.65,38.3,19.85,60.0,44.35,12414.78,51723.0,17.85,1.27,15.03,7.83,7704.0,0.333,3.0,Poverty
12079,Madison,FL,15.05,40.7,19.65,60.8,37.95,12498.78,43386.0,20.08,0.84,36.37,6.33,17986.0,0.38,4.0,Diabetes
12081,Manatee,FL,12.05,34.95,16.35,66.85,32.4,13644.63,71385.0,10.04,1.67,8.11,16.87,405069.0,0.249,2.0,Uninsured
12083,Marion,FL,12.9,36.45,17.9,64.95,36.75,13450.65,55265.0,13.99,1.67,12.35,15.02,378225.0,0.293,3.0,Diabetes
12085,Martin,FL,11.5,31.85,15.8,66.45,27.45,14384.06,77894.0,10.28,1.07,5.42,14.29,159399.0,0.213,2.0,Uninsured
12086,Miami-Dade,FL,14.35,32.05,14.8,58.85,29.4,19226.65,64215.0,15.03,1.55,15.86,68.77,2688237.0,0.289,3.0,Diabetes
12087,Monroe,FL,11.45,34.0,15.4,62.55,25.65,13279.55,80111.0,11.55,1.02,6.97,25.68,82044.0,0.233,2.0,Uninsured
12089,Nassau,FL,10.1,33.2,16.75,69.35,33.55,12780.59,84085.0,9.11,0.83,5.48,5.0,91538.0,0.191,1.0,Uninsured
12091,Okaloosa,FL,10.2,31.5,17.7,65.4,30.75,13686.59,73988.0,9.9,1.73,9.43,10.05,212021.0,0.193,1.0,Uninsured
12093,Okeechobee,FL,14.2,38.6,19.45,57.1,44.0,15724.85,50476.0,17.84,2.47,8.13,26.74,39870.0,0.356,4.0,Diabetes
12095,Orange,FL,11.6,31.85,16.3,59.8,33.5,15293.47,72629.0,13.13,1.57,20.42,32.92,1427403.0,0.233,2.0,Uninsured
12097,Osceola,FL,13.05,34.25,16.8,57.2,39.6,14907.52,64312.0,13.32,1.53,10.9,56.07,393745.0,0.275,3.0,Diabetes
12099,Palm Beach,FL,12.15,32.85,15.35,64.05,26.95,15916.37,76066.0,11.17,1.91,18.51,23.46,1494805.0,0.243,2.0,Uninsured
12101,Pasco,FL,11.55,35.25,17.2,63.55,31.8,15236.2,63187.0,11.63,1.24,5.98,17.43,569211.0,0.246,2.0,Uninsured
12103,Pinellas,FL,11.45,33.4,16.6,65.1,31.6,15232.51,66406.0,11.24,1.05,10.04,10.41,959918.0,0.227,2.0,Uninsured
12105,Polk,FL,12.7,34.3,18.3,58.2,40.4,14769.45,60901.0,14.5,1.67,14.86,26.19,736229.0,0.276,3.0,Diabetes
12107,Putnam,FL,15.45,39.6,20.55,59.35,33.2,13721.91,44852.0,22.43,1.62,15.79,10.5,73604.0,0.398,4.0,Diabetes
12109,St. Johns,FL,9.4,31.5,15.2,69.5,28.95,13471.61,100020.0,6.72,1.32,5.51,7.98,278722.0,0.16,1.0,Uninsured
12111,St. Lucie,FL,12.85,36.35,17.4,62.1,31.7,14819.53,66154.0,12.35,1.81,20.43,20.64,334682.0,0.285,3.0,Diabetes
12113,Santa Rosa,FL,10.1,33.55,17.65,66.6,31.9,13172.9,84715.0,8.68,1.28,5.85,6.17,188994.0,0.196,1.0,Uninsured
12115,Sarasota,FL,10.7,35.1,15.2,66.65,29.75,13905.15,77213.0,7.99,1.56,4.26,9.87,439392.0,0.217,2.0,Uninsured
12117,Seminole,FL,10.4,30.8,15.4,65.05,29.4,15596.53,79490.0,9.5,1.21,11.77,22.95,471321.0,0.184,1.0,Uninsured
12119,Sumter,FL,12.55,38.95,14.0,71.4,30.75,13701.73,70105.0,8.68,0.86,7.08,6.12,131832.0,0.272,3.0,Hypertension
12121,Suwannee,FL,13.45,37.8,19.05,60.65,38.45,12558.02,49729.0,13.67,1.62,11.32,10.36,43881.0,0.31,3.0,Diabetes
12123,Taylor,FL,14.35,41.35,19.9,59.8,40.85,12004.72,46239.0,12.96,0.07,20.41,4.15,21421.0,0.332,3.0,Hypertension
12125,Union,FL,13.7,39.6,19.9,58.45,41.55,16004.5,64043.0,10.67,1.16,16.72,5.73,15524.0,0.308,3.0,Hypertension
12127,Volusia,FL,11.9,35.5,17.75,65.2,32.95,14480.26,63075.0,11.88,1.43,10.73,15.64,558520.0,0.257,2.0,Uninsured
12129,Wakulla,FL,11.7,35.6,18.1,65.5,38.55,11405.01,72035.0,5.6,0.92,14.55,4.26,33732.0,0.22,2.0,Hypertension
12131,Walton,FL,11.0,33.35,17.2,64.5,29.85,12578.52,74832.0,10.31,2.58,3.68,6.61,76618.0,0.23,2.0,Uninsured
12133,Washington,FL,13.85,40.0,20.35,55.8,39.95,13551.39,47536.0,20.17,2.19,14.2,4.36,25014.0,0.369,4.0,Poverty
13001,Appling,GA,16.0,41.15,20.25,56.15,40.65,13478.69,43268.0,24.82,1.14,18.16,10.29,18441.0,0.425,4.0,Poverty
13003,Atkinson,GA,17.25,41.45,20.9,54.2,43.95,10477.86,38007.0,27.42,1.28,15.23,27.32,8265.0,0.462,4.0,Diabetes
13005,Bacon,GA,13.95,38.65,20.0,58.7,36.9,12855.7,43938.0,20.45,1.6,15.07,8.69,11138.0,0.356,4.0,Poverty
13007,Baker,GA,19.9,47.0,19.6,60.65,43.3,10866.28,45417.0,23.14,0.21,34.09,0.83,2878.0,0.516,4.0,Diabetes
13009,Baldwin,GA,14.9,39.85,19.15,64.0,39.8,12670.55,54699.0,20.25,1.24,41.77,2.65,43778.0,0.376,4.0,Diabetes
13011,Banks,GA,12.65,36.8,18.9,61.0,34.35,11915.69,69096.0,13.12,1.96,2.94,7.67,18381.0,0.29,3.0,Uninsured
13013,Barrow,GA,11.9,35.1,17.8,61.75,35.05,13061.51,75053.0,9.49,2.54,12.62,13.19,84399.0,0.254,2.0,Uninsured
13015,Bartow,GA,11.4,35.55,18.2,58.5,38.55,12533.09,74812.0,10.69,1.88,10.86,9.59,109410.0,0.248,2.0,Uninsured
13017,Ben Hill,GA,17.55,44.2,20.5,57.95,41.5,11628.43,38255.0,25.87,2.09,37.34,6.53,17169.0,0.487,4.0,Diabetes
13019,Berrien,GA,14.75,39.45,20.55,57.5,38.05,11885.36,48670.0,22.91,2.55,10.28,5.66,18187.0,0.396,4.0,Poverty
13021,Bibb,GA,16.05,43.3,19.5,57.4,44.85,14040.96,48897.0,24.04,1.31,54.31,3.74,156554.0,0.439,4.0,Hypertension
13023,Bleckley,GA,13.75,38.45,19.5,60.05,38.0,12865.6,56021.0,15.35,0.32,26.25,3.42,12413.0,0.315,3.0,Diabetes
13025,Brantley,GA,13.15,37.9,20.4,59.2,38.85,12488.96,40166.0,16.2,0.39,3.68,2.62,18105.0,0.305,3.0,Hypertension
13027,Brooks,GA,17.85,44.3,19.8,57.35,40.2,11982.11,42263.0,26.28,0.97,35.57,7.61,16275.0,0.484,4.0,Diabetes
13029,Bryan,GA,9.9,32.65,16.7,64.5,33.15,10963.08,90627.0,7.11,1.42,13.46,8.15,44995.0,0.18,1.0,Uninsured
13031,Bulloch,GA,12.2,36.95,19.65,60.35,40.3,12752.02,53675.0,20.76,0.86,27.69,4.45,79829.0,0.308,3.0,Poverty
13033,Burke,GA,16.75,43.35,20.05,60.2,39.95,11131.37,50321.0,17.05,0.79,45.59,3.55,24337.0,0.413,4.0,Diabetes
13035,Butts,GA,13.2,38.55,19.0,61.55,38.2,13115.95,60076.0,14.15,1.27,27.76,3.68,25522.0,0.31,3.0,Hypertension
13037,Calhoun,GA,17.8,45.9,19.35,56.1,43.6,14150.22,48663.0,18.0,1.13,61.94,5.61,5594.0,0.457,4.0,Diabetes
13039,Camden,GA,12.0,35.2,18.3,60.7,37.55,12182.92,68104.0,15.68,0.93,17.89,7.47,55105.0,0.269,3.0,Poverty
13043,Candler,GA,15.2,40.5,19.55,53.45,42.25,16035.6,45519.0,17.79,3.68,22.52,12.22,10946.0,0.399,4.0,Diabetes
13045,Carroll,GA,12.5,36.3,18.8,61.35,34.45,13003.81,66895.0,16.36,0.96,20.18,7.45,120060.0,0.289,3.0,Poverty
13047,Catoosa,GA,11.4,34.0,17.8,62.95,34.0,12803.28,68896.0,8.83,1.56,2.27,3.39,68052.0,0.224,2.0,Uninsured
13049,Charlton,GA,15.75,40.65,19.3,57.05,41.45,12079.81,45770.0,18.98,0.78,28.7,6.01,12547.0,0.386,4.0,Diabetes
13051,Chatham,GA,12.6,37.9,16.8,64.05,33.2,12530.0,66171.0,13.46,1.73,40.18,6.78,296266.0,0.296,3.0,Hypertension
13053,Chattahoochee,GA,10.85,32.15,19.35,58.75,38.2,10941.96,52943.0,9.66,0.01,16.83,17.59,9402.0,0.19,1.0,Uninsured
13055,Chattooga,GA,14.75,39.75,20.65,56.95,35.15,12345.76,43556.0,18.44,0.89,9.58,5.69,24902.0,0.361,4.0,Diabetes
13057,Cherokee,GA,10.25,32.45,16.4,64.85,33.3,12665.72,100824.0,6.58,1.74,7.1,11.15,268567.0,0.185,1.0,Uninsured
13059,Clarke,GA,12.1,33.8,18.75,60.6,31.95,12421.57,48692.0,24.47,1.64,26.66,11.03,128864.0,0.309,3.0,Poverty
13061,Clay,GA,18.8,47.65,18.85,60.7,41.75,17307.34,43264.0,25.22,1.47,61.19,0.42,2855.0,0.524,4.0,Diabetes
13063,Clayton,GA,16.15,41.55,19.1,61.45,45.0,12301.19,56207.0,16.64,3.45,70.17,13.44,296312.0,0.415,4.0,Diabetes
13065,Clinch,GA,16.05,41.75,20.7,53.7,41.8,16620.73,53350.0,32.01,3.6,26.49,5.72,6713.0,0.488,4.0,Poverty
13067,Cobb,GA,10.5,31.4,15.15,63.0,29.75,12158.74,94244.0,8.17,2.0,27.48,13.45,765813.0,0.192,1.0,Uninsured
13069,Coffee,GA,15.55,40.7,20.6,54.8,39.35,11674.64,48398.0,18.73,1.93,28.74,12.3,43056.0,0.393,4.0,Diabetes
13071,Colquitt,GA,15.75,41.4,20.0,56.2,35.75,13470.31,47235.0,24.06,4.13,22.75,20.11,45813.0,0.448,4.0,Poverty
13073,Columbia,GA,11.3,35.4,16.4,65.9,32.95,10968.09,92571.0,7.16,1.01,16.93,7.33,156921.0,0.22,2.0,Hypertension
13075,Cook,GA,15.45,40.8,20.4,59.6,37.6,13736.68,46706.0,21.42,1.74,27.0,6.6,17242.0,0.403,4.0,Diabetes
13077,Coweta,GA,11.6,34.15,16.45,67.2,35.45,12537.87,90031.0,8.28,1.37,18.04,7.59,147449.0,0.224,2.0,Uninsured
13079,Crawford,GA,13.8,39.25,18.6,60.5,37.1,12490.18,56948.0,16.35,1.19,22.02,3.89,12156.0,0.335,3.0,Hypertension
13081,Crisp,GA,17.7,44.85,20.2,61.45,44.75,13150.52,47463.0,22.95,1.08,44.78,4.01,20255.0,0.471,4.0,Diabetes
13083,Dade,GA,11.4,35.25,18.4,63.25,35.15,11739.88,59531.0,6.07,1.93,0.98,2.58,16239.0,0.224,2.0,Uninsured
13085,Dawson,GA,10.6,33.45,16.7,65.4,31.55,12752.46,84516.0,9.59,1.2,1.31,5.82,27355.0,0.207,1.0,Uninsured
13087,Decatur,GA,16.55,42.85,20.1,59.5,42.3,13194.12,47383.0,23.41,1.35,40.21,6.68,29063.0,0.442,4.0,Diabetes
13089,DeKalb,GA,12.65,36.85,15.9,65.5,31.65,12182.29,76044.0,13.18,1.61,52.77,8.53,761209.0,0.287,3.0,Hypertension
13091,Dodge,GA,15.3,42.2,19.5,60.85,40.4,12706.09,46091.0,20.47,0.56,30.34,4.08,19977.0,0.394,4.0,Hypertension
13093,Dooly,GA,16.75,44.55,18.2,60.05,41.05,11874.64,54109.0,17.28,3.15,47.7,7.4,11236.0,0.446,4.0,Diabetes
13095,Dougherty,GA,18.05,45.8,19.65,61.45,42.3,11287.33,45640.0,25.27,1.71,69.93,3.16,85038.0,0.501,4.0,Diabetes
13097,Douglas,GA,13.15,36.75,17.3,61.2,36.1,12632.42,76930.0,11.45,1.8,48.94,10.72,144735.0,0.289,3.0,Diabetes
13099,Early,GA,17.15,44.5,19.85,59.05,40.9,13505.87,48355.0,21.91,0.48,52.87,2.14,10753.0,0.448,4.0,Diabetes
13101,Echols,GA,12.95,34.9,18.2,59.2,38.05,9392.95,61184.0,14.97,5.93,4.13,31.0,3707.0,0.329,3.0,Uninsured
13103,Effingham,GA,10.95,33.9,17.45,63.35,37.55,11260.25,79474.0,6.57,1.16,13.73,5.51,65314.0,0.202,1.0,Uninsured
13105,Elbert,GA,14.95,41.1,19.0,59.2,38.25,12583.57,48190.0,18.67,0.8,27.59,6.19,19570.0,0.374,4.0,Diabetes
13107,Emanuel,GA,15.55,42.55,20.2,59.6,42.75,13027.24,47905.0,20.4,1.05,32.06,4.78,22907.0,0.406,4.0,Hypertension
13109,Evans,GA,15.8,41.55,19.85,58.3,42.5,11864.24,55222.0,20.23,2.31,27.39,12.06,10759.0,0.414,4.0,Diabetes
13111,Fannin,GA,13.8,39.1,17.6,65.35,38.2,11011.81,54857.0,11.69,2.3,0.27,2.78,25436.0,0.323,3.0,Hypertension
13113,Fayette,GA,11.3,34.15,14.6,64.8,30.65,11658.65,105910.0,5.22,1.6,24.93,7.73,119259.0,0.207,1.0,Uninsured
13115,Floyd,GA,13.35,37.25,18.95,62.55,37.5,13758.56,57868.0,16.78,1.54,13.93,11.82,98541.0,0.318,3.0,Poverty
13117,Forsyth,GA,9.35,29.05,13.45,63.75,27.25,12902.88,131660.0,4.58,1.51,4.1,9.61,253225.0,0.134,1.0,Uninsured
13119,Franklin,GA,13.55,38.6,19.6,58.55,39.2,11061.43,52597.0,17.73,2.35,9.19,5.29,23480.0,0.344,4.0,Poverty
13121,Fulton,GA,10.8,33.4,15.35,66.95,28.15,12498.78,86267.0,12.13,1.25,43.39,7.3,1061944.0,0.222,2.0,Uninsured
13123,Gilmer,GA,13.0,37.15,17.3,58.75,34.15,11594.25,70334.0,14.7,2.58,0.76,12.42,31519.0,0.312,3.0,Uninsured
13125,Glascock,GA,13.15,37.95,19.5,59.7,37.4,14155.64,60469.0,15.09,0.07,10.58,1.27,2903.0,0.297,3.0,Hypertension
13127,Glynn,GA,13.65,40.75,17.35,62.65,35.3,11792.36,65970.0,16.13,1.66,24.72,6.84,84566.0,0.346,4.0,Hypertension
13129,Gordon,GA,13.05,36.6,19.1,60.25,35.15,12256.94,57555.0,13.87,2.0,3.58,16.8,57785.0,0.299,3.0,Diabetes
13131,Grady,GA,15.6,41.2,19.25,58.55,38.5,11916.49,51929.0,19.64,2.68,29.28,11.86,26075.0,0.409,4.0,Diabetes
13133,Greene,GA,13.25,39.7,15.55,64.65,34.1,11407.06,77527.0,12.8,2.54,31.38,6.57,19020.0,0.325,3.0,Hypertension
13135,Gwinnett,GA,12.3,33.05,15.5,60.55,34.7,12458.24,82296.0,10.05,2.68,28.46,21.82,957977.0,0.25,2.0,Uninsured
13137,Habersham,GA,12.0,35.15,18.15,61.2,32.45,11113.27,61292.0,12.83,2.02,3.47,16.3,46326.0,0.266,3.0,Uninsured
13139,Hall,GA,12.5,34.95,17.05,61.1,32.4,12672.92,74153.0,13.37,2.88,6.83,29.32,204953.0,0.284,3.0,Uninsured
13141,Hancock,GA,20.55,49.85,19.75,61.1,44.95,12652.8,31767.0,22.5,0.23,71.68,0.71,8588.0,0.545,4.0,Diabetes
13143,Haralson,GA,11.8,35.7,19.4,62.5,36.0,13748.8,65940.0,12.38,0.66,4.67,2.2,30178.0,0.251,2.0,Hypertension
13145,Harris,GA,11.25,34.6,16.05,66.95,32.7,11670.87,85936.0,7.41,0.48,15.56,4.44,34914.0,0.209,1.0,Hypertension
13147,Hart,GA,13.6,38.75,18.2,61.65,35.15,11813.66,61765.0,10.5,1.93,17.64,3.94,26110.0,0.308,3.0,Hypertension
13149,Heard,GA,13.1,37.35,19.75,59.35,35.45,11318.59,62965.0,16.42,1.78,8.53,3.19,11489.0,0.315,3.0,Poverty
13151,Henry,GA,12.9,38.1,17.05,64.05,44.95,12555.74,79663.0,8.38,2.02,48.66,7.61,240853.0,0.282,3.0,Hypertension
13153,Houston,GA,12.65,37.95,17.25,62.55,39.6,12713.25,76968.0,9.62,2.06,31.67,6.77,164117.0,0.283,3.0,Hypertension
13155,Irwin,GA,14.85,40.7,19.45,60.85,40.35,12201.46,46383.0,21.38,4.21,26.27,4.14,9487.0,0.416,4.0,Poverty
13157,Jackson,GA,11.0,33.5,17.25,59.0,32.75,12129.85,82056.0,8.05,2.0,7.11,9.22,77033.0,0.215,2.0,Uninsured
13159,Jasper,GA,13.35,37.85,18.8,62.3,36.85,11891.88,57374.0,13.19,1.4,18.53,4.08,14882.0,0.304,3.0,Diabetes
13161,Jeff Davis,GA,15.4,39.5,20.6,54.05,40.4,13787.76,41780.0,22.49,3.07,15.58,13.16,14791.0,0.411,4.0,Diabetes
13163,Jefferson,GA,17.0,44.75,20.05,58.8,41.3,13780.98,46865.0,18.76,2.66,52.2,4.02,15591.0,0.454,4.0,Diabetes
13165,Jenkins,GA,17.25,44.1,20.8,55.45,42.55,11687.29,31463.0,24.85,1.28,34.88,7.51,8704.0,0.469,4.0,Diabetes
13167,Johnson,GA,16.65,45.25,19.85,54.95,43.5,13328.36,47796.0,19.1,1.47,32.86,2.94,9225.0,0.442,4.0,Hypertension
13169,Jones,GA,13.2,37.9,18.55,62.2,39.6,13327.0,66288.0,14.15,0.29,24.62,2.04,28382.0,0.296,3.0,Hypertension
13171,Lamar,GA,12.85,37.45,18.85,62.15,36.85,11620.25,64966.0,10.53,1.07,26.9,2.9,18676.0,0.277,3.0,Hypertension
13173,Lanier,GA,15.25,40.45,20.1,57.0,40.9,10568.42,39971.0,31.25,1.57,23.16,7.31,9964.0,0.441,4.0,Poverty
13175,Laurens,GA,15.15,43.05,19.45,59.55,44.05,13114.33,46776.0,23.93,1.85,37.44,2.91,49407.0,0.427,4.0,Hypertension
13177,Lee,GA,11.25,35.75,16.95,61.0,38.9,11930.91,83632.0,8.5,0.93,23.74,3.28,32968.0,0.227,2.0,Hypertension
13179,Liberty,GA,12.75,36.7,18.8,60.9,33.1,9953.52,55149.0,14.76,2.0,41.12,12.66,65550.0,0.299,3.0,Uninsured
13181,Lincoln,GA,15.7,42.5,18.9,64.55,38.0,12048.64,50754.0,17.97,1.01,28.15,2.21,7726.0,0.396,4.0,Diabetes
13183,Long,GA,12.7,36.8,19.5,60.05,38.15,11338.7,56819.0,15.44,1.3,23.6,11.69,16804.0,0.295,3.0,Poverty
13185,Lowndes,GA,13.15,36.6,19.15,59.4,39.45,11892.93,52821.0,19.88,1.83,36.9,6.22,118257.0,0.327,3.0,Poverty
13187,Lumpkin,GA,11.15,33.3,18.45,63.45,29.95,11712.06,67592.0,13.64,1.21,1.32,5.2,33405.0,0.234,2.0,Poverty
13189,McDuffie,GA,15.25,41.9,19.25,63.05,39.0,13304.75,54752.0,15.8,1.14,41.16,3.53,21715.0,0.375,4.0,Hypertension
13191,McIntosh,GA,17.45,45.6,19.25,60.35,40.8,12452.87,51262.0,20.03,1.27,31.73,2.59,11183.0,0.46,4.0,Diabetes
13193,Macon,GA,19.8,47.65,20.1,55.4,43.85,11499.51,33960.0,21.91,2.47,60.15,4.73,12099.0,0.536,4.0,Diabetes
13195,Madison,GA,13.55,37.8,19.4,58.05,37.95,12699.64,53626.0,20.42,1.97,8.76,6.46,30378.0,0.347,4.0,Poverty
13197,Marion,GA,16.5,42.65,19.1,59.6,38.55,11852.47,48836.0,12.2,0.25,29.75,8.28,7508.0,0.376,4.0,Diabetes
13199,Meriwether,GA,15.8,41.85,19.45,59.15,41.35,12448.32,52392.0,21.95,2.74,38.37,2.7,20679.0,0.429,4.0,Diabetes
13201,Miller,GA,15.85,42.45,19.35,60.1,42.1,29853.49,52132.0,23.82,1.98,27.32,2.92,5923.0,0.435,4.0,Diabetes
13205,Mitchell,GA,17.0,45.0,19.9,57.55,45.1,12616.56,45966.0,26.15,1.64,44.91,4.99,21634.0,0.48,4.0,Diabetes
13207,Monroe,GA,12.0,36.75,17.45,65.45,34.8,11211.51,74867.0,13.11,1.21,21.61,2.53,28287.0,0.271,3.0,Hypertension
13209,Montgomery,GA,14.45,40.45,18.95,58.8,39.7,13068.87,49138.0,15.1,2.12,23.97,7.42,8687.0,0.358,4.0,Hypertension
13211,Morgan,GA,11.5,36.8,16.85,63.55,31.65,12622.91,81524.0,8.5,1.36,22.17,3.25,20171.0,0.243,2.0,Hypertension
13213,Murray,GA,12.45,35.2,18.9,58.2,41.35,12572.83,60617.0,12.89,1.65,0.47,15.9,40063.0,0.271,3.0,Uninsured
13215,Muscogee,GA,14.55,40.15,18.9,59.95,40.35,13075.83,54561.0,18.19,1.27,46.6,8.0,204572.0,0.363,4.0,Diabetes
13217,Newton,GA,13.85,39.55,18.45,61.8,42.35,13632.23,70732.0,13.18,2.66,46.84,6.31,113298.0,0.337,4.0,Hypertension
13219,Oconee,GA,9.2,31.05,14.5,67.15,28.65,12051.95,116221.0,4.44,1.37,3.42,5.71,41978.0,0.144,1.0,Uninsured
13221,Oglethorpe,GA,12.75,37.1,17.95,64.3,36.2,11577.44,66672.0,10.99,0.59,16.72,5.88,14974.0,0.27,3.0,Hypertension
13223,Paulding,GA,11.25,34.45,17.2,64.5,38.05,12378.25,89237.0,6.66,1.6,20.99,7.59,169898.0,0.216,2.0,Uninsured
13225,Peach,GA,14.15,39.2,18.3,61.9,39.85,13626.48,60940.0,19.47,1.32,43.67,8.19,28054.0,0.356,4.0,Poverty
13227,Pickens,GA,11.95,37.1,18.1,63.55,34.85,12299.88,72558.0,13.36,1.14,0.53,3.32,33439.0,0.273,3.0,Hypertension
13229,Pierce,GA,13.2,37.45,19.4,55.7,36.25,13516.38,54861.0,15.09,1.55,9.73,5.07,19822.0,0.309,3.0,Diabetes
13231,Pike,GA,11.05,34.75,18.1,62.05,35.75,10894.18,83866.0,8.0,1.85,8.61,1.91,19145.0,0.223,2.0,Uninsured
13233,Polk,GA,13.3,37.4,19.4,58.3,40.35,13641.86,51956.0,17.06,2.35,12.25,13.82,43019.0,0.328,3.0,Poverty
13235,Pulaski,GA,15.3,40.9,20.5,58.3,40.95,12750.2,42545.0,16.46,0.52,36.84,4.18,9887.0,0.366,4.0,Diabetes
13237,Putnam,GA,14.9,41.05,17.9,65.6,39.5,12721.14,60825.0,15.89,1.58,25.47,6.4,22206.0,0.368,4.0,Hypertension
13239,Quitman,GA,19.8,48.65,19.3,63.75,42.8,13650.93,38889.0,15.28,0.92,52.57,3.81,2180.0,0.496,4.0,Diabetes
13241,Rabun,GA,13.2,38.8,16.95,63.95,34.25,10501.83,57261.0,14.17,1.27,1.4,7.98,16915.0,0.312,3.0,Hypertension
13243,Randolph,GA,21.9,50.25,20.65,58.35,46.05,11337.37,24638.0,27.32,0.58,64.67,3.3,6365.0,0.596,4.0,Diabetes
13245,Richmond,GA,16.3,41.45,19.55,61.15,36.9,11248.52,50605.0,19.7,1.2,55.9,5.32,206153.0,0.409,4.0,Diabetes
13247,Rockdale,GA,15.85,41.5,17.55,64.1,38.95,13186.09,68999.0,11.25,2.91,57.26,10.45,93641.0,0.379,4.0,Diabetes
13249,Schley,GA,13.6,38.55,18.55,61.0,37.3,9540.87,53274.0,15.93,0.94,17.83,5.74,4565.0,0.322,3.0,Hypertension
13251,Screven,GA,15.95,43.0,19.4,60.35,39.85,12031.72,49941.0,17.9,0.49,40.13,2.6,14026.0,0.398,4.0,Diabetes
13253,Seminole,GA,15.7,42.85,18.7,60.7,39.7,13168.13,46063.0,20.73,1.54,33.27,3.55,9117.0,0.417,4.0,Hypertension
13255,Spalding,GA,14.8,40.95,18.9,61.05,39.8,12180.1,57367.0,18.41,1.71,34.5,5.11,67415.0,0.378,4.0,Hypertension
13257,Stephens,GA,13.5,38.4,19.5,60.85,38.65,12612.02,52901.0,12.3,0.97,10.67,4.17,26732.0,0.302,3.0,Hypertension
13259,Stewart,GA,18.15,43.45,18.8,57.0,41.8,13852.01,43094.0,14.57,0.25,61.61,12.83,5121.0,0.421,4.0,Diabetes
13261,Sumter,GA,15.9,42.5,19.45,58.9,40.2,11996.02,38899.0,22.69,1.46,51.08,6.08,29378.0,0.426,4.0,Diabetes
13263,Talbot,GA,19.05,47.5,19.1,61.85,43.2,11058.31,48065.0,18.25,2.12,56.53,0.93,5793.0,0.501,4.0,Diabetes
13265,Taliaferro,GA,18.7,47.05,18.45,62.1,41.75,9849.79,45881.0,18.84,0.92,50.28,5.99,1635.0,0.483,4.0,Diabetes
13267,Tattnall,GA,15.5,41.75,19.7,57.9,40.75,12295.25,51868.0,15.9,0.53,28.2,12.5,24309.0,0.373,4.0,Diabetes
13269,Taylor,GA,18.1,45.2,20.65,54.75,42.45,13242.42,40727.0,28.35,0.0,38.47,0.69,7799.0,0.495,4.0,Diabetes
13271,Telfair,GA,19.05,45.15,20.35,52.5,42.95,14415.16,41801.0,24.87,1.22,35.08,17.39,12619.0,0.506,4.0,Diabetes
13273,Terrell,GA,19.25,46.7,20.45,60.2,43.85,10261.58,43507.0,28.75,0.68,58.63,3.0,9004.0,0.534,4.0,Diabetes
13275,Thomas,GA,14.55,40.55,18.1,62.0,39.25,11856.83,55958.0,18.44,2.15,36.06,3.91,45665.0,0.376,4.0,Hypertension
13277,Tift,GA,15.05,39.75,19.45,61.4,39.55,13378.56,52561.0,19.99,2.55,29.02,12.61,41247.0,0.39,4.0,Diabetes
13279,Toombs,GA,14.55,39.5,19.45,61.9,40.75,11692.05,47310.0,21.38,2.83,23.88,12.08,26946.0,0.389,4.0,Poverty
13281,Towns,GA,13.1,39.15,16.55,65.55,32.45,11198.77,55574.0,14.24,0.98,1.63,2.89,12546.0,0.31,3.0,Hypertension
13283,Treutlen,GA,17.2,42.65,21.3,57.4,41.4,15043.36,38641.0,26.52,0.92,28.59,0.94,6411.0,0.462,4.0,Diabetes
13285,Troup,GA,14.15,39.05,19.15,62.25,35.95,13008.24,53599.0,18.71,1.05,36.21,3.9,69527.0,0.349,4.0,Diabetes
13287,Turner,GA,17.05,43.55,20.6,59.65,44.65,10278.74,39666.0,21.68,1.25,38.32,5.14,8894.0,0.446,4.0,Diabetes
13289,Twiggs,GA,16.15,43.4,19.45,60.6,39.6,14376.83,50446.0,15.49,1.23,41.55,1.01,7955.0,0.401,4.0,Diabetes
13291,Union,GA,12.95,38.8,16.9,65.4,34.65,10828.1,59783.0,11.43,1.97,0.67,3.76,24880.0,0.302,3.0,Hypertension
13293,Upson,GA,14.9,39.75,19.65,61.15,39.15,10847.26,48740.0,21.73,1.91,27.37,2.42,27638.0,0.389,4.0,Poverty
13295,Walker,GA,12.3,37.05,18.7,59.3,37.9,12937.78,52276.0,13.39,1.86,3.98,2.66,68065.0,0.286,3.0,Hypertension
13297,Walton,GA,12.15,36.3,17.75,59.35,38.2,12459.43,79425.0,12.89,2.17,19.36,5.4,97752.0,0.279,3.0,Uninsured
13299,Ware,GA,15.75,41.65,20.3,57.85,41.4,13932.85,44138.0,22.05,1.52,30.16,4.55,35917.0,0.415,4.0,Diabetes
13301,Warren,GA,17.85,46.5,19.4,59.9,43.65,16943.36,45091.0,22.61,0.0,59.73,0.0,5197.0,0.473,4.0,Diabetes
13303,Washington,GA,17.3,44.95,19.4,58.45,43.05,12496.78,43810.0,15.24,1.25,50.84,2.8,19975.0,0.43,4.0,Diabetes
13305,Wayne,GA,14.95,41.2,20.1,54.65,43.15,13110.03,49847.0,17.01,2.23,20.19,6.49,30277.0,0.382,4.0,Hypertension
13307,Webster,GA,18.25,46.05,19.3,58.65,42.35,11969.0,35000.0,27.82,2.76,44.52,14.66,2354.0,0.528,4.0,Diabetes
13309,Wheeler,GA,15.55,43.15,19.35,52.95,41.45,15515.07,36354.0,24.58,1.52,38.58,5.67,7550.0,0.434,4.0,Poverty
13311,White,GA,11.65,36.4,17.65,63.4,35.1,12155.76,66256.0,12.64,1.37,2.09,3.43,28165.0,0.262,2.0,Hypertension
13313,Whitfield,GA,13.55,34.6,17.95,57.4,38.0,12163.89,59659.0,13.29,2.45,3.28,36.77,103033.0,0.295,3.0,Diabetes
13315,Wilcox,GA,16.3,44.25,19.05,56.5,42.8,13177.15,46759.0,18.19,0.7,33.7,4.71,8839.0,0.417,4.0,Hypertension
13317,Wilkes,GA,16.65,43.45,18.75,61.55,40.75,11808.44,51780.0,17.63,6.01,40.26,5.66,9610.0,0.467,4.0,Diabetes
13319,Wilkinson,GA,15.9,42.75,19.3,62.5,41.05,11192.36,40757.0,21.42,1.68,38.26,3.14,8852.0,0.424,4.0,Diabetes
13321,Worth,GA,15.25,41.55,19.9,61.35,38.85,11870.14,56496.0,19.23,1.71,25.57,2.52,20706.0,0.394,4.0,Diabetes
15001,Hawaii,HI,11.05,27.9,16.65,57.2,27.35,7914.21,74238.0,13.93,0.66,0.79,13.62,202163.0,0.19,1.0,Poverty
15003,Honolulu,HI,11.45,29.75,14.75,60.6,25.65,9061.58,99816.0,8.57,0.55,2.52,10.24,1010100.0,0.184,1.0,Uninsured
15005,Kalawao,HI,17.5,37.8,13.65,59.1,35.75,,87813.0,14.0,0.0,2.0,12.0,50.0,0.364,4.0,Diabetes
15007,Kauai,HI,10.65,30.05,15.55,61.15,24.0,7833.51,88869.0,8.22,0.97,0.53,11.56,73511.0,0.175,1.0,Uninsured
15009,Maui,HI,10.9,28.05,15.75,56.35,26.2,7928.7,95379.0,9.18,0.93,0.75,11.88,164765.0,0.168,1.0,Uninsured
16001,Ada,ID,8.5,30.0,15.5,62.9,28.95,10654.07,83881.0,8.53,1.06,1.26,8.91,497494.0,0.14,1.0,Uninsured
16003,Adams,ID,11.6,35.35,16.35,59.85,34.05,7344.26,55891.0,14.45,2.26,0.27,4.32,4464.0,0.271,3.0,Uninsured
16005,Bannock,ID,9.4,30.4,17.15,56.3,33.2,11911.74,60998.0,12.06,1.05,0.99,9.36,87434.0,0.175,1.0,Uninsured
16007,Bear Lake,ID,10.3,31.15,16.8,58.45,31.1,11331.02,63244.0,10.43,0.25,0.12,4.3,6436.0,0.18,1.0,Poverty
16009,Benewah,ID,11.75,34.15,17.75,54.35,36.15,9566.07,54191.0,14.28,3.15,0.81,4.42,9731.0,0.273,3.0,Uninsured
16011,Bingham,ID,10.65,31.85,17.4,58.2,39.1,12157.91,69433.0,10.24,1.89,0.16,18.21,48253.0,0.206,1.0,Uninsured
16013,Blaine,ID,8.95,27.85,13.9,62.7,23.1,9876.8,81794.0,6.9,1.21,0.48,23.45,24248.0,0.126,1.0,Uninsured
16015,Boise,ID,10.15,33.05,14.95,62.25,31.6,8468.15,70776.0,9.39,2.47,0.36,5.79,7809.0,0.208,1.0,Uninsured
16017,Bonner,ID,10.1,32.45,15.7,57.1,32.0,8462.98,61816.0,11.72,1.53,0.29,3.74,47976.0,0.204,1.0,Uninsured
16019,Bonneville,ID,9.15,29.3,16.65,62.75,33.4,12526.52,73103.0,9.35,1.24,0.4,13.77,124490.0,0.152,1.0,Uninsured
16021,Boundary,ID,11.0,32.45,16.9,56.9,33.25,8109.97,58810.0,18.22,3.12,0.37,5.36,12335.0,0.266,3.0,Poverty
16023,Butte,ID,13.15,36.05,18.55,56.65,35.6,12996.17,37358.0,21.8,0.23,0.0,5.49,2605.0,0.316,3.0,Poverty
16025,Camas,ID,10.1,31.85,15.55,58.5,29.5,8581.53,63750.0,6.71,1.59,0.0,14.83,1133.0,0.177,1.0,Uninsured
16027,Canyon,ID,10.85,30.2,16.75,56.5,35.4,10667.02,68473.0,9.96,2.15,0.61,25.7,235006.0,0.199,1.0,Uninsured
16029,Caribou,ID,9.6,30.4,17.0,56.3,34.8,15289.59,65380.0,6.63,1.47,0.0,7.24,7058.0,0.157,1.0,Uninsured
16031,Cassia,ID,10.6,31.4,16.85,53.9,37.7,12167.98,63525.0,10.2,1.67,0.12,27.95,24859.0,0.2,1.0,Uninsured
16033,Clark,ID,12.65,33.65,16.4,52.8,36.35,9264.86,53500.0,9.13,0.66,0.53,42.33,756.0,0.236,2.0,Diabetes
16035,Clearwater,ID,11.15,33.8,16.2,55.5,31.8,9307.55,55885.0,10.22,2.21,0.22,4.23,8810.0,0.232,2.0,Uninsured
16037,Custer,ID,11.2,34.9,15.75,58.05,31.45,9590.44,60357.0,11.44,0.0,0.14,3.89,4344.0,0.224,2.0,Hypertension
16039,Elmore,ID,10.3,31.5,17.5,56.35,34.65,9129.52,55000.0,11.43,1.98,2.35,17.88,28752.0,0.204,1.0,Uninsured
16041,Franklin,ID,8.95,29.8,17.0,53.8,35.8,12319.32,61679.0,9.51,3.83,0.0,6.95,14376.0,0.178,1.0,Uninsured
16043,Fremont,ID,9.75,29.2,16.65,57.45,32.7,12909.01,67015.0,10.98,1.58,0.33,12.26,13519.0,0.172,1.0,Uninsured
16045,Gem,ID,10.1,31.7,16.25,57.95,32.95,11066.26,65204.0,11.45,2.64,0.11,8.99,19250.0,0.209,1.0,Uninsured
16047,Gooding,ID,12.0,32.75,17.25,55.35,34.3,11789.87,60938.0,13.16,3.78,0.1,29.83,15520.0,0.268,3.0,Uninsured
16049,Idaho,ID,10.8,33.1,16.1,57.45,31.95,8281.84,54745.0,10.06,5.19,0.09,3.67,16787.0,0.25,2.0,Uninsured
16051,Jefferson,ID,8.9,28.2,16.4,57.85,33.05,11395.9,77491.0,8.89,1.86,0.11,10.77,31383.0,0.144,1.0,Uninsured
16053,Jerome,ID,12.15,32.15,17.4,52.85,35.8,11683.49,67347.0,14.59,2.55,0.03,37.88,24474.0,0.261,2.0,Uninsured
16055,Kootenai,ID,8.95,27.8,16.8,58.0,31.6,10453.99,71949.0,9.14,1.26,0.29,5.22,173396.0,0.137,1.0,Uninsured
16057,Latah,ID,8.1,29.15,16.9,59.0,30.3,9158.09,62258.0,11.92,1.52,1.22,4.62,39872.0,0.148,1.0,Uninsured
16059,Lemhi,ID,10.65,34.35,16.35,60.85,30.5,10235.79,49216.0,10.52,0.26,0.01,3.56,8043.0,0.209,2.0,Hypertension
16061,Lewis,ID,12.8,37.25,17.3,59.65,35.35,9355.64,46484.0,17.55,1.57,1.85,5.34,3630.0,0.312,3.0,Poverty
16063,Lincoln,ID,10.95,30.95,17.0,53.55,34.2,10841.4,62250.0,11.57,1.63,0.48,31.81,5203.0,0.208,1.0,Uninsured
16065,Madison,ID,7.8,24.3,20.5,53.65,30.1,11758.4,53025.0,26.6,0.65,0.93,8.35,52487.0,0.168,1.0,Poverty
16067,Minidoka,ID,11.65,32.6,16.95,53.65,36.55,11418.62,63594.0,14.93,2.3,0.1,35.79,21626.0,0.254,2.0,Uninsured
16069,Nez Perce,ID,9.8,33.05,17.05,62.55,37.9,10621.68,65023.0,13.62,2.18,0.1,4.51,42200.0,0.219,2.0,Uninsured
16071,Oneida,ID,9.45,30.6,16.55,60.0,32.05,12662.32,67383.0,13.36,1.01,0.0,4.46,4572.0,0.183,1.0,Poverty
16073,Owyhee,ID,12.25,33.5,17.75,52.25,33.45,9438.0,58440.0,12.95,4.36,0.37,25.78,12043.0,0.282,3.0,Uninsured
16075,Payette,ID,10.7,32.95,17.1,58.15,31.45,9624.09,62721.0,10.41,0.97,0.08,18.02,25571.0,0.207,1.0,Uninsured
16077,Power,ID,11.35,32.0,16.9,54.8,37.75,11557.15,56671.0,11.05,4.56,0.04,34.39,7918.0,0.249,2.0,Uninsured
16079,Shoshone,ID,11.85,33.95,18.3,54.35,36.0,10158.22,44807.0,15.66,0.81,0.86,4.05,13399.0,0.256,2.0,Poverty
16081,Teton,ID,8.6,28.35,14.4,56.05,31.4,12278.59,88906.0,9.97,4.53,0.0,16.36,11813.0,0.171,1.0,Uninsured
16083,Twin Falls,ID,10.45,29.7,16.95,58.8,33.4,10469.08,61183.0,12.28,1.71,0.55,17.4,90592.0,0.195,1.0,Uninsured
16085,Valley,ID,11.15,34.4,15.65,61.95,33.65,8719.35,72878.0,13.76,1.03,0.06,1.44,11830.0,0.241,2.0,Poverty
16087,Washington,ID,12.6,34.25,17.3,56.4,33.6,9452.13,50046.0,17.85,2.77,0.19,16.41,10612.0,0.301,3.0,Poverty
17001,Adams,IL,10.8,34.4,17.5,60.9,38.0,11731.38,63767.0,11.79,0.86,3.93,1.83,65583.0,0.224,2.0,Uninsured
17003,Alexander,IL,16.4,43.3,19.6,58.35,45.3,10978.72,40365.0,20.97,0.63,33.23,0.97,5261.0,0.424,4.0,Diabetes
17005,Bond,IL,10.95,34.15,18.3,60.3,39.4,12169.03,58617.0,13.06,0.75,7.13,3.8,16750.0,0.23,2.0,Poverty
17007,Boone,IL,11.3,32.9,17.2,59.15,36.85,12602.4,80502.0,9.63,0.26,2.59,23.5,53459.0,0.206,1.0,Diabetes
17009,Brown,IL,11.55,36.15,18.15,54.15,41.55,10898.79,64760.0,7.34,0.58,16.62,6.93,6334.0,0.226,2.0,Hypertension
17011,Bureau,IL,11.65,34.45,17.6,61.2,38.25,11154.98,64165.0,12.43,1.45,0.61,9.9,33203.0,0.248,2.0,Uninsured
17013,Calhoun,IL,10.2,33.65,16.65,60.65,35.2,12002.18,88059.0,8.14,0.0,0.74,0.81,4472.0,0.183,1.0,Hypertension
17015,Carroll,IL,11.8,35.95,17.55,60.3,39.05,10191.45,61539.0,10.52,1.8,3.42,4.62,15594.0,0.256,2.0,Uninsured
17017,Cass,IL,12.3,35.05,17.8,57.75,40.65,10431.75,64826.0,12.17,0.12,3.6,20.35,12955.0,0.249,2.0,Diabetes
17019,Champaign,IL,10.1,30.05,17.0,62.85,32.55,11708.72,61090.0,17.43,0.47,13.2,6.45,206525.0,0.203,1.0,Poverty
17021,Christian,IL,11.2,35.0,18.05,57.85,38.1,12953.38,56933.0,11.26,0.25,2.62,1.95,33893.0,0.227,2.0,Hypertension
17023,Clark,IL,10.7,33.9,17.65,61.75,37.2,12566.1,65874.0,8.86,0.36,0.83,1.67,15467.0,0.2,1.0,Uninsured
17025,Clay,IL,12.4,36.5,19.15,56.1,41.5,12965.49,58028.0,15.46,0.9,0.46,0.2,13248.0,0.284,3.0,Poverty
17027,Clinton,IL,10.3,33.15,17.15,61.85,40.1,12483.28,78054.0,6.84,1.42,2.98,3.3,36998.0,0.189,1.0,Uninsured
17029,Coles,IL,10.9,33.1,18.95,59.3,38.55,12480.45,53732.0,17.98,1.06,3.61,2.94,47076.0,0.247,2.0,Poverty
17031,Cook,IL,11.25,29.95,15.15,54.8,31.0,14064.55,78304.0,13.16,0.87,22.76,25.88,5225367.0,0.206,1.0,Poverty
17033,Crawford,IL,11.0,35.2,17.85,60.75,40.05,14145.34,64163.0,8.71,0.84,4.51,2.45,18729.0,0.219,2.0,Hypertension
17035,Cumberland,IL,10.55,34.05,17.7,58.75,38.6,11142.91,71274.0,9.57,1.04,0.11,1.68,10447.0,0.209,1.0,Uninsured
17037,DeKalb,IL,10.45,31.0,18.15,59.8,36.1,12898.11,68617.0,14.74,0.4,7.68,12.27,100686.0,0.203,1.0,Poverty
17039,De Witt,IL,10.9,34.2,17.85,60.15,38.05,11009.78,61823.0,10.02,0.44,0.91,3.03,15535.0,0.212,2.0,Uninsured
17041,Douglas,IL,10.75,33.25,18.0,59.25,38.65,11330.21,67177.0,9.3,6.63,1.23,7.56,19714.0,0.26,2.0,Uninsured
17043,DuPage,IL,9.25,28.9,13.8,62.6,29.15,12789.3,107035.0,6.2,0.64,4.9,14.81,930559.0,0.13,1.0,Uninsured
17045,Edgar,IL,11.9,36.45,18.35,58.85,37.5,14548.26,56687.0,11.55,0.37,0.67,1.33,16852.0,0.252,2.0,Hypertension
17047,Edwards,IL,12.4,36.55,19.05,59.65,40.3,12663.0,60784.0,14.07,1.28,0.13,1.39,6182.0,0.282,3.0,Hypertension
17049,Effingham,IL,10.25,32.8,17.4,58.6,34.25,10963.77,73181.0,10.64,0.67,0.65,2.23,34594.0,0.196,1.0,Uninsured
17051,Fayette,IL,11.85,35.8,18.65,56.25,39.95,12414.38,51962.0,13.81,1.5,3.46,2.29,21464.0,0.268,3.0,Poverty
17053,Ford,IL,11.2,34.5,18.25,60.4,37.75,12439.58,58930.0,11.7,1.31,0.7,4.1,13484.0,0.236,2.0,Uninsured
17055,Franklin,IL,12.4,35.7,19.3,57.15,41.5,13224.12,51031.0,17.52,0.89,0.41,1.93,37810.0,0.288,3.0,Poverty
17057,Fulton,IL,11.7,36.35,18.45,56.5,39.85,11246.16,57223.0,12.53,0.38,2.68,2.87,33691.0,0.252,2.0,Hypertension
17059,Gallatin,IL,12.55,37.15,18.85,56.55,40.85,12778.68,51868.0,19.13,0.1,0.3,0.32,4967.0,0.3,3.0,Poverty
17061,Greene,IL,11.7,35.6,18.8,57.35,40.05,12118.69,58900.0,13.37,0.13,0.87,1.32,12015.0,0.248,2.0,Poverty
17063,Grundy,IL,9.7,30.95,17.15,61.65,36.25,13746.27,89993.0,5.92,0.66,1.81,10.93,52624.0,0.151,1.0,Uninsured
17065,Hamilton,IL,12.3,36.45,18.85,56.9,40.05,13031.09,60574.0,12.75,1.76,0.1,1.97,8008.0,0.278,3.0,Uninsured
17067,Hancock,IL,11.45,35.55,17.45,62.3,38.85,11679.18,61026.0,12.92,0.64,0.72,1.78,17582.0,0.247,2.0,Poverty
17069,Hardin,IL,12.6,37.5,18.5,58.35,39.65,17457.39,53026.0,11.3,0.0,1.09,1.04,3665.0,0.266,3.0,Hypertension
17071,Henderson,IL,11.95,36.8,17.4,60.5,38.65,10891.73,64946.0,9.02,0.02,0.17,1.88,6374.0,0.24,2.0,Hypertension
17073,Henry,IL,10.55,33.2,17.1,63.55,36.85,11228.45,66313.0,9.08,0.39,2.2,6.24,49157.0,0.194,1.0,Uninsured
17075,Iroquois,IL,12.25,36.4,18.45,59.25,40.7,12636.16,62866.0,10.44,1.02,1.01,7.55,27043.0,0.258,2.0,Hypertension
17077,Jackson,IL,11.7,34.05,18.75,57.95,41.3,13709.29,44847.0,21.53,0.98,14.52,4.68,53176.0,0.284,3.0,Poverty
17079,Jasper,IL,10.55,33.55,17.4,62.05,38.1,11490.99,67429.0,9.09,0.0,0.24,1.83,9295.0,0.193,1.0,Hypertension
17081,Jefferson,IL,11.8,35.9,18.35,59.4,39.8,13387.71,58384.0,13.44,1.39,6.5,2.92,37043.0,0.265,2.0,Poverty
17083,Jersey,IL,10.45,33.35,17.65,60.4,39.1,11324.0,77607.0,7.71,0.27,0.7,1.49,21462.0,0.186,1.0,Uninsured
17085,Jo Daviess,IL,11.1,35.2,16.3,63.05,36.25,9596.05,67729.0,7.7,1.08,0.8,3.3,21942.0,0.218,2.0,Uninsured
17087,Johnson,IL,12.1,36.7,18.0,54.2,41.65,12262.22,63295.0,14.01,0.95,8.85,4.03,13313.0,0.274,3.0,Hypertension
17089,Kane,IL,10.8,28.95,15.3,57.5,35.0,13427.15,96400.0,8.23,0.77,5.22,32.6,517254.0,0.167,1.0,Uninsured
17091,Kankakee,IL,12.15,35.95,18.25,56.6,40.0,13175.75,65489.0,13.52,0.73,14.54,11.48,107421.0,0.265,2.0,Poverty
17093,Kendall,IL,9.25,29.35,15.45,61.35,39.35,12835.59,106358.0,4.73,0.7,8.05,21.02,132795.0,0.127,1.0,Uninsured
17095,Knox,IL,12.2,35.95,18.35,58.2,39.55,11133.62,50263.0,15.01,0.39,8.15,6.2,49751.0,0.269,3.0,Poverty
17097,Lake,IL,10.5,30.9,14.4,59.5,32.9,13348.02,104553.0,7.64,0.86,6.77,22.78,713159.0,0.174,1.0,Uninsured
17099,LaSalle,IL,11.2,33.8,17.75,60.75,37.85,11689.32,67942.0,13.24,0.64,2.75,10.47,109495.0,0.231,2.0,Poverty
17101,Lawrence,IL,12.0,36.45,18.7,55.55,40.85,14505.18,55811.0,12.02,0.42,8.03,2.28,15302.0,0.256,2.0,Hypertension
17103,Lee,IL,11.5,35.1,17.4,57.65,38.85,11017.28,64588.0,11.49,0.29,5.26,6.79,34221.0,0.234,2.0,Hypertension
17105,Livingston,IL,11.05,34.05,17.95,61.15,35.95,10798.47,68175.0,9.65,0.85,3.6,5.11,35771.0,0.216,2.0,Uninsured
17107,Logan,IL,10.75,33.7,18.05,60.4,38.7,12291.08,62547.0,10.14,0.43,6.05,3.48,28027.0,0.206,1.0,Uninsured
17109,McDonough,IL,11.1,33.8,18.75,56.45,37.75,11440.17,48904.0,17.86,1.0,5.35,3.01,27370.0,0.255,2.0,Poverty
17111,McHenry,IL,9.65,31.7,15.85,60.5,31.9,13563.18,100101.0,5.99,0.66,1.54,14.34,311133.0,0.156,1.0,Uninsured
17113,McLean,IL,9.5,31.05,16.6,60.8,35.25,10997.8,75356.0,13.44,0.7,8.49,5.31,171284.0,0.184,1.0,Poverty
17115,Macon,IL,12.05,36.45,18.15,60.4,42.35,11960.17,59622.0,14.98,0.8,17.03,2.52,103542.0,0.274,3.0,Poverty
17117,Macoupin,IL,11.35,34.95,18.3,58.1,36.9,12449.25,64706.0,14.37,0.22,1.08,1.3,44907.0,0.243,2.0,Poverty
17119,Madison,IL,10.35,33.5,17.7,59.95,38.75,12901.89,71759.0,11.77,0.59,8.57,3.66,265512.0,0.207,1.0,Poverty
17121,Marion,IL,11.95,35.65,18.95,59.2,39.5,13392.63,59099.0,16.4,0.63,4.34,2.24,37543.0,0.272,3.0,Poverty
17123,Marshall,IL,11.35,35.1,17.8,59.5,38.6,10954.61,64940.0,11.84,0.43,0.57,3.06,11740.0,0.234,2.0,Hypertension
17125,Mason,IL,11.65,35.4,18.3,59.8,37.25,11357.53,58479.0,13.52,0.54,0.5,1.36,13074.0,0.251,2.0,Poverty
17127,Massac,IL,12.45,36.3,18.8,55.65,40.8,13355.8,57365.0,13.45,1.0,6.61,3.21,14135.0,0.275,3.0,Hypertension
17129,Menard,IL,10.35,33.6,17.3,58.7,37.65,12567.74,84846.0,7.85,0.18,0.94,1.34,12284.0,0.186,1.0,Uninsured
17131,Mercer,IL,11.0,34.3,17.85,59.25,38.55,13860.6,67028.0,7.93,0.87,0.61,2.78,15692.0,0.209,1.0,Uninsured
17133,Monroe,IL,8.95,31.05,15.7,65.2,35.2,13468.59,100685.0,4.24,0.17,0.62,1.66,34905.0,0.126,1.0,Uninsured
17135,Montgomery,IL,11.35,34.7,18.2,58.3,39.15,12961.3,61796.0,12.84,0.8,2.75,1.89,28352.0,0.24,2.0,Poverty
17137,Morgan,IL,11.45,35.5,18.15,59.35,40.1,11808.84,61188.0,11.98,0.06,5.1,2.7,32882.0,0.236,2.0,Hypertension
17139,Moultrie,IL,10.55,33.65,18.65,57.8,38.4,12473.72,72833.0,8.99,4.75,1.01,1.71,14531.0,0.24,2.0,Uninsured
17141,Ogle,IL,10.95,34.05,17.2,58.65,40.9,11415.83,75782.0,8.19,0.81,1.08,10.92,51672.0,0.207,1.0,Uninsured
17143,Peoria,IL,11.75,35.1,17.4,59.5,34.95,12337.97,63409.0,15.06,0.75,17.58,5.26,181186.0,0.26,2.0,Poverty
17145,Perry,IL,12.2,36.35,18.8,57.5,40.9,14518.85,56338.0,15.51,0.47,7.88,3.18,20996.0,0.276,3.0,Poverty
17147,Piatt,IL,9.65,32.3,16.4,62.45,35.0,11167.32,81151.0,7.12,0.48,0.98,1.5,16698.0,0.164,1.0,Uninsured
17149,Pike,IL,11.85,36.15,18.65,59.15,40.65,12186.68,55514.0,13.03,0.55,0.69,1.51,14776.0,0.257,2.0,Hypertension
17151,Pope,IL,12.35,37.25,17.45,60.05,39.6,11216.2,57582.0,17.85,1.18,3.32,3.11,3799.0,0.302,3.0,Poverty
17153,Pulaski,IL,16.45,42.0,19.9,55.9,45.65,12097.26,41038.0,24.55,1.37,31.49,1.89,5177.0,0.439,4.0,Diabetes
17155,Putnam,IL,10.5,33.5,16.6,61.8,36.1,10727.43,75726.0,8.74,0.23,0.34,6.27,5628.0,0.192,1.0,Uninsured
17157,Randolph,IL,11.7,36.4,18.3,59.05,38.95,13988.13,63860.0,11.27,0.49,7.98,3.17,30413.0,0.248,2.0,Hypertension
17159,Richland,IL,11.2,34.45,18.3,54.9,39.45,13274.02,61607.0,13.44,0.64,0.62,1.8,15716.0,0.237,2.0,Poverty
17161,Rock Island,IL,11.95,33.8,17.6,59.35,39.85,11882.0,64435.0,14.66,1.18,10.71,13.54,143819.0,0.256,2.0,Poverty
17163,St. Clair,IL,12.15,37.05,17.45,61.55,38.7,13597.39,68915.0,13.55,0.7,28.31,4.49,256791.0,0.273,3.0,Hypertension
17165,Saline,IL,12.05,36.05,18.8,58.75,40.2,11937.21,51710.0,17.56,0.77,2.49,1.77,23662.0,0.283,3.0,Poverty
17167,Sangamon,IL,10.85,34.6,17.0,61.55,39.6,11407.14,71653.0,12.66,0.36,12.7,2.51,196122.0,0.226,2.0,Poverty
17169,Schuyler,IL,12.7,37.75,18.1,56.1,40.3,10727.0,63737.0,19.16,1.45,3.71,2.51,6879.0,0.321,3.0,Poverty
17171,Scott,IL,10.85,34.05,17.8,60.45,38.35,11099.47,70500.0,10.84,0.35,0.0,1.37,4899.0,0.213,2.0,Poverty
17173,Shelby,IL,11.3,35.0,17.85,58.2,37.6,12315.22,65585.0,10.16,0.8,0.29,1.24,21042.0,0.229,2.0,Hypertension
17175,Stark,IL,11.2,35.0,17.85,62.85,38.25,11226.38,58125.0,12.18,0.56,1.11,2.3,5395.0,0.234,2.0,Poverty
17177,Stephenson,IL,12.15,36.25,18.05,58.95,40.8,9945.54,57527.0,13.1,0.8,8.68,4.58,44482.0,0.266,3.0,Hypertension
17179,Tazewell,IL,10.15,32.8,17.0,59.65,36.25,11291.66,74606.0,8.53,0.83,1.17,2.58,131276.0,0.186,1.0,Uninsured
17181,Union,IL,12.5,36.4,18.5,55.85,39.8,11507.4,54090.0,19.69,1.66,1.48,5.3,17122.0,0.312,3.0,Poverty
17183,Vermilion,IL,13.05,39.45,19.0,57.45,43.95,11799.45,52787.0,16.74,0.63,14.52,5.44,74113.0,0.32,3.0,Hypertension
17185,Wabash,IL,11.85,35.3,18.4,59.5,40.0,13836.19,54074.0,13.1,0.42,0.96,3.05,11321.0,0.25,2.0,Poverty
17187,Warren,IL,11.3,33.85,17.95,56.85,37.45,11371.6,62700.0,14.0,0.36,3.81,10.34,16760.0,0.234,2.0,Poverty
17189,Washington,IL,10.35,33.25,17.25,64.15,36.75,13579.34,75111.0,7.85,0.59,0.78,1.54,13781.0,0.187,1.0,Uninsured
17191,Wayne,IL,12.05,36.25,18.9,59.85,39.95,12790.45,53522.0,13.87,4.11,0.79,1.72,16127.0,0.301,3.0,Uninsured
17193,White,IL,12.8,37.15,19.25,58.15,39.25,12982.19,54605.0,14.81,1.28,0.77,1.48,13834.0,0.296,3.0,Hypertension
17195,Whiteside,IL,11.6,33.95,17.45,60.9,36.3,11546.42,62828.0,11.39,0.97,1.15,12.72,55569.0,0.234,2.0,Uninsured
17197,Will,IL,10.1,30.75,16.0,58.3,37.85,13466.13,103678.0,6.56,0.65,11.54,18.61,696774.0,0.159,1.0,Uninsured
17199,Williamson,IL,11.2,34.6,17.65,60.45,40.0,12800.45,60325.0,12.72,0.56,3.3,2.86,67120.0,0.234,2.0,Poverty
17201,Winnebago,IL,12.8,36.05,18.2,58.0,42.1,12353.74,61738.0,15.83,0.81,13.39,14.07,284591.0,0.288,3.0,Poverty
17203,Woodford,IL,9.6,32.15,16.5,61.2,37.3,10559.28,80093.0,7.26,1.17,0.64,1.93,38414.0,0.17,1.0,Uninsured
18001,Adams,IN,13.1,37.35,19.75,61.55,41.9,12644.44,61731.0,11.28,10.71,0.59,4.67,35827.0,0.38,4.0,Uninsured
18003,Allen,IN,12.35,35.6,17.7,61.25,39.45,12269.32,66222.0,11.82,1.47,11.23,8.0,385456.0,0.265,2.0,Uninsured
18005,Bartholomew,IN,11.7,35.55,17.6,64.45,38.9,12212.38,76912.0,11.36,0.6,1.62,7.91,82371.0,0.243,2.0,Hypertension
18007,Benton,IN,13.05,37.5,19.35,62.2,42.4,12914.26,58620.0,13.97,0.59,1.19,5.92,8709.0,0.292,3.0,Hypertension
18009,Blackford,IN,14.55,40.4,19.95,58.05,44.25,13006.2,51108.0,16.72,1.43,1.03,1.17,12074.0,0.36,4.0,Hypertension
18011,Boone,IN,9.9,31.95,15.35,66.95,32.65,12494.72,103038.0,5.69,0.74,2.16,3.49,71235.0,0.162,1.0,Uninsured
18013,Brown,IN,12.5,38.15,17.15,65.55,35.85,9923.49,73933.0,8.03,1.31,0.59,2.09,15513.0,0.267,3.0,Hypertension
18015,Carroll,IN,12.4,37.45,18.6,62.8,41.5,10866.43,61464.0,7.2,3.11,0.7,4.7,20397.0,0.274,3.0,Uninsured
18017,Cass,IN,14.0,38.45,18.7,59.25,47.35,11841.99,55862.0,13.53,0.98,1.31,16.85,37820.0,0.317,3.0,Diabetes
18019,Clark,IN,11.7,38.1,17.75,65.35,43.7,14377.77,69005.0,9.56,0.53,7.1,5.86,121484.0,0.252,2.0,Hypertension
18021,Clay,IN,12.85,38.75,18.75,63.15,43.1,12473.11,68364.0,10.63,0.55,0.38,1.76,26396.0,0.282,3.0,Hypertension
18023,Clinton,IN,12.55,36.4,18.4,62.85,40.3,11729.68,59515.0,8.71,1.4,0.76,16.99,33020.0,0.259,2.0,Diabetes
18025,Crawford,IN,15.65,41.75,20.65,58.25,43.3,11236.08,46706.0,21.72,0.16,0.78,0.75,10511.0,0.399,4.0,Diabetes
18027,Daviess,IN,12.9,37.15,20.1,60.65,41.55,12076.15,64113.0,9.45,10.17,1.59,5.69,33337.0,0.361,4.0,Uninsured
18029,Dearborn,IN,11.15,35.6,17.55,65.35,35.6,13057.18,80352.0,8.34,0.78,0.56,1.47,50709.0,0.222,2.0,Hypertension
18031,Decatur,IN,11.4,35.7,18.5,66.9,37.55,12892.77,71566.0,9.37,0.51,0.22,2.28,26432.0,0.229,2.0,Hypertension
18033,DeKalb,IN,11.8,36.15,18.65,66.55,43.6,13097.26,68110.0,9.87,1.71,0.24,3.07,43312.0,0.253,2.0,Uninsured
18035,Delaware,IN,13.2,36.0,20.35,65.95,37.75,12750.28,53377.0,19.26,0.82,6.24,2.68,112156.0,0.311,3.0,Poverty
18037,Dubois,IN,11.95,35.3,17.3,67.05,39.95,10790.66,68945.0,9.43,0.35,1.6,8.68,43584.0,0.234,2.0,Hypertension
18039,Elkhart,IN,12.9,37.0,19.25,58.4,43.95,14718.48,63978.0,11.81,4.21,4.96,17.25,206841.0,0.312,3.0,Uninsured
18041,Fayette,IN,13.85,39.65,20.0,58.3,44.85,12817.18,52219.0,16.08,2.04,1.19,1.45,23391.0,0.345,4.0,Hypertension
18043,Floyd,IN,11.55,36.75,18.15,68.15,37.5,13762.46,75686.0,9.18,0.94,5.05,3.74,80191.0,0.242,2.0,Hypertension
18045,Fountain,IN,12.65,37.75,19.05,63.4,42.5,12102.54,60559.0,11.93,0.97,0.29,2.82,16468.0,0.281,3.0,Hypertension
18047,Franklin,IN,12.2,37.3,18.15,64.5,40.65,11705.22,75985.0,7.3,1.77,0.09,1.29,22850.0,0.257,2.0,Hypertension
18049,Fulton,IN,13.05,38.05,18.95,62.35,41.7,10516.45,62644.0,14.58,2.97,1.18,5.49,20420.0,0.322,3.0,Uninsured
18051,Gibson,IN,11.9,36.15,18.8,61.1,39.4,12364.93,64153.0,9.73,0.75,1.79,1.97,33006.0,0.245,2.0,Hypertension
18053,Grant,IN,14.1,39.15,19.7,64.25,41.65,11965.96,53033.0,17.53,0.94,6.82,4.73,66560.0,0.342,4.0,Diabetes
18055,Greene,IN,13.15,38.45,19.35,65.15,40.55,11385.92,57771.0,13.78,1.39,0.6,1.92,30900.0,0.308,3.0,Hypertension
18057,Hamilton,IN,9.1,30.8,13.95,65.6,32.2,11618.79,114866.0,4.2,0.76,4.08,4.48,349527.0,0.133,1.0,Uninsured
18059,Hancock,IN,10.4,35.4,16.7,68.65,39.7,11680.31,85262.0,4.85,0.71,2.71,2.9,80170.0,0.191,1.0,Hypertension
18061,Harrison,IN,11.5,36.3,18.2,63.2,42.45,13263.45,71302.0,7.5,1.09,0.74,2.13,39684.0,0.232,2.0,Hypertension
18063,Hendricks,IN,10.5,33.9,15.7,64.8,36.2,11529.39,95261.0,5.11,1.46,8.1,4.53,175639.0,0.19,1.0,Uninsured
18065,Henry,IN,12.35,38.4,19.1,62.55,43.65,11834.62,57632.0,12.82,0.4,2.43,2.08,48913.0,0.28,3.0,Hypertension
18067,Howard,IN,13.1,37.55,18.55,60.95,36.65,12228.54,62014.0,11.88,1.34,7.85,3.78,83452.0,0.291,3.0,Hypertension
18069,Huntington,IN,12.2,38.45,18.55,60.55,39.95,11231.55,59894.0,10.69,0.89,0.94,2.76,36699.0,0.272,3.0,Hypertension
18071,Jackson,IN,12.6,35.8,18.0,63.15,39.5,10591.25,65609.0,12.13,1.96,1.09,8.2,46212.0,0.277,3.0,Uninsured
18073,Jasper,IN,11.5,36.0,17.95,63.15,40.1,11686.38,77777.0,7.34,1.05,1.01,6.5,33045.0,0.229,2.0,Hypertension
18075,Jay,IN,13.6,39.35,20.0,62.3,43.6,12907.35,52231.0,13.32,2.83,0.29,3.43,20451.0,0.334,3.0,Hypertension
18077,Jefferson,IN,12.3,36.85,18.9,64.5,36.7,12323.37,57801.0,12.04,1.29,2.1,3.06,33057.0,0.273,3.0,Hypertension
18079,Jennings,IN,13.1,38.4,19.6,61.35,41.0,11250.71,66892.0,13.56,2.43,0.79,2.93,27610.0,0.316,3.0,Hypertension
18081,Johnson,IN,11.3,36.45,17.05,69.05,38.7,11704.12,82730.0,7.34,1.57,2.6,3.85,161952.0,0.234,2.0,Hypertension
18083,Knox,IN,12.3,36.85,19.15,63.2,37.25,13163.31,58173.0,12.5,1.2,2.3,2.56,36148.0,0.274,3.0,Hypertension
18085,Kosciusko,IN,11.95,37.65,18.0,62.55,38.8,11712.64,70945.0,8.73,2.48,0.74,8.44,80442.0,0.269,3.0,Uninsured
18087,LaGrange,IN,11.75,34.85,20.25,61.6,39.8,9228.37,81658.0,5.6,20.21,0.17,4.35,40364.0,0.406,4.0,Uninsured
18089,Lake,IN,14.0,36.95,17.55,65.5,39.9,14881.97,66375.0,14.55,1.02,23.3,20.18,497682.0,0.311,3.0,Diabetes
18091,LaPorte,IN,13.75,39.3,18.35,62.45,37.05,12777.47,66854.0,13.8,0.97,10.69,7.19,112215.0,0.32,3.0,Hypertension
18093,Lawrence,IN,12.45,37.15,18.3,61.0,41.9,11801.55,64210.0,10.51,0.96,0.33,1.8,45113.0,0.267,3.0,Hypertension
18095,Madison,IN,12.9,38.45,18.9,65.55,36.35,12777.72,60060.0,13.48,1.04,7.97,4.64,130545.0,0.299,3.0,Hypertension
18097,Marion,IN,12.9,38.1,17.85,64.15,38.35,12476.51,59504.0,15.06,1.62,28.2,11.11,971737.0,0.309,3.0,Hypertension
18099,Marshall,IN,12.75,37.55,18.7,63.8,43.3,10248.91,66016.0,10.65,4.02,0.76,10.7,46208.0,0.306,3.0,Uninsured
18101,Martin,IN,13.05,38.35,19.1,62.7,39.1,10645.99,65489.0,13.91,2.62,0.2,1.31,9863.0,0.318,3.0,Hypertension
18103,Miami,IN,13.55,38.15,19.1,59.6,44.25,12006.64,59551.0,14.76,0.84,4.16,3.68,35952.0,0.312,3.0,Diabetes
18105,Monroe,IN,10.45,31.15,18.55,62.2,34.1,11089.73,60308.0,18.48,0.73,3.64,3.77,140065.0,0.225,2.0,Poverty
18107,Montgomery,IN,12.35,37.35,18.45,57.95,39.35,11346.15,62937.0,12.2,1.04,0.82,5.16,38018.0,0.275,3.0,Hypertension
18109,Morgan,IN,12.15,36.35,18.1,62.05,37.55,11783.46,79134.0,8.35,1.02,0.47,1.84,71757.0,0.247,2.0,Hypertension
18111,Newton,IN,12.9,37.65,18.65,64.05,43.4,12601.38,63673.0,12.42,0.91,1.14,7.35,13829.0,0.287,3.0,Hypertension
18113,Noble,IN,12.15,35.2,18.45,63.75,39.55,10744.61,70286.0,7.1,3.56,0.36,10.7,47431.0,0.258,2.0,Uninsured
18115,Ohio,IN,12.4,37.55,17.9,66.9,39.35,13402.11,66333.0,9.91,1.21,0.3,0.0,5974.0,0.269,3.0,Hypertension
18117,Orange,IN,13.1,38.6,19.55,60.25,39.6,12087.71,60775.0,14.43,2.47,1.63,1.79,19768.0,0.322,3.0,Hypertension
18119,Owen,IN,12.8,37.9,18.95,62.7,41.45,9341.84,57947.0,12.02,1.74,0.49,1.34,21361.0,0.293,3.0,Hypertension
18121,Parke,IN,13.8,39.35,20.25,58.95,42.35,12643.54,63393.0,14.49,4.54,1.88,0.96,16327.0,0.36,4.0,Uninsured
18123,Perry,IN,12.25,38.1,18.55,64.85,37.55,13755.44,58936.0,11.17,1.05,3.18,1.53,19186.0,0.274,3.0,Hypertension
18125,Pike,IN,12.85,37.6,18.75,63.85,37.8,10607.76,64182.0,10.8,0.79,0.57,2.28,12227.0,0.277,3.0,Hypertension
18127,Porter,IN,11.55,36.4,17.15,63.8,39.85,12905.75,82915.0,9.1,0.8,4.09,10.76,173355.0,0.238,2.0,Hypertension
18129,Posey,IN,11.45,36.45,17.45,66.25,40.2,12048.18,75594.0,9.87,0.48,1.27,1.3,25226.0,0.237,2.0,Hypertension
18131,Pulaski,IN,12.95,38.4,18.85,63.4,38.7,10857.05,56823.0,12.53,0.56,0.19,3.38,12498.0,0.29,3.0,Hypertension
18133,Putnam,IN,11.75,35.3,18.45,61.55,38.75,11691.63,70609.0,7.77,0.54,2.66,2.07,36942.0,0.225,2.0,Hypertension
18135,Randolph,IN,12.95,37.95,19.1,61.25,38.7,11787.16,59674.0,12.75,0.87,0.21,4.03,24586.0,0.291,3.0,Hypertension
18137,Ripley,IN,11.35,35.7,18.35,64.7,36.15,11211.02,70285.0,9.44,1.61,0.33,1.84,28990.0,0.239,2.0,Uninsured
18139,Rush,IN,12.9,37.35,19.2,61.3,39.05,12163.87,62386.0,11.5,2.18,0.57,1.81,16716.0,0.293,3.0,Hypertension
18141,St. Joseph,IN,12.3,36.15,18.95,63.3,35.65,11330.3,61877.0,13.78,1.25,12.88,9.53,272388.0,0.275,3.0,Poverty
18143,Scott,IN,12.95,38.4,20.1,61.1,42.05,13998.81,49343.0,15.18,0.32,0.15,2.52,24403.0,0.3,3.0,Hypertension
18145,Shelby,IN,12.6,37.7,18.7,64.25,41.1,13432.14,66449.0,12.69,1.02,1.39,4.86,44940.0,0.284,3.0,Hypertension
18147,Spencer,IN,11.9,37.65,17.75,65.15,39.7,11264.36,66168.0,7.1,0.55,0.65,3.19,19935.0,0.241,2.0,Hypertension
18149,Starke,IN,13.4,38.1,19.55,62.4,42.25,12313.41,59916.0,13.49,0.71,0.17,4.45,23308.0,0.301,3.0,Hypertension
18151,Steuben,IN,12.05,36.25,17.85,67.8,35.1,10798.35,68837.0,8.88,0.79,0.31,4.0,34507.0,0.244,2.0,Hypertension
18153,Sullivan,IN,13.05,39.1,19.0,62.7,43.5,13663.93,54556.0,10.88,2.73,3.63,1.8,20791.0,0.31,3.0,Hypertension
18155,Switzerland,IN,13.3,39.55,19.55,62.4,40.15,11954.04,66525.0,16.41,3.5,0.3,2.09,9896.0,0.351,4.0,Hypertension
18157,Tippecanoe,IN,10.8,31.45,17.95,63.1,29.35,11768.53,55728.0,17.48,0.79,6.0,8.92,186955.0,0.229,2.0,Poverty
18159,Tipton,IN,11.95,36.3,17.55,63.15,36.5,13264.45,71947.0,11.88,0.65,0.52,3.06,15328.0,0.256,2.0,Hypertension
18161,Union,IN,11.55,35.95,17.95,64.7,37.5,12401.14,68514.0,5.94,1.45,0.61,2.27,7041.0,0.226,2.0,Uninsured
18163,Vanderburgh,IN,12.0,36.75,18.8,61.55,38.4,12198.47,58839.0,13.76,0.82,9.76,3.02,179900.0,0.27,3.0,Hypertension
18165,Vermillion,IN,12.9,38.1,19.2,61.4,40.5,13420.47,59567.0,14.61,0.18,0.45,1.56,15488.0,0.293,3.0,Hypertension
18167,Vigo,IN,13.25,36.9,19.8,61.4,41.8,13351.8,52789.0,18.52,1.14,6.92,2.82,106355.0,0.318,3.0,Poverty
18169,Wabash,IN,12.3,36.85,18.45,66.4,38.25,12917.85,66194.0,10.29,1.02,1.13,2.78,31032.0,0.262,2.0,Hypertension
18171,Warren,IN,12.5,37.1,18.5,64.8,41.5,10763.61,72833.0,12.36,1.12,0.09,2.25,8454.0,0.278,3.0,Hypertension
18173,Warrick,IN,10.55,32.9,16.65,65.35,33.9,13271.31,91105.0,5.95,0.33,2.06,2.11,64065.0,0.176,1.0,Uninsured
18175,Washington,IN,13.3,39.6,19.45,63.05,41.25,11811.99,60695.0,12.89,2.07,0.19,1.41,28133.0,0.321,3.0,Hypertension
18177,Wayne,IN,13.4,38.4,20.05,61.55,38.05,13080.5,54854.0,15.4,1.93,4.34,3.33,66522.0,0.324,3.0,Hypertension
18179,Wells,IN,11.55,36.75,18.1,66.6,41.9,11318.99,68074.0,6.21,1.12,1.13,3.34,28167.0,0.23,2.0,Hypertension
18181,White,IN,13.0,37.0,18.0,64.4,44.65,11755.1,65345.0,8.56,1.48,0.49,9.06,24630.0,0.271,3.0,Diabetes
18183,Whitley,IN,11.4,35.45,17.85,66.35,39.55,10752.08,73636.0,9.02,1.9,0.31,2.38,34259.0,0.239,2.0,Uninsured
19001,Adair,IA,11.5,36.0,17.25,65.1,40.0,12027.57,63172.0,9.84,1.38,0.64,2.62,7479.0,0.244,2.0,Hypertension
19003,Adams,IA,11.35,35.45,16.65,65.45,39.15,14460.53,64750.0,9.27,1.03,0.3,1.96,3680.0,0.231,2.0,Hypertension
19005,Allamakee,IA,11.45,35.7,17.1,63.95,42.4,9754.79,64049.0,11.35,1.45,1.72,7.45,14046.0,0.248,2.0,Uninsured
19007,Appanoose,IA,13.45,39.25,18.4,60.8,43.45,12055.53,50684.0,17.13,2.37,0.41,2.37,12279.0,0.344,4.0,Hypertension
19009,Audubon,IA,11.7,35.8,17.05,63.1,37.7,11960.07,54973.0,11.54,0.09,0.3,2.19,5651.0,0.241,2.0,Hypertension
19011,Benton,IA,9.85,33.15,16.4,65.8,40.7,9956.6,79444.0,8.14,0.32,0.42,1.72,25652.0,0.177,1.0,Uninsured
19013,Black Hawk,IA,11.2,33.15,17.0,69.45,41.2,10960.84,62329.0,15.12,0.41,9.77,4.74,131041.0,0.233,2.0,Poverty
19015,Boone,IA,10.05,33.7,16.35,63.8,43.15,10501.26,75759.0,7.33,0.32,1.3,2.8,26700.0,0.18,1.0,Uninsured
19017,Bremer,IA,9.15,31.45,15.95,66.4,38.1,11149.28,84727.0,6.16,0.11,1.31,1.86,25012.0,0.141,1.0,Uninsured
19019,Buchanan,IA,10.0,33.05,16.6,65.6,37.5,11308.56,73493.0,8.55,2.54,0.78,1.85,20631.0,0.202,1.0,Uninsured
19021,Buena Vista,IA,12.35,32.95,16.6,58.1,38.5,10736.58,62662.0,6.72,0.87,2.93,26.94,20687.0,0.216,2.0,Diabetes
19023,Butler,IA,11.05,35.2,16.9,64.85,39.3,11542.84,65743.0,11.61,0.62,0.51,1.63,14376.0,0.231,2.0,Hypertension
19025,Calhoun,IA,10.95,33.95,16.7,60.25,40.05,13012.42,65614.0,8.41,0.45,1.15,2.18,9893.0,0.204,1.0,Uninsured
19027,Carroll,IA,10.65,34.0,16.7,64.0,39.85,10921.14,68041.0,7.66,0.18,1.17,3.01,20728.0,0.193,1.0,Hypertension
19029,Cass,IA,12.2,36.05,17.5,64.25,40.85,13050.13,60815.0,15.04,0.12,0.75,3.06,13116.0,0.268,3.0,Poverty
19031,Cedar,IA,10.55,33.4,16.8,64.9,40.65,9789.79,76959.0,7.67,0.74,0.49,2.41,18479.0,0.192,1.0,Uninsured
19033,Cerro Gordo,IA,11.0,34.05,16.9,67.7,40.3,10602.29,63149.0,9.14,0.36,1.83,5.37,42979.0,0.208,1.0,Uninsured
19035,Cherokee,IA,11.95,36.2,17.1,63.7,40.8,11511.67,63638.0,12.98,0.7,1.4,4.55,11601.0,0.261,2.0,Hypertension
19037,Chickasaw,IA,11.05,34.9,16.65,67.2,39.5,11514.84,72734.0,6.19,2.48,0.78,3.04,11957.0,0.222,2.0,Uninsured
19039,Clarke,IA,12.9,35.5,18.1,56.6,43.15,13685.49,63120.0,16.55,1.64,0.04,16.51,9737.0,0.298,3.0,Poverty
19041,Clay,IA,10.9,33.75,16.6,63.4,35.35,10582.36,61756.0,11.23,0.35,0.57,4.17,16423.0,0.214,2.0,Poverty
19043,Clayton,IA,12.0,36.95,17.4,61.5,41.1,11617.63,60441.0,12.81,1.55,0.39,2.2,17123.0,0.274,3.0,Hypertension
19045,Clinton,IA,11.35,35.4,17.4,62.35,39.3,11029.86,61080.0,12.15,0.39,3.02,3.42,46488.0,0.238,2.0,Hypertension
19047,Crawford,IA,13.25,35.45,17.05,58.8,42.85,11641.08,61188.0,16.77,1.16,2.41,29.61,16450.0,0.3,3.0,Poverty
19049,Dallas,IA,8.65,28.95,14.5,65.9,32.6,10769.43,99533.0,5.64,1.04,2.3,6.39,100367.0,0.121,1.0,Uninsured
19051,Davis,IA,10.85,34.4,18.05,64.25,37.65,12597.78,77176.0,9.27,13.16,0.0,1.7,9093.0,0.335,3.0,Uninsured
19053,Decatur,IA,11.5,33.45,18.0,63.6,40.65,10977.12,56068.0,13.16,2.65,1.26,3.33,7684.0,0.253,2.0,Uninsured
19055,Delaware,IA,11.0,34.15,17.15,65.55,39.75,10593.53,75896.0,6.57,0.76,0.01,1.61,17523.0,0.2,1.0,Uninsured
19057,Des Moines,IA,11.05,32.65,17.35,63.6,34.7,10941.83,58084.0,14.31,0.23,5.26,3.77,38824.0,0.221,2.0,Poverty
19059,Dickinson,IA,10.3,33.9,15.35,63.1,37.4,10019.57,72446.0,6.14,0.56,0.12,2.57,17692.0,0.183,1.0,Uninsured
19061,Dubuque,IA,9.6,29.3,16.25,64.05,34.6,9629.7,73495.0,9.59,0.35,3.0,2.76,98812.0,0.152,1.0,Uninsured
19063,Emmet,IA,11.35,35.25,17.2,64.85,42.85,11114.93,64461.0,11.72,0.53,3.64,9.86,9349.0,0.236,2.0,Hypertension
19065,Fayette,IA,11.6,35.45,17.25,64.7,38.75,12972.77,56043.0,11.44,0.9,0.84,2.93,19519.0,0.244,2.0,Hypertension
19067,Floyd,IA,11.35,34.45,17.25,61.55,39.9,12397.98,62356.0,10.72,1.01,0.94,4.12,15601.0,0.23,2.0,Uninsured
19069,Franklin,IA,12.5,35.45,17.35,63.25,40.8,11467.92,62214.0,13.51,2.22,0.53,13.61,10015.0,0.282,3.0,Uninsured
19071,Fremont,IA,11.0,34.6,16.65,64.5,39.95,14072.34,69375.0,7.37,0.65,0.72,3.1,6639.0,0.206,1.0,Uninsured
19073,Greene,IA,11.45,34.75,17.25,65.0,35.9,11746.74,56884.0,11.35,0.83,0.5,3.22,8801.0,0.235,2.0,Uninsured
19075,Grundy,IA,9.85,32.3,16.3,67.9,37.5,13852.06,80701.0,5.86,0.35,0.84,1.77,12351.0,0.16,1.0,Uninsured
19077,Guthrie,IA,10.75,33.9,16.3,65.55,37.2,12609.1,75795.0,9.99,0.43,0.47,2.9,10619.0,0.207,1.0,Uninsured
19079,Hamilton,IA,10.8,33.7,16.1,65.5,36.55,12143.88,66685.0,7.64,0.19,1.38,6.66,14979.0,0.193,1.0,Uninsured
19081,Hancock,IA,11.1,34.4,16.6,64.75,42.35,11365.07,67865.0,9.69,0.89,0.82,5.2,10790.0,0.22,2.0,Uninsured
19083,Hardin,IA,11.4,35.05,17.0,62.8,39.05,10671.92,64656.0,8.04,0.81,0.55,4.57,16861.0,0.221,2.0,Hypertension
19085,Harrison,IA,11.1,33.85,16.85,60.15,35.1,13385.84,75830.0,7.47,0.98,0.16,2.05,14623.0,0.206,1.0,Uninsured
19087,Henry,IA,11.35,34.7,17.0,63.3,38.95,11517.18,62365.0,10.4,0.5,2.56,5.35,20436.0,0.226,2.0,Hypertension
19089,Howard,IA,11.05,34.1,17.3,62.05,38.1,12493.35,63947.0,8.49,3.94,0.17,1.8,9479.0,0.241,2.0,Uninsured
19091,Humboldt,IA,11.7,35.4,17.4,66.0,41.5,11314.65,66617.0,13.19,0.95,0.37,5.05,9606.0,0.254,2.0,Poverty
19093,Ida,IA,11.0,34.05,16.95,60.55,41.2,12971.84,63125.0,11.26,0.89,0.79,3.59,6969.0,0.223,2.0,Uninsured
19095,Iowa,IA,10.4,33.65,16.75,65.2,43.25,11511.86,69787.0,8.99,0.49,0.65,3.72,16575.0,0.195,1.0,Uninsured
19097,Jackson,IA,11.15,34.9,17.25,62.75,40.25,10382.55,69709.0,10.1,0.67,0.64,1.7,19470.0,0.224,2.0,Hypertension
19099,Jasper,IA,10.8,34.25,17.2,62.4,38.3,10433.72,67784.0,8.42,0.29,1.83,2.79,37808.0,0.202,1.0,Hypertension
19101,Jefferson,IA,11.65,35.5,15.55,62.3,39.65,9607.34,52210.0,13.14,0.02,4.82,3.6,15785.0,0.244,2.0,Poverty
19103,Johnson,IA,9.25,29.45,16.1,62.45,31.6,10360.34,72977.0,16.07,0.67,7.4,5.92,153360.0,0.18,1.0,Poverty
19105,Jones,IA,10.65,33.5,16.85,64.2,39.65,11748.4,68781.0,10.7,0.1,2.28,2.28,20733.0,0.202,1.0,Poverty
19107,Keokuk,IA,11.9,36.2,17.85,64.1,41.45,14261.68,60016.0,12.04,0.21,0.6,2.17,10026.0,0.25,2.0,Hypertension
19109,Kossuth,IA,11.4,33.95,16.8,63.6,38.55,11553.52,62553.0,10.29,0.77,0.84,3.81,14718.0,0.223,2.0,Uninsured
19111,Lee,IA,11.45,34.45,17.45,62.1,37.55,10955.74,58094.0,12.24,0.17,2.86,3.74,33442.0,0.231,2.0,Poverty
19113,Linn,IA,10.45,29.75,16.7,62.1,35.5,10735.44,75457.0,9.26,0.41,5.84,3.59,229308.0,0.168,1.0,Uninsured
19115,Louisa,IA,11.45,33.3,16.55,66.85,40.1,10712.09,72500.0,9.9,0.22,0.69,16.31,10823.0,0.212,2.0,Diabetes
19117,Lucas,IA,12.25,36.1,17.95,62.25,39.8,11664.87,63405.0,16.41,2.38,0.35,2.53,8666.0,0.298,3.0,Poverty
19119,Lyon,IA,10.8,34.85,17.75,64.2,42.4,11030.41,73735.0,3.82,0.82,0.2,3.04,12023.0,0.19,1.0,Uninsured
19121,Madison,IA,9.5,31.15,16.45,64.75,36.9,11084.62,88110.0,6.06,0.7,1.28,2.41,16609.0,0.15,1.0,Uninsured
19123,Mahaska,IA,10.7,33.8,17.55,63.05,38.8,10109.29,65200.0,11.57,0.48,1.71,2.42,22059.0,0.213,2.0,Poverty
19125,Marion,IA,9.6,32.25,16.35,65.1,39.7,11445.42,74193.0,7.28,0.9,0.56,2.19,33487.0,0.168,1.0,Uninsured
19127,Marshall,IA,11.75,32.65,16.3,59.85,44.25,9648.38,70828.0,10.72,0.58,2.11,24.26,40049.0,0.22,2.0,Diabetes
19129,Mills,IA,10.05,32.85,16.05,64.9,39.0,14489.91,81907.0,6.82,0.51,0.26,3.73,14605.0,0.174,1.0,Uninsured
19131,Mitchell,IA,10.75,34.4,16.65,63.95,40.25,10805.71,66056.0,6.53,1.44,0.56,1.77,10537.0,0.204,1.0,Uninsured
19133,Monona,IA,11.5,35.75,17.6,62.3,42.45,12300.11,59897.0,11.99,0.23,0.3,2.23,8671.0,0.24,2.0,Hypertension
19135,Monroe,IA,10.4,33.7,16.95,61.25,38.15,13412.85,76324.0,10.63,0.83,0.15,0.32,7574.0,0.207,1.0,Uninsured
19137,Montgomery,IA,11.4,35.25,17.45,60.3,39.6,12962.85,61261.0,14.21,0.21,0.45,1.04,10285.0,0.245,2.0,Poverty
19139,Muscatine,IA,11.3,33.2,17.4,60.45,41.4,11101.17,67427.0,11.49,0.36,2.71,18.63,42968.0,0.218,2.0,Poverty
19141,O'Brien,IA,11.2,34.1,17.5,61.5,39.05,10931.18,65076.0,11.9,1.04,1.39,5.75,14138.0,0.231,2.0,Uninsured
19143,Osceola,IA,12.3,35.6,17.25,61.3,39.8,10922.57,67561.0,12.36,0.63,0.94,8.85,6149.0,0.259,2.0,Diabetes
19145,Page,IA,12.1,37.4,17.35,60.85,42.85,15188.13,58264.0,12.6,0.27,1.54,3.68,15225.0,0.266,3.0,Hypertension
19147,Palo Alto,IA,10.75,34.1,16.75,61.45,40.3,11213.03,67306.0,10.21,0.96,2.05,3.65,8938.0,0.215,2.0,Uninsured
19149,Plymouth,IA,10.1,32.35,16.2,64.5,39.4,12231.44,79963.0,5.59,1.24,1.78,5.82,25621.0,0.172,1.0,Uninsured
19151,Pocahontas,IA,11.55,34.65,16.95,63.65,36.45,14092.07,61434.0,8.87,0.86,0.16,4.55,7061.0,0.225,2.0,Uninsured
19153,Polk,IA,9.85,30.65,17.3,63.65,36.95,10874.17,78827.0,10.15,0.56,7.3,8.91,493378.0,0.17,1.0,Uninsured
19155,Pottawattamie,IA,10.7,33.05,17.65,63.0,39.15,11639.31,68718.0,11.03,0.63,1.55,8.48,93543.0,0.207,1.0,Uninsured
19157,Poweshiek,IA,10.45,33.1,17.15,63.35,41.35,10073.82,61192.0,9.82,0.34,1.18,3.43,18608.0,0.194,1.0,Uninsured
19159,Ringgold,IA,10.65,34.15,16.5,62.1,42.85,13125.3,67898.0,7.87,1.13,0.13,2.9,4690.0,0.204,1.0,Uninsured
19161,Sac,IA,10.85,34.0,16.7,65.2,41.45,13991.93,68778.0,8.5,0.53,0.33,3.88,9778.0,0.204,1.0,Uninsured
19163,Scott,IA,10.2,31.05,16.7,66.4,40.6,12037.73,72792.0,11.63,0.97,7.03,7.27,174315.0,0.19,1.0,Uninsured
19165,Shelby,IA,10.9,33.6,16.6,61.2,37.95,13173.83,70295.0,8.61,0.32,0.92,3.25,11737.0,0.2,1.0,Uninsured
19167,Sioux,IA,9.35,31.5,16.15,59.85,33.75,11278.11,81914.0,5.69,1.55,0.5,11.41,35815.0,0.157,1.0,Uninsured
19169,Story,IA,8.95,28.7,16.6,67.9,32.9,10599.34,66197.0,17.2,0.33,2.37,3.81,98573.0,0.172,1.0,Poverty
19171,Tama,IA,12.15,34.55,17.5,62.4,40.3,11161.99,65483.0,14.77,1.07,1.04,11.55,17017.0,0.264,2.0,Poverty
19173,Taylor,IA,11.45,35.7,16.95,62.35,39.85,14547.21,65926.0,8.38,0.19,0.12,8.94,5916.0,0.222,2.0,Hypertension
19175,Union,IA,10.95,34.55,17.3,63.45,37.4,12635.46,56495.0,11.57,1.16,0.39,3.16,12107.0,0.23,2.0,Uninsured
19177,Van Buren,IA,12.2,36.5,18.0,59.5,39.5,13646.32,58417.0,10.93,3.73,0.42,1.64,7207.0,0.287,3.0,Uninsured
19179,Wapello,IA,12.5,33.8,17.75,64.1,41.8,11854.6,56209.0,17.0,1.06,3.21,11.53,35292.0,0.275,3.0,Poverty
19181,Warren,IA,9.05,30.65,15.85,66.85,38.7,10948.44,89741.0,5.95,0.27,0.75,3.24,52709.0,0.134,1.0,Uninsured
19183,Washington,IA,10.8,34.45,16.7,64.65,38.7,11169.46,71122.0,7.34,0.94,0.4,7.02,22534.0,0.204,1.0,Uninsured
19185,Wayne,IA,11.55,35.2,17.8,60.75,40.9,12475.82,58257.0,13.06,5.1,0.29,1.8,6484.0,0.29,3.0,Uninsured
19187,Webster,IA,10.95,35.0,17.45,62.8,41.7,10718.7,65335.0,11.22,1.14,3.4,5.88,36986.0,0.231,2.0,Uninsured
19189,Winnebago,IA,10.45,33.7,16.6,63.95,38.85,10625.43,62853.0,7.28,0.5,0.81,5.36,10704.0,0.188,1.0,Uninsured
19191,Winneshiek,IA,9.6,31.35,15.95,66.3,35.4,9509.16,67770.0,7.99,0.38,0.81,2.42,20050.0,0.159,1.0,Uninsured
19193,Woodbury,IA,11.55,33.4,17.8,57.65,39.3,12097.33,68399.0,13.15,0.67,4.26,18.09,105526.0,0.234,2.0,Poverty
19195,Worth,IA,10.9,34.55,16.6,65.25,40.45,10340.33,69897.0,7.24,1.28,1.04,3.25,7417.0,0.21,2.0,Uninsured
19197,Wright,IA,12.4,34.95,16.55,61.05,41.0,12175.31,58240.0,14.03,0.54,0.16,13.66,12897.0,0.262,2.0,Poverty
20001,Allen,KS,11.3,33.95,17.85,56.1,37.7,14631.89,55059.0,14.66,2.19,1.74,4.13,12554.0,0.256,2.0,Uninsured
20003,Anderson,KS,11.65,36.0,18.05,53.5,40.2,14447.06,67651.0,12.87,1.99,0.99,2.62,7799.0,0.266,3.0,Uninsured
20005,Atchison,KS,10.6,33.7,18.15,58.8,37.9,12336.95,55281.0,13.18,1.41,3.69,3.26,16309.0,0.228,2.0,Uninsured
20007,Barber,KS,11.9,36.6,17.0,57.35,38.6,15421.15,53774.0,19.82,0.86,0.22,7.65,4081.0,0.296,3.0,Poverty
20009,Barton,KS,12.1,35.4,16.95,60.0,39.0,13329.34,54634.0,14.1,1.42,1.09,15.91,25477.0,0.27,3.0,Poverty
20011,Bourbon,KS,11.55,35.75,17.8,55.5,37.0,10749.21,55826.0,12.39,0.85,2.87,3.14,14405.0,0.249,2.0,Hypertension
20013,Brown,KS,11.9,36.85,17.75,58.3,39.6,13362.72,55876.0,14.2,1.83,0.93,5.66,9486.0,0.281,3.0,Hypertension
20015,Butler,KS,10.0,32.9,17.0,59.95,38.9,11885.34,77724.0,7.52,1.13,2.57,5.53,67618.0,0.182,1.0,Uninsured
20017,Chase,KS,12.35,36.55,16.85,57.05,38.5,11559.14,52481.0,8.4,1.91,0.51,6.65,2570.0,0.26,2.0,Uninsured
20019,Chautauqua,KS,13.25,38.45,18.4,55.9,40.65,10491.89,51210.0,17.32,3.07,0.91,4.49,3389.0,0.343,4.0,Uninsured
20021,Cherokee,KS,12.0,35.8,18.45,56.35,43.75,12858.82,53382.0,13.49,1.52,0.87,3.24,19380.0,0.269,3.0,Uninsured
20023,Cheyenne,KS,12.95,37.2,17.5,57.15,38.25,15314.53,52730.0,14.97,2.6,0.04,7.48,2619.0,0.313,3.0,Uninsured
20025,Clark,KS,10.8,34.45,16.05,58.05,37.0,17050.48,58287.0,11.13,1.92,0.0,7.18,1977.0,0.232,2.0,Uninsured
20027,Clay,KS,11.25,36.1,16.95,59.2,39.7,11763.83,57765.0,11.12,0.3,1.85,3.18,8088.0,0.235,2.0,Hypertension
20029,Cloud,KS,11.15,35.95,17.65,57.55,41.75,14728.08,51197.0,11.37,1.55,0.87,3.85,9008.0,0.246,2.0,Uninsured
20031,Coffey,KS,11.2,35.0,17.1,58.45,36.9,12569.66,67645.0,11.08,1.82,0.48,3.48,8334.0,0.241,2.0,Uninsured
20033,Comanche,KS,11.5,35.95,16.9,61.5,39.5,15627.09,49754.0,8.33,2.03,0.16,2.63,1825.0,0.243,2.0,Uninsured
20035,Cowley,KS,11.85,35.5,17.75,56.3,41.2,11183.23,55726.0,13.04,1.47,2.07,11.6,34661.0,0.262,2.0,Uninsured
20037,Crawford,KS,11.0,35.0,18.4,56.75,37.8,12013.46,49779.0,19.85,0.89,2.1,6.41,39012.0,0.27,3.0,Poverty
20039,Decatur,KS,11.4,35.2,15.8,58.5,36.95,13628.15,49412.0,11.87,1.08,1.05,3.64,2771.0,0.243,2.0,Uninsured
20041,Dickinson,KS,10.6,34.0,16.95,59.7,39.45,13176.16,62971.0,8.66,3.15,1.2,5.29,18492.0,0.226,2.0,Uninsured
20043,Doniphan,KS,10.45,33.6,17.25,58.4,37.75,14671.62,66358.0,10.24,1.8,4.81,2.99,7501.0,0.214,2.0,Uninsured
20045,Douglas,KS,8.8,27.9,16.8,59.85,31.8,11112.35,66153.0,15.13,0.8,4.28,6.68,119094.0,0.158,1.0,Poverty
20047,Edwards,KS,12.7,36.4,16.85,59.6,40.05,14821.04,52750.0,13.27,1.65,0.35,21.41,2849.0,0.286,3.0,Diabetes
20049,Elk,KS,13.4,38.6,17.8,53.25,40.5,13258.98,50000.0,14.76,1.47,0.08,4.73,2453.0,0.318,3.0,Hypertension
20051,Ellis,KS,9.75,31.9,17.15,61.4,37.7,11417.12,59665.0,14.6,0.32,1.32,6.43,28921.0,0.196,1.0,Poverty
20053,Ellsworth,KS,10.65,35.15,15.85,57.15,39.5,14095.79,59844.0,7.39,0.52,3.22,6.15,6374.0,0.203,1.0,Hypertension
20055,Finney,KS,13.0,32.9,17.0,51.1,37.5,10813.68,68481.0,12.55,2.41,4.46,51.11,38187.0,0.27,3.0,Uninsured
20057,Ford,KS,13.0,33.15,16.6,52.6,39.35,10294.86,67997.0,11.57,1.89,2.48,56.48,34212.0,0.262,2.0,Diabetes
20059,Franklin,KS,10.55,34.05,17.35,59.65,40.3,13582.23,68217.0,8.09,0.95,0.64,4.62,25968.0,0.201,1.0,Uninsured
20061,Geary,KS,10.75,32.5,18.85,57.55,35.3,9775.03,57992.0,18.05,1.5,17.08,16.79,36247.0,0.245,2.0,Poverty
20063,Gove,KS,10.75,34.15,16.6,61.7,37.55,17091.44,59417.0,6.27,3.37,0.76,2.32,2758.0,0.22,2.0,Uninsured
20065,Graham,KS,12.25,37.6,16.5,59.95,37.0,14447.95,47071.0,9.79,0.21,4.24,4.12,2430.0,0.256,2.0,Hypertension
20067,Grant,KS,11.2,30.25,14.9,56.95,35.55,10961.22,84808.0,5.28,0.63,0.12,49.5,7336.0,0.168,1.0,Uninsured
20069,Gray,KS,10.5,32.1,17.35,53.3,39.7,9334.55,74500.0,3.99,3.01,0.0,17.14,5719.0,0.187,1.0,Uninsured
20071,Greeley,KS,10.5,32.65,15.4,62.3,36.85,15817.61,69948.0,7.9,3.6,0.16,20.56,1279.0,0.215,2.0,Uninsured
20073,Greenwood,KS,12.3,37.35,17.55,55.0,40.7,13331.96,51812.0,15.05,1.83,0.5,4.3,6001.0,0.296,3.0,Hypertension
20075,Hamilton,KS,11.2,32.25,15.8,57.4,40.1,22683.61,58750.0,7.86,2.98,0.0,34.01,2520.0,0.218,2.0,Uninsured
20077,Harper,KS,13.1,37.05,18.0,56.55,42.0,13798.8,53032.0,15.12,1.85,0.15,7.11,5457.0,0.308,3.0,Diabetes
20079,Harvey,KS,11.1,32.4,16.35,60.5,36.85,11524.37,70685.0,9.31,0.66,1.6,12.59,33959.0,0.201,1.0,Uninsured
20081,Haskell,KS,12.35,33.25,17.2,56.25,42.1,13319.9,66458.0,8.89,2.12,0.35,31.78,3735.0,0.241,2.0,Uninsured
20083,Hodgeman,KS,10.15,33.4,15.5,60.95,36.45,18486.76,63125.0,8.59,2.09,0.11,6.67,1770.0,0.203,1.0,Uninsured
20085,Jackson,KS,11.0,33.55,17.15,60.75,37.75,13838.86,70385.0,7.8,2.28,1.05,5.39,13274.0,0.217,2.0,Uninsured
20087,Jefferson,KS,10.0,32.4,16.25,62.2,34.55,12487.96,74562.0,5.96,0.38,0.75,3.24,18387.0,0.164,1.0,Uninsured
20089,Jewell,KS,13.25,38.95,17.15,59.7,39.45,15951.57,47109.0,18.54,1.19,1.13,1.71,2929.0,0.333,3.0,Poverty
20091,Johnson,KS,8.85,30.65,13.45,65.3,31.05,13133.45,103644.0,5.22,0.86,4.85,8.14,610742.0,0.133,1.0,Uninsured
20093,Kearny,KS,12.05,32.65,16.85,52.0,37.75,12836.3,68750.0,15.31,1.36,2.95,32.62,3964.0,0.254,2.0,Poverty
20095,Kingman,KS,10.8,34.45,17.25,60.0,39.55,13905.02,59640.0,7.74,0.77,0.26,3.98,7369.0,0.205,1.0,Uninsured
20097,Kiowa,KS,10.55,34.15,16.45,59.35,39.6,14899.28,70347.0,4.74,2.09,0.74,5.6,2445.0,0.197,1.0,Uninsured
20099,Labette,KS,12.05,37.4,17.95,56.9,41.35,10282.22,56143.0,14.87,1.59,4.06,5.06,20096.0,0.289,3.0,Hypertension
20101,Lane,KS,11.35,35.0,16.55,57.9,36.8,12353.35,52222.0,8.97,3.99,0.46,12.24,1528.0,0.256,2.0,Uninsured
20103,Leavenworth,KS,10.2,31.55,16.05,61.4,39.65,12709.51,84307.0,9.4,1.05,7.5,7.41,82050.0,0.184,1.0,Uninsured
20105,Lincoln,KS,12.2,37.4,17.15,62.25,40.35,13899.75,52540.0,12.56,0.48,0.17,3.86,2929.0,0.269,3.0,Hypertension
20107,Linn,KS,10.85,33.65,17.1,58.05,37.05,11250.63,56697.0,11.4,0.65,0.96,3.04,9696.0,0.216,2.0,Poverty
20109,Logan,KS,11.25,34.3,17.0,59.15,39.95,15903.99,70382.0,9.77,0.58,0.0,6.1,2752.0,0.219,2.0,Uninsured
20111,Lyon,KS,11.35,33.85,17.65,59.85,38.85,12890.95,56415.0,15.64,1.39,1.79,22.47,32182.0,0.253,2.0,Poverty
20113,McPherson,KS,9.65,32.9,16.4,59.1,37.5,12040.07,71250.0,10.04,1.12,1.79,4.77,30085.0,0.188,1.0,Uninsured
20115,Marion,KS,10.85,34.45,16.7,61.15,39.2,11634.56,60011.0,8.17,1.1,1.1,3.96,11867.0,0.211,2.0,Uninsured
20117,Marshall,KS,11.4,35.15,17.6,60.15,37.45,11952.38,64306.0,10.35,1.2,0.74,3.01,10014.0,0.236,2.0,Uninsured
20119,Meade,KS,11.4,34.0,16.85,59.75,36.9,11264.57,74063.0,6.87,2.49,0.92,21.95,4019.0,0.225,2.0,Uninsured
20121,Miami,KS,9.8,31.15,16.25,63.0,34.85,12671.98,85564.0,6.84,0.65,1.16,3.59,34312.0,0.158,1.0,Uninsured
20123,Mitchell,KS,11.3,35.3,17.2,57.6,39.15,15127.95,63008.0,14.65,3.47,0.21,3.36,5829.0,0.278,3.0,Uninsured
20125,Montgomery,KS,12.45,37.2,18.35,57.2,39.1,10609.2,51513.0,16.36,2.32,4.89,7.4,31448.0,0.308,3.0,Poverty
20127,Morris,KS,11.55,36.2,16.55,60.2,36.8,10850.37,52866.0,10.81,1.47,0.17,5.61,5385.0,0.251,2.0,Hypertension
20129,Morton,KS,12.55,34.9,17.0,55.5,38.15,17178.09,57943.0,12.83,1.3,0.93,23.92,2688.0,0.267,3.0,Diabetes
20131,Nemaha,KS,10.2,34.0,16.55,60.85,39.0,14682.22,72788.0,8.45,1.14,0.47,2.26,10219.0,0.198,1.0,Uninsured
20133,Neosho,KS,11.85,35.55,17.8,55.95,39.7,11576.82,54894.0,14.44,2.1,1.21,6.33,15826.0,0.275,3.0,Uninsured
20135,Ness,KS,11.55,35.1,16.3,59.4,35.65,18754.88,64907.0,10.31,2.2,0.3,13.71,2677.0,0.248,2.0,Uninsured
20137,Norton,KS,11.75,35.6,17.1,57.2,42.8,13429.27,52710.0,7.73,2.14,2.87,5.73,5431.0,0.243,2.0,Uninsured
20139,Osage,KS,11.05,35.7,17.25,60.2,41.65,12313.57,66155.0,10.93,1.72,0.37,3.6,15787.0,0.242,2.0,Uninsured
20141,Osborne,KS,12.0,36.05,16.85,59.35,39.0,15676.63,58750.0,13.0,0.72,0.49,2.61,3493.0,0.261,2.0,Hypertension
20143,Ottawa,KS,10.8,34.4,16.7,62.4,38.3,13866.82,74551.0,10.21,0.97,0.75,3.17,5768.0,0.218,2.0,Uninsured
20145,Pawnee,KS,11.35,35.4,16.15,60.05,38.1,15530.77,54141.0,10.21,1.32,5.69,7.51,6288.0,0.238,2.0,Uninsured
20147,Phillips,KS,11.75,35.7,17.0,59.3,40.7,14665.16,57611.0,16.11,0.58,1.27,3.51,4960.0,0.267,3.0,Poverty
20149,Pottawatomie,KS,9.1,31.7,16.1,59.6,35.8,12631.19,85241.0,7.15,1.08,1.72,5.39,25482.0,0.156,1.0,Uninsured
20151,Pratt,KS,11.0,33.4,16.8,60.15,37.05,12192.49,61685.0,10.95,1.43,2.25,7.53,9175.0,0.222,2.0,Uninsured
20153,Rawlins,KS,12.55,36.7,17.3,59.05,42.15,13488.15,61827.0,10.77,1.61,0.55,7.74,2544.0,0.273,3.0,Hypertension
20155,Reno,KS,12.05,33.0,17.0,58.85,44.25,12448.7,57390.0,11.7,1.17,2.11,10.02,61881.0,0.238,2.0,Uninsured
20157,Republic,KS,12.3,37.25,17.05,61.65,41.4,12411.02,54531.0,9.92,1.56,1.24,2.39,4686.0,0.268,3.0,Hypertension
20159,Rice,KS,10.95,33.9,16.7,61.0,40.05,14893.17,58523.0,9.05,0.79,2.0,11.77,9441.0,0.21,2.0,Uninsured
20161,Riley,KS,8.8,27.0,17.85,61.4,28.65,10567.77,56327.0,19.31,0.34,6.37,8.52,72105.0,0.167,1.0,Poverty
20163,Rooks,KS,10.75,34.45,16.45,63.75,40.6,13790.59,60821.0,4.43,0.12,1.75,2.58,4925.0,0.182,1.0,Hypertension
20165,Rush,KS,11.95,36.65,16.9,59.1,38.75,12760.5,53523.0,12.52,0.1,0.54,5.44,2939.0,0.256,2.0,Hypertension
20167,Russell,KS,12.05,37.0,17.8,60.45,41.65,13000.83,49929.0,17.05,2.06,0.82,4.39,6702.0,0.3,3.0,Poverty
20169,Saline,KS,11.1,33.2,17.0,60.9,41.3,12019.78,59887.0,11.62,1.13,3.13,12.05,54160.0,0.222,2.0,Uninsured
20171,Scott,KS,10.45,32.55,15.6,56.7,38.35,17844.96,53365.0,7.39,0.64,0.0,21.1,5128.0,0.182,1.0,Uninsured
20173,Sedgwick,KS,11.45,33.6,17.25,59.35,38.75,12274.31,65372.0,13.46,1.47,8.05,15.48,522700.0,0.243,2.0,Uninsured
20175,Seward,KS,13.5,31.85,16.8,51.0,43.05,10464.22,57131.0,13.3,1.86,2.96,64.23,21942.0,0.268,3.0,Diabetes
20177,Shawnee,KS,11.4,36.65,16.2,68.6,38.4,12509.07,63463.0,12.54,1.3,8.03,13.2,178625.0,0.258,2.0,Hypertension
20179,Sheridan,KS,10.35,33.35,16.25,62.85,34.4,13986.48,66719.0,7.59,0.61,0.12,5.96,2450.0,0.187,1.0,Uninsured
20181,Sherman,KS,11.2,34.9,16.95,57.15,38.75,12765.01,61404.0,9.93,2.31,1.9,12.78,5940.0,0.24,2.0,Uninsured
20183,Smith,KS,11.25,35.7,16.1,60.6,39.3,14333.87,50943.0,7.19,0.95,0.59,2.67,3561.0,0.22,2.0,Hypertension
20185,Stafford,KS,11.6,34.9,16.6,64.0,41.25,21329.3,60000.0,10.75,0.54,0.27,13.39,4054.0,0.233,2.0,Hypertension
20187,Stanton,KS,13.6,34.2,16.6,51.9,39.85,13847.0,66000.0,13.01,2.57,0.0,42.57,2060.0,0.293,3.0,Diabetes
20189,Stevens,KS,13.85,35.65,17.8,52.85,41.5,13341.46,67950.0,15.47,2.84,0.38,38.14,5275.0,0.322,3.0,Diabetes
20191,Sumner,KS,11.15,34.65,17.2,59.1,39.85,11825.51,59397.0,11.34,1.23,1.0,5.89,22517.0,0.233,2.0,Uninsured
20193,Thomas,KS,9.6,31.55,16.8,59.65,35.75,15440.59,72417.0,6.18,3.96,0.91,7.63,7907.0,0.188,1.0,Uninsured
20195,Trego,KS,10.5,34.55,15.7,61.35,40.4,15437.77,77500.0,7.08,0.86,0.07,0.82,2798.0,0.198,1.0,Uninsured
20197,Wabaunsee,KS,10.2,33.0,16.35,63.25,35.2,10923.2,70000.0,5.81,1.53,1.01,4.94,6922.0,0.183,1.0,Uninsured
20199,Wallace,KS,11.95,35.75,16.8,59.1,36.95,11629.92,57708.0,15.31,0.0,0.67,6.78,1489.0,0.261,2.0,Poverty
20201,Washington,KS,10.4,33.55,16.3,61.55,34.2,13760.84,59432.0,9.73,0.89,0.18,4.38,5529.0,0.202,1.0,Uninsured
20203,Wichita,KS,12.95,35.8,16.5,56.9,41.95,18542.75,69551.0,14.78,1.5,0.7,24.92,2131.0,0.291,3.0,Diabetes
20205,Wilson,KS,12.1,36.65,17.7,59.8,39.85,13293.26,55439.0,16.0,0.63,0.21,3.76,8667.0,0.28,3.0,Poverty
20207,Woodson,KS,11.7,36.45,17.05,59.5,39.55,11997.37,50670.0,13.02,1.12,0.06,0.86,3134.0,0.262,2.0,Hypertension
20209,Wyandotte,KS,14.2,36.45,17.25,55.55,40.7,14370.32,57771.0,16.63,2.74,20.52,30.2,167989.0,0.338,4.0,Diabetes
21001,Adair,KY,,,,59.25,,11930.8,49690.0,18.48,1.61,1.63,2.48,18887.0,,,
21003,Allen,KY,,,,60.8,,12835.83,57159.0,16.28,2.15,0.8,2.42,20773.0,,,
21005,Anderson,KY,,,,65.45,,11712.77,69885.0,13.26,0.44,3.05,2.16,23839.0,,,
21007,Ballard,KY,,,,61.6,,12083.07,57111.0,14.01,0.54,3.89,1.61,7742.0,,,
21009,Barren,KY,,,,62.25,,12551.1,48141.0,20.64,2.89,3.49,3.61,44511.0,,,
21011,Bath,KY,,,,58.45,,11690.12,51471.0,22.89,2.83,1.7,1.79,12739.0,,,
21013,Bell,KY,,,,54.5,,12199.04,33658.0,25.38,0.89,1.93,1.36,24248.0,,,
21015,Boone,KY,,,,63.25,,14216.7,91697.0,5.67,1.76,3.59,4.53,136150.0,,,
21017,Bourbon,KY,,,,61.9,,11182.75,54580.0,14.91,0.33,4.95,7.17,20228.0,,,
21019,Boyd,KY,,,,66.75,,13559.51,58327.0,16.73,0.36,2.04,1.96,48242.0,,,
21021,Boyle,KY,,,,61.45,,11286.39,56568.0,13.57,0.33,8.15,3.38,30613.0,,,
21023,Bracken,KY,,,,60.9,,13002.89,59911.0,16.75,0.7,1.37,0.8,8420.0,,,
21025,Breathitt,KY,,,,55.3,,12766.35,38209.0,27.99,0.16,1.03,1.16,13580.0,,,
21027,Breckinridge,KY,,,,62.8,,11759.71,51756.0,23.06,3.18,1.69,1.95,20528.0,,,
21029,Bullitt,KY,,,,64.0,,13208.52,73900.0,10.51,0.21,1.22,2.59,82482.0,,,
21031,Butler,KY,,,,61.1,,10908.03,47589.0,19.14,2.14,0.52,3.78,12365.0,,,
21033,Caldwell,KY,,,,64.55,,12813.04,52488.0,16.02,1.12,5.99,2.19,12635.0,,,
21035,Calloway,KY,,,,62.65,,12267.82,48276.0,17.15,0.85,3.49,2.81,37345.0,,,
21037,Campbell,KY,,,,67.9,,12794.42,71979.0,11.31,0.32,2.64,2.27,93122.0,,,
21039,Carlisle,KY,,,,63.15,,11215.72,53065.0,19.85,0.82,1.21,2.47,4782.0,,,
21041,Carroll,KY,,,,60.85,,12054.42,50625.0,19.74,1.95,3.27,6.87,10842.0,,,
21043,Carter,KY,,,,59.55,,11799.55,47004.0,23.23,2.46,0.42,0.99,26671.0,,,
21045,Casey,KY,,,,57.2,,13829.83,42190.0,25.46,4.11,0.92,3.06,15942.0,,,
21047,Christian,KY,,,,61.5,,11952.69,48920.0,15.43,2.46,20.2,8.44,72766.0,,,
21049,Clark,KY,,,,62.65,,11440.28,61878.0,14.77,0.64,3.85,3.34,36897.0,,,
21051,Clay,KY,,,,55.05,,11759.86,37888.0,28.99,0.4,4.19,1.23,20322.0,,,
21053,Clinton,KY,,,,59.8,,13035.79,41180.0,19.9,0.39,0.15,3.32,9295.0,,,
21055,Crittenden,KY,,,,60.0,,15179.97,45810.0,17.37,4.8,0.71,1.95,8979.0,,,
21057,Cumberland,KY,,,,59.7,,15917.85,40515.0,27.75,2.24,2.71,1.76,5974.0,,,
21059,Daviess,KY,,,,64.0,,12370.9,64021.0,13.59,1.2,4.76,3.45,102916.0,,,
21061,Edmonson,KY,,,,61.25,,11294.52,53029.0,16.71,1.45,0.79,1.57,12179.0,,,
21063,Elliott,KY,,,,57.0,,10299.9,39469.0,20.22,0.68,2.89,0.95,7378.0,,,
21065,Estill,KY,,,,58.75,,12369.99,39980.0,23.72,0.32,0.14,0.83,14138.0,,,
21067,Fayette,KY,,,,66.55,,12285.13,66087.0,14.37,0.64,14.7,7.42,321276.0,,,
21069,Fleming,KY,,,,62.2,,13445.34,46885.0,20.96,3.17,0.87,1.7,15111.0,,,
21071,Floyd,KY,,,,57.65,,12740.49,38723.0,28.66,0.56,0.84,0.19,35780.0,,,
21073,Franklin,KY,,,,65.25,,16138.91,62929.0,12.81,0.84,8.72,3.87,51475.0,,,
21075,Fulton,KY,,,,60.35,,13395.69,35449.0,25.2,0.0,23.63,1.47,6480.0,,,
21077,Gallatin,KY,,,,60.55,,13374.96,58641.0,16.57,1.64,2.71,5.86,8720.0,,,
21079,Garrard,KY,,,,61.95,,11275.4,58263.0,15.47,1.18,2.35,2.45,17175.0,,,
21081,Grant,KY,,,,62.4,,13739.27,65461.0,12.59,0.33,0.88,3.1,25085.0,,,
21083,Graves,KY,,,,62.7,,12464.54,52526.0,19.46,1.15,4.04,7.39,36701.0,,,
21085,Grayson,KY,,,,59.4,,12596.24,47024.0,20.64,0.67,0.51,1.49,26465.0,,,
21087,Green,KY,,,,59.55,,15843.98,38595.0,21.04,2.18,1.79,1.78,11198.0,,,
21089,Greenup,KY,,,,63.05,,13178.26,58562.0,14.85,1.01,0.93,1.22,35853.0,,,
21091,Hancock,KY,,,,63.7,,11277.3,68102.0,14.85,1.24,0.89,1.77,9058.0,,,
21093,Hardin,KY,,,,65.0,,11791.07,64136.0,11.17,0.78,11.85,6.0,111005.0,,,
21095,Harlan,KY,,,,57.75,,10807.14,35128.0,29.33,0.71,2.06,0.3,26589.0,,,
21097,Harrison,KY,,,,63.9,,11682.13,58840.0,15.56,0.78,2.07,2.55,18803.0,,,
21099,Hart,KY,,,,55.35,,12258.49,45561.0,22.02,2.05,4.23,2.03,19345.0,,,
21101,Henderson,KY,,,,63.25,,13939.44,56912.0,16.6,0.55,7.2,2.94,44770.0,,,
21103,Henry,KY,,,,63.95,,15324.82,58294.0,16.11,1.46,2.38,3.69,15731.0,,,
21105,Hickman,KY,,,,64.3,,16584.16,68589.0,16.17,0.0,9.4,2.23,4491.0,,,
21107,Hopkins,KY,,,,65.15,,11934.08,54466.0,18.63,0.64,6.07,2.26,45223.0,,,
21109,Jackson,KY,,,,60.4,,10683.34,38516.0,22.34,0.34,0.22,1.08,13002.0,,,
21111,Jefferson,KY,,,,65.65,,13040.15,66296.0,13.85,0.81,22.01,6.29,779232.0,,,
21113,Jessamine,KY,,,,65.4,,11357.57,69905.0,11.72,1.44,4.31,3.92,53381.0,,,
21115,Johnson,KY,,,,57.45,,11819.71,44231.0,20.89,0.57,0.46,0.57,22631.0,,,
21117,Kenton,KY,,,,65.35,,14248.77,76016.0,11.78,0.49,4.38,3.6,169066.0,,,
21119,Knott,KY,,,,57.0,,11404.54,38336.0,26.59,0.61,1.08,1.07,14282.0,,,
21121,Knox,KY,,,,54.0,,11457.77,34254.0,33.2,0.59,0.74,1.49,30207.0,,,
21123,Larue,KY,,,,63.35,,11709.37,57867.0,18.52,0.66,3.07,3.34,14902.0,,,
21125,Laurel,KY,,,,58.7,,12101.81,53693.0,20.19,1.42,0.65,1.58,62442.0,,,
21127,Lawrence,KY,,,,62.4,,12886.87,42488.0,26.1,0.88,0.22,1.51,16228.0,,,
21129,Lee,KY,,,,54.85,,12957.29,31682.0,28.37,0.14,2.03,2.33,7338.0,,,
21131,Leslie,KY,,,,58.4,,12093.84,37019.0,32.3,0.22,0.42,0.7,10468.0,,,
21133,Letcher,KY,,,,60.5,,11139.55,38466.0,28.3,0.72,0.66,0.93,21490.0,,,
21135,Lewis,KY,,,,55.25,,12634.57,36662.0,26.24,0.37,0.03,0.03,13063.0,,,
21137,Lincoln,KY,,,,59.55,,12029.54,49487.0,17.06,1.57,1.8,1.88,24320.0,,,
21139,Livingston,KY,,,,61.4,,13639.09,56125.0,16.74,0.28,0.59,2.55,8980.0,,,
21141,Logan,KY,,,,62.55,,13353.48,58869.0,15.52,2.3,5.85,3.11,27498.0,,,
21143,Lyon,KY,,,,61.5,,12943.56,64081.0,8.3,0.68,6.46,2.51,8721.0,,,
21145,McCracken,KY,,,,62.25,,12215.05,58490.0,14.87,0.77,10.47,2.79,67573.0,,,
21147,McCreary,KY,,,,53.7,,11203.63,35000.0,30.47,0.99,6.93,1.63,16892.0,,,
21149,McLean,KY,,,,66.55,,11826.93,64020.0,7.86,0.07,0.99,2.05,9173.0,,,
21151,Madison,KY,,,,63.5,,12215.59,59797.0,15.12,0.73,3.91,2.74,92955.0,,,
21153,Magoffin,KY,,,,55.95,,11434.53,31927.0,30.08,0.76,0.03,1.31,11647.0,,,
21155,Marion,KY,,,,59.75,,10949.07,49627.0,21.3,0.37,6.88,2.84,19627.0,,,
21157,Marshall,KY,,,,64.65,,12862.2,64597.0,11.81,1.75,0.69,1.81,31706.0,,,
21159,Martin,KY,,,,57.45,,9991.3,45265.0,20.86,0.58,6.54,1.82,11298.0,,,
21161,Mason,KY,,,,60.6,,12763.81,48460.0,18.41,1.45,6.77,2.2,17068.0,,,
21163,Meade,KY,,,,64.8,,11700.23,68518.0,13.1,1.03,3.73,3.99,29964.0,,,
21165,Menifee,KY,,,,60.25,,10866.63,43797.0,26.61,0.5,0.19,2.41,6174.0,,,
21167,Mercer,KY,,,,66.05,,10829.21,60728.0,11.1,1.18,3.49,3.3,22662.0,,,
21169,Metcalfe,KY,,,,60.25,,11941.03,46932.0,23.73,2.5,1.9,1.98,10313.0,,,
21171,Monroe,KY,,,,57.6,,12711.61,47252.0,20.6,1.22,2.6,3.21,11331.0,,,
21173,Montgomery,KY,,,,62.3,,11998.63,53436.0,16.05,0.64,2.69,2.97,28188.0,,,
21175,Morgan,KY,,,,56.15,,11260.96,46018.0,18.02,1.45,4.07,1.1,13840.0,,,
21177,Muhlenberg,KY,,,,62.25,,12098.58,50935.0,15.75,0.63,2.35,1.66,30735.0,,,
21179,Nelson,KY,,,,66.35,,12332.86,66212.0,8.66,1.11,4.78,2.37,46779.0,,,
21181,Nicholas,KY,,,,59.6,,12633.17,57539.0,15.96,1.42,0.72,0.0,7613.0,,,
21183,Ohio,KY,,,,61.8,,13185.34,52474.0,13.72,0.66,0.98,3.46,23782.0,,,
21185,Oldham,KY,,,,66.85,,12363.7,117334.0,3.77,1.01,3.91,4.08,67997.0,,,
21187,Owen,KY,,,,63.4,,11191.86,56485.0,13.99,1.4,1.04,0.56,11229.0,,,
21189,Owsley,KY,,,,53.9,,11893.72,32844.0,27.48,0.0,1.33,0.0,4054.0,,,
21191,Pendleton,KY,,,,62.4,,13440.97,58723.0,17.42,1.06,0.61,1.44,14638.0,,,
21193,Perry,KY,,,,58.35,,12380.31,45330.0,23.18,0.29,0.96,1.11,28136.0,,,
21195,Pike,KY,,,,60.85,,12322.8,41271.0,23.38,0.43,0.78,0.99,58196.0,,,
21197,Powell,KY,,,,58.7,,10258.68,38415.0,20.48,1.14,0.27,1.98,13089.0,,,
21199,Pulaski,KY,,,,60.5,,11144.81,48768.0,20.93,0.86,0.91,2.69,65145.0,,,
21201,Robertson,KY,,,,62.6,,9041.96,53798.0,20.39,0.91,0.32,1.77,2207.0,,,
21203,Rockcastle,KY,,,,60.85,,11499.67,45693.0,22.84,0.43,0.1,1.09,16171.0,,,
21205,Rowan,KY,,,,60.1,,11500.85,50038.0,21.86,0.34,2.06,2.09,24551.0,,,
21207,Russell,KY,,,,58.85,,12621.57,48220.0,21.1,0.99,1.08,3.85,18021.0,,,
21209,Scott,KY,,,,66.0,,10758.04,80782.0,9.03,0.54,4.92,4.52,57286.0,,,
21211,Shelby,KY,,,,65.2,,12071.91,81012.0,7.7,0.93,5.18,9.61,48105.0,,,
21213,Simpson,KY,,,,62.35,,12924.85,55907.0,13.76,1.7,9.4,2.75,19574.0,,,
21215,Spencer,KY,,,,67.1,,11181.6,101118.0,8.22,0.56,1.74,2.63,19549.0,,,
21217,Taylor,KY,,,,60.05,,12792.85,63211.0,13.63,0.83,4.36,2.56,26056.0,,,
21219,Todd,KY,,,,60.25,,11807.65,57891.0,20.75,7.37,8.04,4.8,12281.0,,,
21221,Trigg,KY,,,,60.1,,12130.07,55864.0,18.06,4.1,6.33,2.49,14154.0,,,
21223,Trimble,KY,,,,61.95,,11403.08,66492.0,13.48,1.28,0.29,3.42,8510.0,,,
21225,Union,KY,,,,60.45,,14012.77,58260.0,18.43,0.88,8.77,1.92,13495.0,,,
21227,Warren,KY,,,,61.65,,12518.16,63074.0,16.36,0.79,8.78,5.66,135307.0,,,
21229,Washington,KY,,,,64.0,,11263.07,65456.0,13.78,3.86,5.49,0.53,12025.0,,,
21231,Wayne,KY,,,,56.3,,10413.99,41583.0,24.91,0.8,0.49,3.71,19666.0,,,
21233,Webster,KY,,,,58.15,,10792.53,55451.0,15.61,1.08,4.12,5.81,12951.0,,,
21235,Whitley,KY,,,,59.9,,11983.28,44332.0,22.35,1.5,0.9,1.54,36648.0,,,
21237,Wolfe,KY,,,,52.9,,15638.43,28666.0,35.93,0.29,0.15,0.0,6573.0,,,
21239,Woodford,KY,,,,68.5,,11238.21,78295.0,8.29,0.47,3.85,6.67,26886.0,,,
22001,Acadia,LA,15.4,42.7,22.2,60.4,41.75,14280.38,44977.0,23.34,0.74,16.49,3.09,57674.0,0.415,4.0,Hypertension
22003,Allen,LA,14.8,43.15,20.95,59.9,44.05,14769.91,52755.0,16.28,0.51,17.77,6.4,22798.0,0.373,4.0,Hypertension
22005,Ascension,LA,11.7,37.95,18.95,67.05,35.25,13480.85,93800.0,9.81,0.97,22.9,6.17,126973.0,0.257,2.0,Hypertension
22007,Assumption,LA,15.05,42.35,20.7,59.8,38.35,12614.85,47023.0,15.92,0.36,28.91,3.39,21067.0,0.368,4.0,Hypertension
22009,Avoyelles,LA,16.45,46.15,22.45,61.4,43.1,15286.06,38696.0,25.7,0.6,25.62,2.2,39529.0,0.467,4.0,Hypertension
22011,Beauregard,LA,12.6,38.1,20.45,62.45,40.6,13647.39,68525.0,13.04,1.95,11.67,3.96,36553.0,0.298,3.0,Hypertension
22013,Bienville,LA,19.8,49.05,22.05,60.25,47.55,21549.13,34268.0,30.31,0.17,41.64,2.2,12958.0,0.562,4.0,Diabetes
22015,Bossier,LA,12.65,38.15,18.85,65.6,40.9,15697.55,64598.0,16.35,1.73,23.87,6.92,128877.0,0.312,3.0,Hypertension
22017,Caddo,LA,15.85,44.8,20.1,63.5,42.25,15831.41,47572.0,21.51,0.98,49.26,3.05,236259.0,0.431,4.0,Hypertension
22019,Calcasieu,LA,13.35,40.6,19.4,63.35,42.95,13506.37,64370.0,16.88,0.98,24.59,4.19,210770.0,0.337,4.0,Hypertension
22021,Caldwell,LA,15.45,43.1,22.05,59.7,38.7,16651.47,45707.0,24.09,1.06,20.26,0.85,9658.0,0.425,4.0,Hypertension
22023,Cameron,LA,11.95,38.4,19.55,62.6,36.35,10501.85,69847.0,12.28,0.5,1.1,4.0,5447.0,0.271,3.0,Hypertension
22025,Catahoula,LA,16.35,44.3,21.3,61.8,41.7,13469.85,48259.0,21.06,1.94,31.62,1.09,8895.0,0.444,4.0,Hypertension
22027,Claiborne,LA,20.8,51.45,22.05,56.0,48.7,15125.21,32034.0,28.2,0.95,49.64,1.78,14203.0,0.594,4.0,Diabetes
22029,Concordia,LA,18.3,47.85,22.05,61.45,45.75,15188.78,38929.0,31.4,0.11,39.23,1.9,18677.0,0.532,4.0,Hypertension
22031,De Soto,LA,16.2,44.7,21.1,60.75,44.3,15508.28,49807.0,20.06,0.78,34.17,3.28,26821.0,0.428,4.0,Hypertension
22033,East Baton Rouge,LA,13.75,40.3,18.85,65.05,35.95,13713.03,62083.0,17.35,1.42,45.22,4.51,454369.0,0.348,4.0,Hypertension
22035,East Carroll,LA,21.65,52.75,23.35,53.8,51.45,17177.08,30856.0,30.06,0.31,66.95,1.49,7371.0,0.62,4.0,Diabetes
22037,East Feliciana,LA,14.65,45.05,19.3,62.4,42.05,15031.4,64709.0,12.55,0.6,40.08,1.8,19452.0,0.367,4.0,Hypertension
22039,Evangeline,LA,15.9,43.65,21.75,57.65,44.8,15912.47,34526.0,26.52,0.67,25.34,4.18,32335.0,0.444,4.0,Poverty
22041,Franklin,LA,16.75,45.4,21.95,58.95,42.1,17819.39,41129.0,24.73,0.63,30.42,1.66,19752.0,0.462,4.0,Hypertension
22043,Grant,LA,13.2,41.05,20.45,58.05,39.75,14587.49,57362.0,12.87,0.46,15.17,5.36,22185.0,0.314,3.0,Hypertension
22045,Iberia,LA,15.9,42.85,21.1,60.9,42.45,12855.67,55190.0,22.8,1.07,31.2,4.42,69958.0,0.425,4.0,Diabetes
22047,Iberville,LA,15.45,42.7,20.3,63.15,42.95,13301.58,59410.0,15.22,0.9,45.41,3.19,30210.0,0.379,4.0,Hypertension
22049,Jackson,LA,16.05,44.95,20.7,58.35,45.0,16972.81,40406.0,24.55,1.56,25.69,1.97,15093.0,0.456,4.0,Hypertension
22051,Jefferson,LA,14.9,40.35,18.35,64.2,41.55,12541.23,63257.0,15.35,1.39,26.85,15.15,436171.0,0.358,4.0,Diabetes
22053,Jefferson Davis,LA,13.7,40.75,21.15,61.95,42.6,14849.56,52470.0,15.72,0.37,16.74,2.59,32277.0,0.333,3.0,Hypertension
22055,Lafayette,LA,12.45,38.1,18.45,62.95,34.4,13157.66,66617.0,16.45,0.66,25.7,4.68,243175.0,0.299,3.0,Hypertension
22057,Lafourche,LA,13.7,41.3,20.95,59.35,47.2,13068.99,61381.0,16.14,0.68,13.32,4.5,97220.0,0.342,4.0,Hypertension
22059,LaSalle,LA,12.75,37.8,20.0,61.75,38.75,18099.04,59926.0,14.1,0.1,11.73,3.94,14764.0,0.285,3.0,Hypertension
22061,Lincoln,LA,14.3,40.8,21.3,61.45,44.45,14776.16,37001.0,27.34,0.58,37.45,3.21,48323.0,0.4,4.0,Poverty
22063,Livingston,LA,12.2,39.2,19.85,65.9,38.75,13933.28,77978.0,11.5,0.95,7.45,4.44,143425.0,0.282,3.0,Hypertension
22065,Madison,LA,21.1,51.5,23.15,56.2,50.0,18872.13,34508.0,32.14,1.64,62.48,2.93,10028.0,0.625,4.0,Diabetes
22067,Morehouse,LA,18.55,50.05,21.8,60.35,44.85,14453.48,37875.0,27.78,0.77,48.26,1.54,25438.0,0.542,4.0,Hypertension
22069,Natchitoches,LA,15.15,43.5,21.15,61.6,41.25,14621.25,41310.0,24.51,0.47,40.74,2.53,37478.0,0.419,4.0,Hypertension
22071,Orleans,LA,15.3,40.45,18.8,68.3,34.3,12556.35,51116.0,22.12,1.1,57.01,5.66,380408.0,0.395,4.0,Diabetes
22073,Ouachita,LA,14.65,43.35,20.2,62.15,44.0,14672.05,49261.0,22.59,1.12,37.29,2.32,159585.0,0.407,4.0,Hypertension
22075,Plaquemines,LA,13.1,38.65,19.1,61.85,38.55,11533.32,77996.0,14.5,0.26,21.22,8.09,23305.0,0.3,3.0,Hypertension
22077,Pointe Coupee,LA,15.2,43.95,20.2,62.0,39.95,14449.64,53045.0,18.99,0.41,33.82,3.14,20652.0,0.397,4.0,Hypertension
22079,Rapides,LA,14.5,41.85,20.5,64.4,40.7,14106.87,55407.0,17.83,1.16,31.14,3.53,129536.0,0.372,4.0,Hypertension
22081,Red River,LA,17.95,46.8,21.9,58.95,43.9,21212.55,43821.0,23.59,1.69,39.04,2.2,7631.0,0.498,4.0,Diabetes
22083,Richland,LA,16.35,44.5,21.5,60.2,43.1,16596.75,48125.0,22.92,1.67,35.74,2.36,20028.0,0.451,4.0,Hypertension
22085,Sabine,LA,16.1,44.0,21.6,60.25,44.8,13666.59,40777.0,23.58,0.81,14.5,4.33,22209.0,0.438,4.0,Hypertension
22087,St. Bernard,LA,14.8,41.15,21.0,61.4,42.5,11793.17,55857.0,22.34,0.73,23.84,10.6,44038.0,0.389,4.0,Poverty
22089,St. Charles,LA,12.25,39.3,18.6,65.65,37.45,14189.02,79191.0,10.06,0.56,23.52,6.56,52191.0,0.273,3.0,Hypertension
22091,St. Helena,LA,18.0,46.5,21.4,61.05,42.8,15908.4,46402.0,27.06,1.07,51.76,2.02,10872.0,0.507,4.0,Diabetes
22093,St. James,LA,14.95,43.15,19.25,66.15,43.7,15368.23,62946.0,11.36,0.71,48.44,1.85,20090.0,0.354,4.0,Hypertension
22095,St. John the Baptist,LA,16.05,44.6,19.45,63.5,41.65,12349.78,65114.0,13.89,0.35,56.25,7.29,41986.0,0.392,4.0,Hypertension
22097,St. Landry,LA,16.95,45.35,21.9,61.55,40.45,13647.87,44478.0,26.98,1.71,40.71,2.49,82574.0,0.487,4.0,Hypertension
22099,St. Martin,LA,14.3,41.5,21.05,62.35,45.15,12712.88,50806.0,17.39,1.13,28.74,3.18,51856.0,0.364,4.0,Hypertension
22101,St. Mary,LA,16.4,44.5,21.3,60.3,44.95,14078.77,47322.0,21.63,0.62,29.63,7.26,49114.0,0.436,4.0,Hypertension
22103,St. Tammany,LA,12.1,36.45,18.7,64.9,37.25,13947.46,76914.0,11.53,1.17,12.16,6.09,266168.0,0.263,2.0,Hypertension
22105,Tangipahoa,LA,14.05,39.85,21.05,64.75,43.05,15479.15,55274.0,18.59,0.59,29.82,4.73,133953.0,0.348,4.0,Hypertension
22107,Tensas,LA,21.6,52.35,21.45,57.65,48.8,14748.09,35653.0,34.0,0.19,52.53,3.13,4127.0,0.634,4.0,Diabetes
22109,Terrebonne,LA,14.2,39.6,20.6,64.45,41.15,13488.69,63088.0,16.1,0.54,19.09,5.34,108862.0,0.336,3.0,Diabetes
22111,Union,LA,16.35,44.7,20.85,60.7,37.1,15837.03,47068.0,26.16,1.22,24.13,5.22,21049.0,0.463,4.0,Hypertension
22113,Vermilion,LA,13.9,40.55,20.9,60.0,42.7,14029.07,56194.0,19.07,0.76,13.49,3.8,57202.0,0.354,4.0,Hypertension
22115,Vernon,LA,12.55,39.0,20.45,60.1,38.95,16090.39,56547.0,17.32,1.04,13.42,9.63,48452.0,0.315,3.0,Hypertension
22117,Washington,LA,16.35,44.5,21.15,59.5,45.55,18568.1,41803.0,22.62,1.19,30.35,2.64,45514.0,0.445,4.0,Hypertension
22119,Webster,LA,17.6,46.4,21.9,59.7,44.65,15097.94,34263.0,26.9,1.17,33.61,2.25,36761.0,0.5,4.0,Hypertension
22121,West Baton Rouge,LA,13.3,41.35,19.2,65.1,41.45,12695.98,80510.0,14.33,1.11,41.24,3.36,27377.0,0.331,3.0,Hypertension
22123,West Carroll,LA,14.7,42.2,20.65,59.35,40.2,15660.42,45035.0,18.64,1.7,15.4,4.2,9800.0,0.387,4.0,Hypertension
22125,West Feliciana,LA,13.7,42.5,17.4,61.8,40.0,12414.24,71985.0,10.91,0.25,44.3,1.47,15358.0,0.322,3.0,Hypertension
22127,Winn,LA,15.9,44.55,20.5,60.1,45.95,17356.28,44922.0,17.28,0.22,30.12,3.25,13665.0,0.403,4.0,Hypertension
23001,Androscoggin,ME,11.2,31.55,20.35,64.3,35.95,10276.99,64500.0,11.96,0.91,4.36,2.03,111532.0,0.212,2.0,Uninsured
23003,Aroostook,ME,12.75,38.85,19.7,66.75,40.0,10620.29,50843.0,14.51,1.66,0.76,1.47,67237.0,0.31,3.0,Hypertension
23005,Cumberland,ME,8.15,29.95,17.3,71.25,26.7,11368.05,87710.0,7.01,0.43,3.17,2.27,303357.0,0.12,1.0,Uninsured
23007,Franklin,ME,10.05,33.6,20.0,68.15,34.9,9957.98,56890.0,11.65,0.91,0.4,1.55,29839.0,0.206,1.0,Uninsured
23009,Hancock,ME,9.65,31.85,17.7,68.25,29.4,10509.37,64149.0,10.65,2.1,0.8,1.67,55851.0,0.193,1.0,Uninsured
23011,Kennebec,ME,10.6,31.9,19.15,67.7,32.5,9308.2,62118.0,12.05,1.01,0.75,1.78,124003.0,0.205,1.0,Uninsured
23013,Knox,ME,9.6,31.95,16.55,65.1,28.8,10232.69,68904.0,9.56,1.12,0.39,1.67,40729.0,0.178,1.0,Uninsured
23015,Lincoln,ME,9.95,33.95,17.6,69.1,30.95,10791.7,69638.0,8.97,1.43,0.47,1.63,35466.0,0.199,1.0,Uninsured
23017,Oxford,ME,11.9,34.25,19.0,64.15,34.8,10162.28,54780.0,14.17,0.71,0.29,1.59,58276.0,0.251,2.0,Poverty
23019,Penobscot,ME,10.5,34.95,20.1,65.0,38.15,10429.11,59438.0,12.85,0.93,0.99,1.64,152640.0,0.229,2.0,Poverty
23021,Piscataquis,ME,11.7,35.65,19.35,63.85,34.45,11912.97,51805.0,14.64,0.99,0.62,2.44,16936.0,0.263,2.0,Poverty
23023,Sagadahoc,ME,9.4,31.35,17.35,66.0,29.55,9368.41,77591.0,10.79,1.07,0.58,1.98,36868.0,0.176,1.0,Uninsured
23025,Somerset,ME,12.15,35.6,20.9,63.5,36.95,10535.36,53527.0,16.45,0.65,0.46,1.28,50656.0,0.275,3.0,Poverty
23027,Waldo,ME,10.15,32.35,19.35,65.8,34.2,9916.7,62694.0,12.66,2.83,0.56,1.65,39772.0,0.222,2.0,Uninsured
23029,Washington,ME,12.8,38.55,20.6,64.5,39.85,9066.7,51669.0,16.97,1.6,1.01,2.79,31096.0,0.32,3.0,Hypertension
23031,York,ME,9.2,32.25,17.8,65.75,33.0,10976.26,79743.0,7.87,0.72,1.03,1.96,212691.0,0.162,1.0,Uninsured
24001,Allegany,MD,12.3,37.6,19.55,56.25,37.0,12812.0,55248.0,14.22,0.52,7.28,2.02,68161.0,0.281,3.0,Hypertension
24003,Anne Arundel,MD,9.75,32.95,14.95,65.95,34.35,11845.93,116009.0,5.73,0.64,17.45,8.71,588109.0,0.165,1.0,Uninsured
24005,Baltimore,MD,12.2,34.8,16.6,66.25,34.1,12871.06,88157.0,9.97,1.1,30.09,6.08,850737.0,0.245,2.0,Diabetes
24009,Calvert,MD,10.0,34.75,15.4,65.05,36.1,11549.76,128078.0,4.25,0.39,12.2,4.63,93244.0,0.173,1.0,Hypertension
24011,Caroline,MD,13.0,38.9,18.75,63.2,41.5,12084.15,65326.0,12.69,1.09,13.7,8.21,33320.0,0.3,3.0,Hypertension
24013,Carroll,MD,9.4,32.1,15.5,64.15,37.55,12076.59,111672.0,4.99,0.35,3.74,4.14,173225.0,0.147,1.0,Uninsured
24015,Cecil,MD,12.1,37.05,17.95,59.7,41.05,12406.62,86869.0,9.96,0.77,6.79,4.88,103876.0,0.256,2.0,Hypertension
24017,Charles,MD,12.6,39.95,16.3,66.85,41.6,12230.55,116882.0,5.82,0.93,49.08,6.75,167035.0,0.268,3.0,Hypertension
24019,Dorchester,MD,14.7,40.55,18.05,62.15,41.85,12846.92,57490.0,15.21,1.16,25.62,6.12,32557.0,0.354,4.0,Diabetes
24021,Frederick,MD,10.0,32.45,15.4,65.6,34.5,12729.11,115724.0,6.06,0.62,10.12,10.98,273829.0,0.167,1.0,Uninsured
24023,Garrett,MD,12.25,38.35,17.5,64.7,36.25,10634.25,64447.0,10.82,0.83,1.26,1.25,28856.0,0.272,3.0,Hypertension
24025,Harford,MD,10.65,33.8,15.95,65.4,35.6,12564.73,106417.0,7.1,0.86,14.2,4.96,261059.0,0.195,1.0,Uninsured
24027,Howard,MD,9.75,32.9,12.7,65.9,29.8,11529.62,140971.0,5.32,0.72,20.05,7.48,332011.0,0.164,1.0,Uninsured
24029,Kent,MD,12.0,39.1,16.25,68.5,35.75,13261.18,71635.0,8.78,1.22,14.15,4.67,19289.0,0.268,3.0,Hypertension
24031,Montgomery,MD,10.0,30.75,12.4,67.85,26.0,11525.48,125583.0,7.12,0.71,18.53,20.01,1056910.0,0.161,1.0,Uninsured
24033,Prince George's,MD,14.4,38.65,14.55,65.65,42.05,12624.82,97935.0,9.37,1.52,61.15,19.95,957189.0,0.311,3.0,Diabetes
24035,Queen Anne's,MD,10.2,35.0,15.75,67.0,29.3,11656.51,108332.0,6.8,0.49,5.87,4.58,50316.0,0.191,1.0,Hypertension
24037,St. Mary's,MD,10.85,33.65,16.65,68.4,37.3,11771.07,113668.0,7.43,0.83,14.42,5.69,113814.0,0.199,1.0,Uninsured
24039,Somerset,MD,13.75,42.15,18.7,62.0,39.1,12008.23,52149.0,15.9,0.4,40.06,4.0,24672.0,0.345,4.0,Hypertension
24041,Talbot,MD,11.15,36.55,14.95,70.15,30.45,11824.43,81667.0,9.19,0.66,12.19,7.29,37663.0,0.232,2.0,Hypertension
24043,Washington,MD,12.35,36.85,17.45,60.55,39.0,12047.28,73017.0,11.73,0.87,11.28,6.23,154645.0,0.268,3.0,Hypertension
24045,Wicomico,MD,12.05,35.85,17.8,66.95,40.25,12391.86,69421.0,13.34,0.96,26.06,5.73,103815.0,0.264,2.0,Poverty
24047,Worcester,MD,11.7,37.3,15.85,68.0,33.3,11958.39,76689.0,8.09,0.81,12.47,3.83,52827.0,0.242,2.0,Hypertension
24510,Baltimore,MD,14.05,40.1,18.5,65.95,38.75,14643.4,58349.0,18.91,0.71,61.25,5.88,584548.0,0.352,4.0,Hypertension
25001,Barnstable,MA,8.9,32.85,15.35,71.55,26.55,12233.69,90447.0,6.93,0.23,2.84,3.51,229436.0,0.152,1.0,Uninsured
25003,Berkshire,MA,9.55,31.25,18.0,66.8,31.35,11552.09,69744.0,10.5,0.17,2.93,5.3,128763.0,0.167,1.0,Poverty
25005,Bristol,MA,9.95,31.6,19.15,63.8,32.05,12876.76,80628.0,10.89,0.31,4.21,9.04,576699.0,0.18,1.0,Poverty
25007,Dukes,MA,8.95,31.55,16.0,68.9,25.4,12794.6,93225.0,6.64,1.05,3.14,3.64,20543.0,0.15,1.0,Uninsured
25009,Essex,MA,9.5,30.05,15.8,66.25,30.0,12665.76,94378.0,9.53,0.26,4.38,22.7,806103.0,0.154,1.0,Uninsured
25011,Franklin,MA,9.45,32.7,17.15,68.1,26.2,10287.55,70383.0,11.78,0.25,1.23,4.6,70980.0,0.183,1.0,Poverty
25013,Hampden,MA,11.3,32.95,19.4,62.45,35.05,11684.12,66619.0,15.34,0.58,8.87,26.81,464575.0,0.236,2.0,Poverty
25015,Hampshire,MA,8.0,26.3,17.5,68.95,23.3,10248.88,84025.0,9.18,0.28,2.09,6.2,153931.0,0.1,1.0,Uninsured
25017,Middlesex,MA,8.1,26.6,15.05,67.45,23.8,12235.15,121304.0,7.21,0.34,5.04,8.41,1623109.0,0.096,1.0,Uninsured
25019,Nantucket,MA,7.9,27.6,14.75,67.7,27.3,10894.55,135590.0,4.88,0.26,11.11,15.07,14065.0,0.088,1.0,Uninsured
25021,Norfolk,MA,8.35,28.05,15.05,66.85,23.45,12545.98,120621.0,6.32,0.16,7.11,5.19,722112.0,0.104,1.0,Uninsured
25023,Plymouth,MA,9.25,30.05,17.6,69.55,29.7,12694.25,105387.0,6.52,0.31,9.06,4.36,529548.0,0.136,1.0,Uninsured
25025,Suffolk,MA,9.7,28.4,17.0,61.9,24.7,12833.51,87669.0,16.17,0.32,19.81,23.53,785443.0,0.177,1.0,Poverty
25027,Worcester,MA,9.7,31.55,17.65,62.8,32.55,12075.93,88524.0,9.7,0.28,5.2,12.48,858898.0,0.169,1.0,Uninsured
26001,Alcona,MI,12.95,39.05,17.85,66.55,39.05,11949.75,50295.0,15.67,0.37,0.43,1.85,10238.0,0.307,3.0,Hypertension
26003,Alger,MI,11.6,36.9,17.9,69.6,36.35,11129.35,55528.0,9.03,0.23,7.79,1.97,8866.0,0.237,2.0,Hypertension
26005,Allegan,MI,10.5,32.35,17.85,66.2,35.45,10798.29,75543.0,9.41,0.72,1.29,7.74,120189.0,0.192,1.0,Uninsured
26007,Alpena,MI,12.35,37.5,19.35,63.0,41.3,11580.0,49133.0,16.2,0.37,0.77,1.53,28911.0,0.288,3.0,Poverty
26009,Antrim,MI,10.8,35.1,16.95,68.9,36.4,9318.52,68850.0,9.29,0.91,0.63,2.46,23662.0,0.218,2.0,Hypertension
26011,Arenac,MI,12.5,37.85,19.25,66.35,38.5,11928.72,53487.0,13.43,0.47,0.56,2.25,15031.0,0.282,3.0,Hypertension
26013,Baraga,MI,13.05,37.95,19.4,64.7,40.5,10155.99,51911.0,10.64,0.16,7.75,1.83,8245.0,0.276,3.0,Hypertension
26015,Barry,MI,10.05,32.55,17.95,67.35,36.8,10503.52,75182.0,8.25,0.67,0.63,3.52,62581.0,0.18,1.0,Uninsured
26017,Bay,MI,11.25,34.7,18.5,65.7,37.95,12280.82,57887.0,15.15,0.51,1.35,5.75,103752.0,0.246,2.0,Poverty
26019,Benzie,MI,10.85,35.1,17.25,67.85,35.4,10916.94,71327.0,10.31,1.22,0.76,2.47,18058.0,0.227,2.0,Uninsured
26021,Berrien,MI,12.1,36.75,18.1,67.05,38.85,10559.15,60379.0,15.43,0.76,14.04,5.9,153938.0,0.279,3.0,Poverty
26023,Branch,MI,12.1,36.95,19.35,62.15,35.95,10264.61,60600.0,14.31,4.05,1.9,5.6,44795.0,0.308,3.0,Uninsured
26025,Calhoun,MI,12.25,37.15,19.1,66.55,42.5,10978.3,58191.0,14.45,1.18,10.04,5.71,134011.0,0.284,3.0,Hypertension
26027,Cass,MI,11.55,35.8,18.75,65.8,36.15,11106.29,65183.0,12.74,0.78,4.9,4.18,51604.0,0.251,2.0,Hypertension
26029,Charlevoix,MI,10.45,34.35,16.8,68.8,35.0,10263.99,69764.0,8.52,0.96,0.53,2.41,26174.0,0.204,1.0,Uninsured
26031,Cheboygan,MI,12.4,37.55,18.5,68.0,41.05,10469.46,59557.0,11.78,0.6,0.8,1.63,25709.0,0.271,3.0,Hypertension
26033,Chippewa,MI,11.95,37.1,19.75,63.75,36.0,9764.19,58408.0,14.84,0.96,5.39,2.14,36670.0,0.278,3.0,Hypertension
26035,Clare,MI,13.25,39.95,20.35,65.75,40.3,11631.93,47816.0,21.82,3.17,0.82,2.3,30998.0,0.375,4.0,Poverty
26037,Clinton,MI,9.6,31.6,17.25,69.55,35.1,11690.06,82594.0,9.45,0.44,1.74,4.81,79249.0,0.168,1.0,Uninsured
26039,Crawford,MI,12.65,37.45,19.05,66.55,37.3,9839.75,57998.0,13.62,0.66,0.3,2.31,13197.0,0.284,3.0,Hypertension
26041,Delta,MI,11.9,35.85,18.95,67.7,39.95,9681.0,53852.0,13.04,0.37,0.28,1.49,36839.0,0.254,2.0,Hypertension
26043,Dickinson,MI,10.95,35.35,18.2,67.15,38.1,9203.75,59651.0,9.55,1.02,0.83,1.79,25937.0,0.225,2.0,Hypertension
26045,Eaton,MI,10.35,33.45,18.1,66.65,38.85,11765.62,77158.0,7.48,0.75,7.02,5.8,109072.0,0.188,1.0,Uninsured
26047,Emmet,MI,10.0,33.85,16.9,69.8,32.7,10061.11,69690.0,8.26,1.12,0.84,2.02,34072.0,0.193,1.0,Uninsured
26049,Genesee,MI,12.1,36.7,20.0,67.05,40.6,13047.7,58594.0,16.05,0.33,19.56,3.79,405280.0,0.277,3.0,Poverty
26051,Gladwin,MI,12.7,38.4,19.35,65.15,40.45,11560.1,53717.0,14.04,2.46,0.27,2.03,25461.0,0.312,3.0,Hypertension
26053,Gogebic,MI,12.85,38.6,18.6,68.75,37.05,9966.95,47913.0,13.65,0.76,1.69,1.9,14597.0,0.297,3.0,Hypertension
26055,Grand Traverse,MI,9.55,32.3,17.1,70.05,35.3,10168.95,75553.0,10.25,0.45,0.74,3.1,95315.0,0.176,1.0,Uninsured
26057,Gratiot,MI,11.05,34.65,19.15,62.95,37.1,12480.59,57934.0,12.06,0.63,5.67,6.61,41534.0,0.229,2.0,Poverty
26059,Hillsdale,MI,12.05,37.45,19.75,65.75,37.7,11249.49,59425.0,14.62,1.73,0.67,2.63,45698.0,0.289,3.0,Hypertension
26061,Houghton,MI,9.9,31.5,18.65,64.9,35.3,9695.74,52736.0,15.6,0.64,1.15,1.79,37414.0,0.204,1.0,Poverty
26063,Huron,MI,12.2,37.1,18.6,66.85,38.7,13153.35,54475.0,11.13,0.9,0.46,2.67,31461.0,0.265,2.0,Hypertension
26065,Ingham,MI,10.4,32.75,18.2,64.9,35.55,11877.62,62548.0,15.51,0.52,11.88,8.24,282540.0,0.22,2.0,Poverty
26067,Ionia,MI,10.5,34.6,19.0,66.2,40.15,10981.51,71720.0,9.76,0.55,3.97,5.19,66663.0,0.208,1.0,Hypertension
26069,Iosco,MI,13.3,40.0,19.0,64.1,38.8,10608.92,46224.0,14.88,1.02,0.68,2.71,25319.0,0.323,3.0,Hypertension
26071,Iron,MI,12.75,39.15,18.35,68.5,39.1,10898.12,52241.0,14.17,0.77,0.73,2.25,11585.0,0.302,3.0,Hypertension
26073,Isabella,MI,11.05,33.8,21.25,64.45,41.3,10968.02,52638.0,21.56,1.71,2.59,4.37,64938.0,0.278,3.0,Poverty
26075,Jackson,MI,11.45,36.65,19.15,67.3,39.25,11144.71,62581.0,11.38,0.52,7.85,3.81,160637.0,0.246,2.0,Hypertension
26077,Kalamazoo,MI,9.55,31.15,18.7,67.3,38.15,10683.61,67905.0,12.97,0.63,10.97,5.45,261426.0,0.183,1.0,Poverty
26079,Kalkaska,MI,11.9,36.85,19.55,65.85,38.45,10078.26,56380.0,14.58,0.74,1.17,2.6,17934.0,0.272,3.0,Hypertension
26081,Kent,MI,9.95,31.5,17.2,68.15,34.85,11305.39,76247.0,10.56,0.62,9.66,11.08,657321.0,0.181,1.0,Uninsured
26083,Keweenaw,MI,10.95,36.4,15.95,70.05,34.0,8895.62,55560.0,7.81,0.14,0.0,1.58,2088.0,0.215,2.0,Hypertension
26085,Lake,MI,14.85,41.2,19.6,60.85,40.4,11123.46,45946.0,19.81,1.55,9.91,3.06,12285.0,0.386,4.0,Hypertension
26087,Lapeer,MI,10.6,34.25,18.35,66.4,35.25,11759.38,75402.0,9.96,0.76,1.08,5.02,88687.0,0.21,2.0,Uninsured
26089,Leelanau,MI,10.05,33.85,15.05,72.75,31.8,8774.72,82345.0,6.61,0.44,0.41,4.36,22426.0,0.179,1.0,Uninsured
26091,Lenawee,MI,11.2,34.95,19.0,65.0,40.7,12129.25,65484.0,10.53,0.67,2.18,8.53,99263.0,0.227,2.0,Hypertension
26093,Livingston,MI,8.65,29.6,16.25,69.15,32.1,11290.31,96135.0,4.82,0.36,0.59,2.69,194302.0,0.116,1.0,Uninsured
26095,Luce,MI,12.85,39.1,18.5,62.65,41.1,11069.11,51015.0,14.77,0.0,9.74,1.62,5442.0,0.298,3.0,Hypertension
26097,Mackinac,MI,13.95,38.15,18.9,66.2,41.25,9495.91,60620.0,15.54,1.92,3.83,2.32,10843.0,0.333,3.0,Diabetes
26099,Macomb,MI,10.5,35.6,17.95,67.95,37.4,13876.77,73876.0,9.72,0.62,12.31,2.87,878453.0,0.216,2.0,Hypertension
26101,Manistee,MI,11.8,36.45,18.25,66.35,36.8,10317.59,59467.0,10.64,0.52,3.17,3.6,25058.0,0.247,2.0,Hypertension
26103,Marquette,MI,10.0,32.8,18.45,69.35,37.2,9884.94,63115.0,12.86,0.23,1.6,1.7,66376.0,0.198,1.0,Poverty
26105,Mason,MI,11.95,36.45,18.3,64.15,40.45,12128.83,60744.0,13.52,0.98,1.11,4.79,29178.0,0.268,3.0,Hypertension
26107,Mecosta,MI,11.4,35.4,19.55,64.0,37.7,10439.6,54132.0,16.89,2.0,2.54,2.65,40128.0,0.277,3.0,Poverty
26109,Menominee,MI,11.9,37.35,18.65,66.3,38.9,9326.58,54074.0,10.52,0.48,0.51,2.13,23433.0,0.254,2.0,Hypertension
26111,Midland,MI,9.75,32.9,17.0,64.3,31.75,10905.37,73643.0,9.98,0.55,1.55,3.13,83503.0,0.184,1.0,Uninsured
26113,Missaukee,MI,11.75,36.65,19.25,64.1,39.25,10363.99,57667.0,11.11,1.78,0.48,3.24,15089.0,0.262,2.0,Hypertension
26115,Monroe,MI,11.05,34.8,18.6,67.2,40.45,12331.94,72573.0,10.78,0.47,2.15,3.96,154823.0,0.223,2.0,Hypertension
26117,Montcalm,MI,11.5,35.75,19.45,61.85,42.35,11018.06,61250.0,11.78,1.35,3.2,3.7,66901.0,0.25,2.0,Uninsured
26119,Montmorency,MI,13.5,39.35,18.9,63.6,38.45,10187.13,46345.0,18.25,0.44,0.29,1.49,9261.0,0.332,3.0,Hypertension
26121,Muskegon,MI,11.7,34.65,19.1,63.55,44.25,11592.5,61347.0,12.46,0.58,13.1,6.1,175947.0,0.242,2.0,Poverty
26123,Newaygo,MI,11.75,36.65,19.1,65.65,37.65,10191.18,59065.0,15.03,1.79,0.95,6.08,50130.0,0.281,3.0,Poverty
26125,Oakland,MI,9.35,32.4,15.3,66.9,31.1,13216.1,92620.0,7.63,0.49,13.18,4.55,1272264.0,0.162,1.0,Uninsured
26127,Oceana,MI,12.15,35.75,18.5,63.95,40.65,10879.82,60691.0,13.69,1.25,0.91,15.39,26707.0,0.27,3.0,Poverty
26129,Ogemaw,MI,13.0,38.55,19.35,62.9,39.3,10389.39,50377.0,16.74,0.55,0.49,2.25,20820.0,0.311,3.0,Hypertension
26131,Ontonagon,MI,13.3,40.45,18.0,67.1,37.1,8287.1,48316.0,13.54,0.05,0.9,1.57,5862.0,0.31,3.0,Hypertension
26133,Osceola,MI,12.05,36.8,19.7,64.05,39.5,10819.56,54875.0,15.42,2.32,1.02,2.33,23022.0,0.294,3.0,Uninsured
26135,Oscoda,MI,13.85,39.85,19.6,61.15,38.3,10536.55,48692.0,13.78,4.44,0.42,1.92,8264.0,0.36,4.0,Uninsured
26137,Otsego,MI,10.85,34.85,18.5,67.1,38.0,9905.92,62865.0,10.52,0.79,0.98,1.85,25221.0,0.222,2.0,Uninsured
26139,Ottawa,MI,8.95,30.3,17.05,69.05,32.75,11014.48,83932.0,7.31,0.53,1.71,10.21,296183.0,0.139,1.0,Uninsured
26141,Presque Isle,MI,12.85,38.3,18.25,67.5,41.0,10465.49,55986.0,12.57,1.42,0.46,1.64,13083.0,0.296,3.0,Hypertension
26143,Roscommon,MI,12.85,38.7,18.1,68.3,39.1,10782.8,49898.0,15.95,0.14,0.4,2.19,23556.0,0.302,3.0,Hypertension
26145,Saginaw,MI,12.85,37.7,19.25,67.75,36.85,12385.49,56579.0,17.63,0.51,18.85,9.04,189821.0,0.306,3.0,Poverty
26147,St. Clair,MI,10.85,35.7,19.2,65.55,36.35,12227.26,66887.0,11.71,0.56,2.34,3.64,160257.0,0.231,2.0,Hypertension
26149,St. Joseph,MI,11.65,35.1,19.25,61.7,38.3,9487.74,62281.0,12.67,1.63,2.16,8.59,60887.0,0.255,2.0,Uninsured
26151,Sanilac,MI,12.05,37.0,19.3,65.55,39.95,11933.64,55740.0,14.73,2.26,0.42,4.06,40759.0,0.292,3.0,Uninsured
26153,Schoolcraft,MI,13.3,38.55,19.1,60.65,40.2,11678.84,55071.0,15.78,1.36,0.56,1.41,8062.0,0.32,3.0,Hypertension
26155,Shiawassee,MI,11.2,34.85,19.45,66.45,38.65,11520.35,62498.0,10.87,0.56,0.66,3.05,68124.0,0.227,2.0,Hypertension
26157,Tuscola,MI,11.65,36.0,19.2,65.25,41.55,13860.1,59815.0,12.11,0.42,1.24,3.8,53218.0,0.247,2.0,Hypertension
26159,Van Buren,MI,12.15,35.55,19.0,64.8,39.3,10509.38,65531.0,14.0,0.73,3.38,11.86,75636.0,0.264,2.0,Poverty
26161,Washtenaw,MI,8.65,28.25,15.8,68.1,28.25,10976.0,84245.0,13.06,0.43,11.59,5.11,370231.0,0.145,1.0,Poverty
26163,Wayne,MI,13.4,38.7,20.15,62.9,37.35,13598.14,57223.0,19.97,0.7,37.65,6.33,1781641.0,0.336,3.0,Poverty
26165,Wexford,MI,11.65,36.2,19.3,63.5,38.9,9869.73,58652.0,13.1,1.05,1.0,2.3,33766.0,0.26,2.0,Hypertension
27001,Aitkin,MN,12.45,35.55,15.9,64.0,33.3,10260.23,56406.0,12.18,0.45,0.46,1.44,15859.0,0.258,2.0,Diabetes
27003,Anoka,MN,9.95,29.85,15.9,67.25,36.0,12546.4,95782.0,6.28,0.53,7.82,5.12,363985.0,0.148,1.0,Uninsured
27005,Becker,MN,10.35,34.3,16.55,67.85,37.3,11941.0,68683.0,10.66,1.18,0.77,2.29,35202.0,0.214,2.0,Uninsured
27007,Beltrami,MN,10.75,31.15,18.0,64.15,39.15,12296.68,62173.0,15.47,2.2,1.26,2.61,46274.0,0.23,2.0,Poverty
27009,Benton,MN,9.75,29.85,17.05,65.9,41.35,12297.85,70346.0,9.15,0.4,5.51,3.07,41300.0,0.157,1.0,Uninsured
27011,Big Stone,MN,11.25,32.45,15.95,65.6,37.9,12054.3,63024.0,10.13,0.79,0.14,2.23,5161.0,0.209,1.0,Uninsured
27013,Blue Earth,MN,9.7,29.85,17.4,62.9,35.3,11997.3,70906.0,15.58,0.42,4.66,4.13,69022.0,0.186,1.0,Poverty
27015,Brown,MN,10.25,31.35,16.2,65.8,35.85,13316.35,67038.0,7.41,0.86,0.85,4.85,25880.0,0.172,1.0,Uninsured
27017,Carlton,MN,10.7,31.15,16.45,65.05,38.65,11537.61,74660.0,12.09,0.49,1.99,1.85,36362.0,0.197,1.0,Poverty
27019,Carver,MN,7.9,25.35,13.9,67.85,31.65,12024.09,116308.0,3.74,0.53,1.62,4.42,107216.0,0.069,1.0,Uninsured
27021,Cass,MN,12.1,34.45,16.65,64.1,36.9,11357.67,61970.0,12.06,1.76,0.48,2.45,30288.0,0.257,2.0,Uninsured
27023,Chippewa,MN,11.45,31.7,16.7,66.05,40.6,11780.25,62112.0,10.97,1.01,1.14,8.14,12466.0,0.213,2.0,Uninsured
27025,Chisago,MN,9.45,30.2,15.75,65.1,36.2,11912.12,97446.0,6.1,0.67,1.08,2.55,56927.0,0.142,1.0,Uninsured
27027,Clay,MN,9.3,29.95,16.45,65.6,33.5,12829.67,75006.0,14.03,0.56,4.58,4.86,65307.0,0.174,1.0,Poverty
27029,Clearwater,MN,11.4,31.8,17.65,61.75,34.6,11891.34,62723.0,11.04,3.81,0.18,2.51,8541.0,0.241,2.0,Uninsured
27031,Cook,MN,10.85,32.35,14.55,68.45,35.25,11217.72,71937.0,8.5,0.57,0.32,2.53,5611.0,0.192,1.0,Uninsured
27033,Cottonwood,MN,11.65,33.55,16.15,65.9,39.5,11629.33,63586.0,12.61,0.51,1.55,9.14,11481.0,0.233,2.0,Poverty
27035,Crow Wing,MN,10.25,32.5,15.45,67.1,37.45,11012.14,65975.0,10.28,0.96,0.63,1.62,66558.0,0.195,1.0,Uninsured
27037,Dakota,MN,9.05,28.25,14.45,67.5,34.35,11778.19,101360.0,5.6,0.71,7.08,7.69,439179.0,0.12,1.0,Uninsured
27039,Dodge,MN,8.95,28.0,15.6,67.0,35.05,11259.17,92890.0,4.87,1.12,0.77,5.1,20893.0,0.117,1.0,Uninsured
27041,Douglas,MN,9.95,30.0,15.55,67.6,35.35,12032.39,72472.0,8.4,0.63,0.38,1.96,39081.0,0.16,1.0,Uninsured
27043,Faribault,MN,11.25,32.9,16.65,61.9,37.7,11207.34,64000.0,11.16,1.36,0.52,7.7,13931.0,0.223,2.0,Uninsured
27045,Fillmore,MN,10.4,32.8,16.35,66.7,40.6,10216.26,73234.0,8.49,2.56,0.46,1.89,21251.0,0.207,1.0,Uninsured
27047,Freeborn,MN,11.4,32.4,16.45,62.0,36.1,11712.28,65679.0,9.38,0.86,1.19,10.64,30857.0,0.209,1.0,Uninsured
27049,Goodhue,MN,9.7,31.5,16.1,64.7,35.9,11308.22,78338.0,8.92,0.71,1.61,3.62,47697.0,0.17,1.0,Uninsured
27051,Grant,MN,11.15,33.35,16.85,64.35,39.8,12246.85,67600.0,9.97,0.84,0.64,2.53,6091.0,0.214,2.0,Uninsured
27053,Hennepin,MN,7.75,27.8,14.7,67.05,27.1,12028.98,92595.0,9.67,0.65,13.3,7.07,1270787.0,0.113,1.0,Uninsured
27055,Houston,MN,9.85,29.65,15.2,67.7,34.05,9571.19,71580.0,7.1,1.16,0.57,1.42,18826.0,0.155,1.0,Uninsured
27057,Hubbard,MN,11.3,30.75,15.4,67.7,35.35,10562.45,67197.0,9.98,0.84,0.68,2.64,21479.0,0.198,1.0,Uninsured
27059,Isanti,MN,9.65,29.95,16.55,67.45,32.6,11386.92,84063.0,8.7,0.47,0.95,2.41,41257.0,0.154,1.0,Uninsured
27061,Itasca,MN,11.8,33.75,16.2,67.25,36.05,10721.83,63962.0,11.46,0.75,0.61,1.7,45054.0,0.234,2.0,Diabetes
27063,Jackson,MN,10.3,31.8,15.6,66.65,35.95,12000.35,68368.0,9.59,0.12,0.49,4.26,9990.0,0.179,1.0,Uninsured
27065,Kanabec,MN,11.3,32.6,17.15,63.85,37.45,11128.09,68995.0,9.59,1.13,0.41,1.81,16145.0,0.212,2.0,Uninsured
27067,Kandiyohi,MN,11.15,30.85,15.55,64.85,40.8,10331.41,73285.0,10.62,1.35,6.07,13.09,43686.0,0.204,1.0,Uninsured
27069,Kittson,MN,10.65,32.55,15.65,65.7,34.2,12020.16,66000.0,10.57,1.34,0.81,1.34,4191.0,0.207,1.0,Uninsured
27071,Koochiching,MN,11.35,34.35,16.15,67.25,37.05,9343.31,59779.0,11.39,1.6,0.75,1.39,12072.0,0.239,2.0,Uninsured
27073,Lac qui Parle,MN,10.45,31.8,15.4,65.9,34.4,13415.85,66967.0,8.46,0.25,0.53,2.61,6736.0,0.178,1.0,Uninsured
27075,Lake,MN,10.6,31.25,15.75,69.7,35.35,10402.46,73860.0,8.44,0.93,0.28,1.62,10915.0,0.183,1.0,Uninsured
27077,Lake of the Woods,MN,10.9,32.55,15.6,67.3,35.9,14560.59,61667.0,10.54,0.0,0.4,0.5,3786.0,0.198,1.0,Poverty
27079,Le Sueur,MN,9.8,30.3,15.5,66.0,35.15,10753.1,87180.0,7.37,1.46,0.87,6.65,28795.0,0.163,1.0,Uninsured
27081,Lincoln,MN,10.45,32.0,15.9,63.6,36.75,13011.04,64750.0,8.81,0.78,0.16,2.22,5630.0,0.186,1.0,Uninsured
27083,Lyon,MN,10.25,30.05,16.0,62.5,38.15,11766.27,68919.0,11.9,1.63,3.08,7.63,25352.0,0.192,1.0,Uninsured
27085,McLeod,MN,10.3,30.9,16.0,66.35,42.1,12676.7,73296.0,7.04,0.66,0.57,6.92,36727.0,0.166,1.0,Uninsured
27087,Mahnomen,MN,15.4,35.65,20.65,59.5,44.1,10580.45,52739.0,20.1,4.49,0.43,4.79,5389.0,0.386,4.0,Diabetes
27089,Marshall,MN,10.6,32.45,16.05,63.75,39.1,12677.71,69396.0,7.26,0.47,0.33,4.85,9017.0,0.182,1.0,Uninsured
27091,Martin,MN,11.35,31.4,16.1,65.8,36.45,11818.34,61674.0,11.55,1.84,0.61,5.39,19960.0,0.22,2.0,Uninsured
27093,Meeker,MN,10.8,31.1,16.3,66.15,37.1,10062.9,75926.0,7.43,0.78,0.32,4.27,23352.0,0.179,1.0,Uninsured
27095,Mille Lacs,MN,10.85,33.25,17.0,63.9,38.25,11309.98,68088.0,10.76,1.1,0.42,2.65,26680.0,0.214,2.0,Uninsured
27097,Morrison,MN,10.65,32.25,16.2,66.65,37.15,11676.8,66264.0,10.13,0.68,0.32,1.78,34023.0,0.196,1.0,Uninsured
27099,Mower,MN,10.95,31.2,16.35,62.45,38.1,11077.83,66972.0,11.64,1.04,3.83,12.63,40082.0,0.205,1.0,Uninsured
27101,Murray,MN,10.85,32.5,15.9,66.65,36.5,12508.01,71500.0,7.28,0.76,0.58,4.65,8170.0,0.189,1.0,Uninsured
27103,Nicollet,MN,9.3,28.4,16.2,67.6,33.75,11131.36,79113.0,9.62,1.22,3.02,4.95,34380.0,0.149,1.0,Uninsured
27105,Nobles,MN,12.6,31.05,16.2,60.8,38.9,11274.32,62973.0,12.01,3.21,5.46,30.0,22194.0,0.255,2.0,Uninsured
27107,Norman,MN,11.05,33.45,16.4,66.4,35.7,13372.62,65278.0,8.7,1.32,1.3,5.47,6457.0,0.212,2.0,Uninsured
27109,Olmsted,MN,8.95,28.75,14.15,66.5,36.45,11061.8,90420.0,7.73,0.8,6.98,5.33,162307.0,0.132,1.0,Uninsured
27111,Otter Tail,MN,10.4,29.55,15.9,69.35,34.35,12014.85,67990.0,8.51,0.91,1.07,3.74,60072.0,0.168,1.0,Uninsured
27113,Pennington,MN,10.25,31.95,16.9,65.55,40.35,12987.26,71504.0,9.47,0.37,1.21,4.54,13995.0,0.181,1.0,Uninsured
27115,Pine,MN,11.6,35.15,17.45,62.2,39.35,11422.33,65059.0,10.08,0.87,2.19,3.12,29090.0,0.235,2.0,Hypertension
27117,Pipestone,MN,11.35,33.1,16.6,63.95,38.7,13101.93,68341.0,12.77,0.76,2.56,7.62,9380.0,0.228,2.0,Poverty
27119,Polk,MN,10.25,29.7,16.25,65.2,39.55,13001.95,69540.0,11.14,1.62,2.53,6.8,31128.0,0.185,1.0,Uninsured
27121,Pope,MN,10.55,32.7,15.85,66.4,38.9,11480.97,71212.0,9.43,0.51,0.44,1.86,11312.0,0.193,1.0,Uninsured
27123,Ramsey,MN,10.15,29.35,16.1,63.9,32.2,12321.48,78108.0,12.57,0.79,12.0,7.68,547202.0,0.18,1.0,Poverty
27125,Red Lake,MN,10.55,32.15,16.3,62.7,38.7,13563.76,73889.0,9.28,0.26,0.84,3.81,3912.0,0.186,1.0,Uninsured
27127,Redwood,MN,11.4,31.95,16.8,67.75,36.7,11838.39,65617.0,9.85,1.77,0.69,3.88,15428.0,0.217,2.0,Uninsured
27129,Renville,MN,11.65,32.35,16.3,63.9,38.95,12497.42,66313.0,10.12,0.86,0.63,9.46,14707.0,0.216,2.0,Uninsured
27131,Rice,MN,9.75,31.05,16.0,63.5,38.1,10750.8,78214.0,8.19,0.73,6.34,8.73,67152.0,0.164,1.0,Uninsured
27133,Rock,MN,10.3,30.55,16.35,66.1,36.8,11880.63,75060.0,8.56,0.76,0.17,3.38,9659.0,0.172,1.0,Uninsured
27135,Roseau,MN,10.5,29.7,16.25,63.0,35.8,11538.65,70122.0,10.22,1.01,0.98,1.62,15294.0,0.179,1.0,Uninsured
27137,St. Louis,MN,10.3,30.1,17.05,62.85,35.7,10265.59,66491.0,13.22,0.39,1.58,1.89,200122.0,0.187,1.0,Poverty
27139,Scott,MN,8.95,29.35,14.55,68.45,31.75,12588.74,118268.0,4.97,0.54,5.05,5.63,151347.0,0.121,1.0,Uninsured
27141,Sherburne,MN,8.65,28.05,16.15,65.7,38.7,12365.99,99431.0,5.69,0.39,3.21,2.98,97820.0,0.109,1.0,Uninsured
27143,Sibley,MN,10.35,31.35,16.3,62.75,38.8,14016.19,74781.0,8.55,0.45,0.98,9.28,14950.0,0.175,1.0,Uninsured
27145,Stearns,MN,9.75,29.4,16.8,67.95,36.7,11201.67,73105.0,12.17,0.65,8.09,3.77,158622.0,0.17,1.0,Poverty
27147,Steele,MN,9.95,30.9,15.75,66.35,37.5,11281.17,79722.0,8.35,0.57,3.2,8.27,37396.0,0.166,1.0,Uninsured
27149,Stevens,MN,9.65,28.5,16.5,62.5,38.1,10792.79,69737.0,11.31,1.22,1.85,7.93,9682.0,0.163,1.0,Uninsured
27151,Swift,MN,11.65,34.25,16.45,62.1,38.75,12974.96,58362.0,10.54,0.69,0.88,5.69,9806.0,0.23,2.0,Uninsured
27153,Todd,MN,11.6,34.1,16.75,65.05,39.45,11939.88,63216.0,11.82,3.78,0.45,7.44,25277.0,0.265,2.0,Uninsured
27155,Traverse,MN,11.45,33.65,16.2,65.7,39.0,10478.07,63456.0,8.16,0.18,0.57,4.39,3345.0,0.206,1.0,Diabetes
27157,Wabasha,MN,10.05,29.95,15.55,67.95,37.5,12605.76,75063.0,7.48,0.97,0.24,3.15,21460.0,0.16,1.0,Uninsured
27159,Wadena,MN,11.4,32.05,17.6,66.1,38.45,12837.48,54747.0,11.64,0.6,0.54,2.2,14108.0,0.214,2.0,Poverty
27161,Waseca,MN,10.45,30.25,16.8,67.15,39.15,12337.29,71856.0,6.32,0.36,0.84,6.49,18953.0,0.158,1.0,Uninsured
27163,Washington,MN,9.5,27.6,13.7,64.3,32.3,11625.52,110828.0,4.61,0.51,4.82,4.65,268651.0,0.116,1.0,Uninsured
27165,Watonwan,MN,11.65,31.6,15.75,63.35,37.1,14641.11,65197.0,13.09,2.83,0.4,27.17,11205.0,0.244,2.0,Uninsured
27167,Wilkin,MN,10.95,32.45,16.7,66.9,38.45,10915.4,67114.0,13.26,0.6,0.48,3.61,6454.0,0.217,2.0,Poverty
27169,Winona,MN,9.45,29.4,16.75,65.15,35.05,9971.95,66162.0,13.09,1.35,1.36,3.19,49792.0,0.176,1.0,Uninsured
27171,Wright,MN,8.7,29.6,15.5,67.85,35.1,11831.24,102980.0,4.75,1.19,1.43,3.34,142543.0,0.124,1.0,Uninsured
27173,Yellow Medicine,MN,11.05,32.45,16.6,65.15,38.85,10788.24,70605.0,9.83,0.83,0.82,5.13,9569.0,0.205,1.0,Uninsured
28001,Adams,MS,18.7,48.75,18.2,60.6,41.35,15624.56,37271.0,25.36,1.91,53.38,6.97,29425.0,0.535,4.0,Hypertension
28003,Alcorn,MS,13.7,43.2,18.2,54.7,40.0,13482.94,47716.0,16.68,2.05,9.67,3.49,34717.0,0.371,4.0,Hypertension
28005,Amite,MS,17.85,47.8,18.6,57.1,45.2,16402.4,34866.0,26.79,1.54,40.22,0.07,12683.0,0.517,4.0,Hypertension
28007,Attala,MS,15.4,45.75,18.3,58.65,42.8,14418.22,42680.0,23.0,0.83,42.19,2.23,17842.0,0.436,4.0,Hypertension
28009,Benton,MS,15.7,45.3,18.3,57.4,42.35,15301.32,38750.0,17.39,1.47,33.31,3.13,7637.0,0.418,4.0,Hypertension
28011,Bolivar,MS,19.2,50.2,19.1,54.45,46.65,16908.92,37845.0,29.5,2.29,63.24,2.27,30688.0,0.577,4.0,Hypertension
28013,Calhoun,MS,16.4,45.9,18.9,56.85,41.2,13820.92,44505.0,18.39,1.17,28.39,6.47,13193.0,0.436,4.0,Hypertension
28015,Carroll,MS,16.45,46.3,17.8,57.2,40.2,15216.17,42285.0,20.99,0.85,35.82,0.11,9930.0,0.449,4.0,Hypertension
28017,Chickasaw,MS,17.05,45.65,18.75,57.9,43.55,14330.62,40224.0,25.8,1.32,44.16,5.08,17024.0,0.481,4.0,Hypertension
28019,Choctaw,MS,14.9,44.05,17.15,58.65,40.35,14771.39,41887.0,18.8,2.39,29.2,1.77,8208.0,0.411,4.0,Hypertension
28021,Claiborne,MS,20.0,51.3,19.6,58.35,49.15,16313.43,34282.0,26.75,3.85,85.84,0.22,9044.0,0.602,4.0,Hypertension
28023,Clarke,MS,15.9,46.1,18.35,58.65,38.75,18043.13,46329.0,20.42,2.21,34.35,1.62,15553.0,0.449,4.0,Hypertension
28025,Clay,MS,17.55,48.15,18.5,56.55,47.75,13502.43,37412.0,22.66,1.76,60.01,0.16,18598.0,0.498,4.0,Hypertension
28027,Coahoma,MS,20.65,52.05,19.65,54.75,46.75,13623.18,36075.0,35.85,1.02,75.94,1.79,21264.0,0.632,4.0,Diabetes
28029,Copiah,MS,16.75,46.35,18.15,59.75,42.1,14799.14,46889.0,22.52,1.73,51.05,3.65,28210.0,0.47,4.0,Hypertension
28031,Covington,MS,14.45,44.2,18.05,57.7,40.4,16917.68,40164.0,23.2,0.44,34.9,2.54,18323.0,0.406,4.0,Hypertension
28033,DeSoto,MS,11.9,39.1,16.6,63.95,37.1,13270.67,79666.0,9.71,1.48,30.92,5.21,186214.0,0.273,3.0,Hypertension
28035,Forrest,MS,13.3,40.25,18.25,60.85,36.7,14457.72,49340.0,21.65,1.0,36.12,3.21,77917.0,0.356,4.0,Poverty
28037,Franklin,MS,16.55,47.0,18.5,60.15,40.5,18918.16,43942.0,23.47,0.49,35.75,0.03,7690.0,0.463,4.0,Hypertension
28039,George,MS,12.4,38.55,18.25,57.85,37.05,11268.88,51349.0,20.31,1.26,7.69,3.21,24547.0,0.325,3.0,Poverty
28041,Greene,MS,13.55,42.3,18.0,55.05,41.9,15206.45,50000.0,13.34,1.14,25.44,1.3,13672.0,0.338,4.0,Hypertension
28043,Grenada,MS,16.15,45.75,18.2,58.7,46.1,17102.69,45745.0,21.74,1.22,44.91,0.43,21474.0,0.447,4.0,Hypertension
28045,Hancock,MS,12.55,39.6,17.0,60.45,37.15,14176.02,63623.0,13.61,1.05,6.92,3.91,46010.0,0.302,3.0,Hypertension
28047,Harrison,MS,13.2,40.65,17.75,58.0,36.55,13870.13,55211.0,17.94,1.71,24.82,5.59,208748.0,0.347,4.0,Hypertension
28049,Hinds,MS,16.15,46.8,17.55,58.65,44.3,14193.93,48596.0,20.22,1.56,72.89,1.58,226541.0,0.451,4.0,Hypertension
28051,Holmes,MS,22.15,54.2,19.95,57.25,51.1,17461.09,28818.0,33.23,0.81,82.98,0.46,16848.0,0.659,4.0,Diabetes
28053,Humphreys,MS,22.65,54.85,20.0,56.05,52.7,14724.98,31907.0,31.68,1.69,78.81,0.31,7744.0,0.674,4.0,Diabetes
28055,Issaquena,MS,17.1,47.5,19.1,56.85,46.3,10596.99,17900.0,14.59,0.58,70.4,1.0,1206.0,0.436,4.0,Hypertension
28057,Itawamba,MS,11.5,38.6,18.0,59.8,36.6,11848.28,57252.0,9.73,0.76,6.02,1.8,23888.0,0.256,2.0,Hypertension
28059,Jackson,MS,13.9,42.9,17.05,61.8,40.6,12859.88,60045.0,15.49,1.37,20.43,7.11,143721.0,0.36,4.0,Hypertension
28061,Jasper,MS,17.1,47.45,18.2,60.1,45.05,14787.16,43914.0,17.06,1.51,54.65,0.81,16320.0,0.456,4.0,Hypertension
28063,Jefferson,MS,21.7,54.65,19.05,58.45,51.6,15847.39,31544.0,29.68,1.48,79.05,8.46,7207.0,0.645,4.0,Hypertension
28065,Jefferson Davis,MS,19.3,50.95,18.55,60.4,45.6,16196.91,36473.0,22.84,1.41,61.01,0.19,11291.0,0.545,4.0,Hypertension
28067,Jones,MS,14.8,44.45,17.55,57.9,41.75,13867.97,49451.0,20.75,1.49,29.15,4.72,67152.0,0.412,4.0,Hypertension
28069,Kemper,MS,17.1,47.95,18.05,57.9,44.65,16059.05,42947.0,19.8,2.84,61.83,0.76,8980.0,0.486,4.0,Hypertension
28071,Lafayette,MS,11.35,35.55,16.95,60.65,35.7,13022.53,59748.0,17.74,0.56,23.4,2.62,56172.0,0.267,3.0,Poverty
28073,Lamar,MS,11.8,39.25,16.5,60.2,38.6,13755.85,67972.0,16.7,1.55,20.93,3.09,64425.0,0.306,3.0,Hypertension
28075,Lauderdale,MS,15.4,45.3,18.1,59.75,42.2,15324.38,45649.0,23.77,0.51,43.47,2.25,72741.0,0.433,4.0,Hypertension
28077,Lawrence,MS,17.0,47.3,19.35,56.45,46.2,19473.04,41096.0,22.48,2.19,31.47,2.35,11933.0,0.485,4.0,Hypertension
28079,Leake,MS,15.75,45.75,18.5,57.8,42.8,16430.71,46669.0,20.32,2.56,39.76,5.15,21335.0,0.447,4.0,Hypertension
28081,Lee,MS,13.1,42.8,16.95,59.2,36.35,12550.12,64479.0,13.25,2.12,29.81,2.99,83343.0,0.343,4.0,Hypertension
28083,Leflore,MS,19.95,50.35,19.15,54.2,43.65,13135.75,33115.0,30.53,0.83,74.65,2.91,27920.0,0.582,4.0,Diabetes
28085,Lincoln,MS,14.4,42.95,18.0,57.85,40.3,14501.7,47069.0,22.02,1.2,30.26,1.33,34855.0,0.398,4.0,Hypertension
28087,Lowndes,MS,14.55,43.5,17.3,62.15,37.7,14012.53,53687.0,17.48,0.76,44.62,2.42,58547.0,0.379,4.0,Hypertension
28089,Madison,MS,11.6,38.7,15.0,63.6,36.15,12694.37,79105.0,9.64,0.69,37.61,3.09,109257.0,0.257,2.0,Hypertension
28091,Marion,MS,15.8,45.55,18.75,55.9,43.55,15354.82,38399.0,22.01,1.25,32.57,1.73,24362.0,0.441,4.0,Hypertension
28093,Marshall,MS,17.1,47.1,18.9,54.55,42.0,12986.68,51431.0,18.19,0.38,45.61,4.27,33980.0,0.448,4.0,Hypertension
28095,Monroe,MS,15.1,45.0,18.6,60.7,42.9,15984.63,51190.0,16.26,0.76,30.22,1.49,34168.0,0.393,4.0,Hypertension
28097,Montgomery,MS,17.45,47.75,18.55,54.45,43.65,16403.34,36845.0,23.84,1.15,46.04,0.63,9803.0,0.492,4.0,Hypertension
28099,Neshoba,MS,15.5,42.8,19.7,55.6,43.25,14899.69,47400.0,27.4,1.93,22.77,0.21,28970.0,0.448,4.0,Poverty
28101,Newton,MS,14.7,42.95,18.75,56.2,41.2,17132.04,49160.0,22.58,3.45,31.4,2.11,21275.0,0.428,4.0,Hypertension
28103,Noxubee,MS,19.6,49.95,19.35,57.9,46.45,16772.08,42298.0,22.78,3.83,73.6,0.27,10261.0,0.566,4.0,Diabetes
28105,Oktibbeha,MS,12.4,38.35,17.8,58.55,37.05,14152.58,42953.0,25.56,0.85,36.75,1.78,51388.0,0.344,4.0,Poverty
28107,Panola,MS,17.0,46.55,19.1,55.35,46.35,15298.14,47894.0,20.24,1.91,49.66,0.62,33157.0,0.467,4.0,Hypertension
28109,Pearl River,MS,13.1,40.2,17.9,57.95,38.05,14575.46,54220.0,15.37,1.42,12.48,3.4,56351.0,0.327,3.0,Hypertension
28111,Perry,MS,14.8,44.1,18.75,54.2,43.65,13753.02,48333.0,20.02,1.38,11.58,7.02,11511.0,0.406,4.0,Hypertension
28113,Pike,MS,17.6,48.35,19.2,58.2,46.25,14637.92,40131.0,29.61,1.78,54.16,1.6,40098.0,0.532,4.0,Hypertension
28115,Pontotoc,MS,13.0,40.6,18.25,58.85,38.85,13501.87,54414.0,16.56,1.4,14.78,7.45,31202.0,0.334,3.0,Hypertension
28117,Prentiss,MS,13.1,40.5,18.4,56.4,40.9,13106.48,51578.0,15.5,0.85,10.7,1.5,24945.0,0.324,3.0,Hypertension
28119,Quitman,MS,21.15,52.7,20.05,52.5,51.15,15358.98,31192.0,29.27,0.29,71.95,0.43,6113.0,0.608,4.0,Diabetes
28121,Rankin,MS,11.4,39.1,15.85,61.05,36.5,13792.46,76460.0,9.17,1.24,21.58,2.73,157185.0,0.26,2.0,Hypertension
28123,Scott,MS,17.05,44.75,19.2,56.65,43.3,16343.65,44968.0,21.58,2.47,35.79,11.8,27943.0,0.466,4.0,Diabetes
28125,Sharkey,MS,22.4,54.8,19.5,55.05,50.4,12966.43,41000.0,26.21,4.88,72.53,0.72,3910.0,0.675,4.0,Diabetes
28127,Simpson,MS,14.7,43.55,18.2,58.8,40.15,13960.7,50867.0,16.69,1.37,35.08,2.02,25889.0,0.384,4.0,Hypertension
28129,Smith,MS,15.2,45.4,18.8,58.15,43.7,15111.98,51983.0,18.02,2.43,24.31,0.46,14310.0,0.423,4.0,Hypertension
28131,Stone,MS,13.05,41.35,17.95,58.0,41.15,13556.54,55894.0,19.93,1.3,16.37,2.3,18360.0,0.355,4.0,Hypertension
28133,Sunflower,MS,18.8,49.95,19.05,58.95,48.75,16008.25,37403.0,24.54,0.73,73.56,1.88,25867.0,0.53,4.0,Hypertension
28135,Tallahatchie,MS,17.95,49.35,18.45,54.1,45.0,18693.0,35428.0,24.52,1.24,61.52,1.9,12621.0,0.516,4.0,Hypertension
28137,Tate,MS,13.35,40.4,17.7,57.6,36.25,13366.48,61286.0,15.49,1.56,30.45,3.37,28094.0,0.335,3.0,Hypertension
28139,Tippah,MS,14.2,41.6,18.75,52.95,43.4,14582.98,47968.0,18.43,1.76,14.54,4.75,21769.0,0.374,4.0,Hypertension
28141,Tishomingo,MS,13.45,41.35,18.35,53.45,39.45,13503.97,45545.0,18.9,1.09,1.34,3.52,18837.0,0.355,4.0,Hypertension
28143,Tunica,MS,20.65,52.0,20.5,53.35,50.9,16031.71,41676.0,30.67,0.14,80.59,1.32,9787.0,0.599,4.0,Diabetes
28145,Union,MS,13.2,41.2,18.35,59.6,41.55,13617.12,55970.0,12.15,1.11,15.69,4.56,27880.0,0.318,3.0,Hypertension
28147,Walthall,MS,16.1,46.65,18.55,57.3,43.15,16757.74,37145.0,20.04,0.53,40.91,2.38,13888.0,0.438,4.0,Hypertension
28149,Warren,MS,14.85,43.95,16.85,61.05,43.8,13930.25,54117.0,17.87,0.89,48.69,2.15,44341.0,0.39,4.0,Hypertension
28151,Washington,MS,19.3,51.65,18.95,58.0,44.2,13420.17,38394.0,28.67,1.13,72.08,1.76,44604.0,0.574,4.0,Hypertension
28153,Wayne,MS,16.4,45.4,18.95,57.05,44.3,15636.54,34875.0,21.98,4.94,37.89,3.66,19760.0,0.486,4.0,Hypertension
28155,Webster,MS,12.5,40.75,17.3,59.5,36.4,14397.96,55657.0,15.59,2.57,18.49,1.58,9942.0,0.333,3.0,Hypertension
28157,Wilkinson,MS,19.1,50.85,18.4,57.8,47.55,19261.9,34928.0,18.77,0.23,67.38,1.79,8531.0,0.51,4.0,Hypertension
28159,Winston,MS,17.6,47.8,18.55,59.9,41.85,15032.63,45516.0,25.31,1.82,46.99,1.49,17741.0,0.509,4.0,Hypertension
28161,Yalobusha,MS,17.0,47.4,18.75,55.85,40.1,16243.4,47006.0,20.08,0.0,38.4,2.64,12499.0,0.453,4.0,Hypertension
28163,Yazoo,MS,18.2,49.05,19.5,55.4,50.35,15717.51,41867.0,23.92,1.26,60.75,3.95,27467.0,0.516,4.0,Hypertension
29001,Adair,MO,10.45,31.65,19.35,58.7,36.8,12003.75,51020.0,21.49,1.0,4.12,2.77,25299.0,0.245,2.0,Poverty
29003,Andrew,MO,10.4,35.3,17.35,62.2,35.9,12406.12,68774.0,7.45,1.01,0.77,2.68,18069.0,0.205,1.0,Hypertension
29005,Atchison,MO,12.9,39.1,18.2,59.45,41.6,13733.65,58521.0,11.39,1.48,0.3,1.61,5270.0,0.298,3.0,Hypertension
29007,Audrain,MO,12.85,37.1,20.1,55.45,39.95,11239.92,51745.0,17.11,5.1,4.78,3.44,24873.0,0.345,4.0,Uninsured
29009,Barry,MO,13.3,37.45,19.1,55.5,37.75,10627.25,55592.0,18.24,1.86,0.31,9.85,34701.0,0.329,3.0,Poverty
29011,Barton,MO,13.6,38.7,20.0,55.2,40.75,11991.98,48105.0,21.9,1.9,0.28,3.14,11683.0,0.36,4.0,Poverty
29013,Bates,MO,12.45,37.4,19.75,56.25,41.1,15959.85,54122.0,18.59,1.25,2.15,2.7,16101.0,0.309,3.0,Poverty
29015,Benton,MO,13.85,39.45,18.15,58.55,38.9,11033.03,50229.0,17.31,2.27,0.69,2.25,19616.0,0.352,4.0,Hypertension
29017,Bollinger,MO,12.45,38.2,19.45,56.65,39.1,11217.04,52306.0,14.73,0.95,0.55,1.69,10658.0,0.294,3.0,Hypertension
29019,Boone,MO,9.8,31.05,17.05,61.0,30.7,11143.27,66564.0,16.88,0.85,9.28,3.65,184043.0,0.207,1.0,Poverty
29021,Buchanan,MO,12.2,36.25,18.9,60.2,43.0,14442.68,58303.0,15.85,1.34,5.86,6.98,84544.0,0.285,3.0,Poverty
29023,Butler,MO,13.95,40.05,20.95,56.5,41.2,11241.14,47245.0,20.62,1.81,5.12,2.42,42280.0,0.369,4.0,Poverty
29025,Caldwell,MO,11.65,36.15,18.8,58.65,38.9,10780.95,58269.0,15.68,1.21,0.36,2.75,8876.0,0.273,3.0,Poverty
29027,Callaway,MO,11.05,35.15,18.2,59.9,37.0,10095.54,70599.0,8.66,1.78,4.26,2.22,44517.0,0.228,2.0,Uninsured
29029,Camden,MO,12.3,36.85,17.15,63.75,35.55,10542.16,59834.0,13.25,1.48,0.85,3.13,43227.0,0.28,3.0,Hypertension
29031,Cape Girardeau,MO,10.7,34.35,18.25,63.9,35.3,11122.99,65070.0,13.88,0.69,7.57,2.58,81703.0,0.23,2.0,Poverty
29033,Carroll,MO,12.25,36.4,18.75,60.6,38.7,14562.79,59101.0,9.32,0.8,2.09,1.88,8513.0,0.251,2.0,Hypertension
29035,Carter,MO,13.95,39.9,20.45,56.55,39.9,11910.87,45737.0,20.17,1.81,1.02,2.32,5299.0,0.366,4.0,Poverty
29037,Cass,MO,10.5,33.1,17.3,65.55,37.9,14714.37,82473.0,6.88,1.43,4.4,4.86,108205.0,0.192,1.0,Uninsured
29039,Cedar,MO,13.65,38.7,19.5,57.95,39.95,12003.5,43589.0,18.07,2.61,0.35,2.59,14314.0,0.35,4.0,Poverty
29041,Chariton,MO,12.2,36.9,18.4,59.95,38.55,10803.05,61910.0,12.85,1.93,2.7,1.01,7417.0,0.281,3.0,Hypertension
29043,Christian,MO,9.9,33.05,17.3,62.3,36.1,11332.19,75787.0,8.58,1.29,0.93,3.45,89568.0,0.188,1.0,Uninsured
29045,Clark,MO,13.1,38.3,19.65,57.2,41.55,10799.58,53362.0,10.76,2.44,0.16,0.96,6693.0,0.302,3.0,Hypertension
29047,Clay,MO,10.25,33.7,16.75,62.8,37.25,13491.68,82264.0,8.17,1.32,6.61,7.35,253085.0,0.197,1.0,Uninsured
29049,Clinton,MO,10.8,35.55,18.1,60.75,39.3,12065.77,66494.0,11.03,1.21,0.84,2.46,21155.0,0.232,2.0,Uninsured
29051,Cole,MO,10.2,35.05,16.9,64.15,36.65,11358.53,70667.0,8.84,0.97,11.39,3.05,76890.0,0.206,1.0,Uninsured
29053,Cooper,MO,11.1,35.1,18.0,60.3,37.6,10724.54,62239.0,11.86,2.56,5.55,2.15,16893.0,0.251,2.0,Uninsured
29055,Crawford,MO,12.55,36.05,19.5,60.95,41.8,11286.53,52367.0,14.36,2.27,0.52,2.27,23023.0,0.292,3.0,Uninsured
29057,Dade,MO,13.9,39.55,19.4,57.1,40.6,11472.04,46806.0,16.68,0.93,0.55,2.33,7598.0,0.337,4.0,Hypertension
29059,Dallas,MO,13.3,37.8,19.75,57.15,39.4,13762.45,46547.0,20.31,3.87,0.09,2.43,17158.0,0.361,4.0,Poverty
29061,Daviess,MO,12.6,37.75,19.2,56.3,38.55,12579.21,59706.0,13.44,4.75,0.53,1.71,8418.0,0.325,3.0,Uninsured
29063,DeKalb,MO,11.3,36.35,18.05,55.3,39.05,12873.81,67910.0,8.1,1.88,8.23,2.87,11838.0,0.24,2.0,Uninsured
29065,Dent,MO,12.85,38.0,19.0,54.75,39.4,11161.09,51410.0,16.62,2.53,0.6,2.02,14509.0,0.324,3.0,Poverty
29067,Douglas,MO,13.3,38.75,19.25,57.0,37.95,11572.59,47848.0,19.39,1.1,0.47,1.0,11803.0,0.336,3.0,Poverty
29069,Dunklin,MO,14.55,41.4,20.85,55.5,46.3,13661.29,44868.0,21.36,2.49,7.88,7.17,28174.0,0.399,4.0,Hypertension
29071,Franklin,MO,10.95,34.65,17.85,62.05,39.45,12650.27,70111.0,7.98,0.89,0.86,1.93,104858.0,0.211,2.0,Uninsured
29073,Gasconade,MO,11.75,36.75,18.4,59.75,39.25,11147.75,62638.0,11.63,1.16,0.87,0.81,14801.0,0.259,2.0,Hypertension
29075,Gentry,MO,11.9,36.2,19.0,56.8,41.05,17437.27,53799.0,14.84,2.12,0.5,2.06,6219.0,0.282,3.0,Uninsured
29077,Greene,MO,10.6,32.35,18.35,59.05,37.25,11715.12,54968.0,14.03,2.02,3.01,4.14,299188.0,0.228,2.0,Uninsured
29079,Grundy,MO,12.75,37.6,19.3,59.1,39.3,12645.74,51045.0,16.01,5.25,0.44,2.68,9878.0,0.343,4.0,Uninsured
29081,Harrison,MO,13.0,37.75,19.4,58.6,39.5,14620.89,51809.0,16.02,1.1,1.01,2.67,8190.0,0.308,3.0,Hypertension
29083,Henry,MO,12.7,37.75,19.25,59.55,38.55,13159.61,54903.0,14.79,1.68,0.73,2.84,22064.0,0.303,3.0,Hypertension
29085,Hickory,MO,16.3,43.6,20.0,60.7,43.05,13135.42,33302.0,17.32,4.31,0.18,2.13,8452.0,0.444,4.0,Diabetes
29087,Holt,MO,12.2,37.05,18.1,61.05,36.8,11921.65,55153.0,9.15,1.24,0.66,1.43,4274.0,0.258,2.0,Hypertension
29089,Howard,MO,11.05,34.75,18.2,63.5,35.4,11865.74,59023.0,11.89,1.54,5.91,1.96,10142.0,0.238,2.0,Uninsured
29091,Howell,MO,13.45,37.9,20.15,57.7,36.8,10391.14,46401.0,22.54,2.58,0.45,2.44,39960.0,0.362,4.0,Poverty
29093,Iron,MO,13.25,38.9,19.6,57.1,42.2,12644.59,53401.0,18.79,1.09,0.65,2.0,9538.0,0.333,3.0,Poverty
29095,Jackson,MO,11.55,34.55,19.2,60.1,37.2,13470.96,65169.0,13.66,1.89,22.79,9.58,715526.0,0.257,2.0,Uninsured
29097,Jasper,MO,12.15,36.05,19.55,61.15,40.1,11924.2,54963.0,18.13,1.92,1.89,8.68,122788.0,0.299,3.0,Poverty
29099,Jefferson,MO,10.3,33.5,17.9,63.45,40.0,13249.58,77217.0,8.17,0.93,1.0,2.22,226984.0,0.193,1.0,Uninsured
29101,Johnson,MO,9.95,31.05,19.25,61.05,36.4,13125.26,62503.0,11.32,1.6,3.58,5.04,54025.0,0.191,1.0,Uninsured
29103,Knox,MO,13.35,38.55,19.85,56.25,39.65,12424.79,49167.0,12.46,10.18,1.19,0.82,3772.0,0.393,4.0,Uninsured
29105,Laclede,MO,12.75,37.35,19.9,58.05,38.4,11001.76,49202.0,16.8,1.55,0.48,2.72,36060.0,0.309,3.0,Poverty
29107,Lafayette,MO,10.65,34.3,18.2,60.2,36.9,12425.59,78397.0,9.05,1.29,2.09,3.36,32858.0,0.212,2.0,Uninsured
29109,Lawrence,MO,12.6,36.8,19.65,56.0,40.1,11639.83,52225.0,14.35,2.28,0.25,8.16,38231.0,0.298,3.0,Uninsured
29111,Lewis,MO,11.8,35.5,19.65,55.5,37.4,11771.05,49779.0,15.15,0.51,3.87,1.37,9987.0,0.261,2.0,Poverty
29113,Lincoln,MO,10.5,33.0,18.65,57.95,39.65,12753.05,82543.0,11.29,1.88,2.16,2.7,60172.0,0.217,2.0,Uninsured
29115,Linn,MO,12.0,36.15,18.85,59.0,35.8,12597.02,58435.0,16.52,2.24,0.74,2.86,11892.0,0.293,3.0,Poverty
29117,Livingston,MO,11.55,35.9,19.65,60.05,39.5,13555.17,58772.0,9.56,2.13,2.87,2.14,14402.0,0.25,2.0,Uninsured
29119,McDonald,MO,14.65,38.9,20.8,51.0,42.85,12480.35,46494.0,16.73,4.02,1.96,11.6,23381.0,0.376,4.0,Diabetes
29121,Macon,MO,11.4,35.65,18.2,61.55,34.5,12633.65,54113.0,10.76,2.6,2.24,1.71,15173.0,0.256,2.0,Uninsured
29123,Madison,MO,11.9,35.9,18.9,60.65,37.6,14120.92,54042.0,11.83,3.66,1.14,2.58,12649.0,0.282,3.0,Uninsured
29125,Maries,MO,11.95,36.55,18.95,60.8,38.05,10687.03,56491.0,17.31,2.52,0.33,1.83,8454.0,0.301,3.0,Poverty
29127,Marion,MO,11.7,35.95,18.6,62.0,39.7,12767.54,62492.0,13.57,0.33,5.45,0.44,28525.0,0.254,2.0,Poverty
29129,Mercer,MO,13.7,39.4,19.2,59.25,41.25,14635.02,55592.0,14.67,2.62,0.34,2.99,3517.0,0.34,4.0,Hypertension
29131,Miller,MO,11.9,35.95,18.95,57.85,37.4,10710.47,53490.0,15.72,1.47,1.05,2.13,24855.0,0.278,3.0,Poverty
29133,Mississippi,MO,15.4,42.2,20.55,55.25,47.65,10744.44,40833.0,20.8,1.07,24.14,1.12,12305.0,0.403,4.0,Hypertension
29135,Moniteau,MO,11.05,34.4,18.6,58.75,39.15,11888.9,66792.0,9.93,5.82,2.66,5.47,15401.0,0.269,3.0,Uninsured
29137,Monroe,MO,13.0,37.95,18.85,62.2,37.9,11666.33,50245.0,16.2,3.15,3.47,1.86,8668.0,0.33,3.0,Uninsured
29139,Montgomery,MO,12.4,37.2,19.15,57.6,37.2,10451.97,58660.0,14.39,1.14,1.66,2.12,11421.0,0.286,3.0,Hypertension
29141,Morgan,MO,13.7,38.85,19.55,54.55,38.2,10292.3,48841.0,19.31,7.8,0.35,2.53,21169.0,0.409,4.0,Uninsured
29143,New Madrid,MO,14.4,40.5,20.25,58.4,43.1,13068.54,44092.0,16.79,0.86,12.16,2.13,16341.0,0.352,4.0,Hypertension
29145,Newton,MO,12.25,35.95,18.8,61.15,38.85,12036.56,60313.0,14.6,2.07,0.91,5.88,59019.0,0.285,3.0,Uninsured
29147,Nodaway,MO,10.5,33.15,19.0,60.4,37.8,16195.4,53917.0,16.84,1.58,2.16,1.73,21140.0,0.241,2.0,Poverty
29149,Oregon,MO,14.5,39.95,20.4,54.75,41.15,10639.97,41365.0,22.46,3.26,0.07,1.95,8783.0,0.4,4.0,Poverty
29151,Osage,MO,10.2,33.6,17.75,62.0,35.6,11384.68,70313.0,7.47,0.8,0.16,1.0,13374.0,0.187,1.0,Uninsured
29153,Ozark,MO,15.4,42.2,20.2,55.85,42.4,9890.4,39125.0,22.23,2.35,0.6,2.07,8688.0,0.422,4.0,Hypertension
29155,Pemiscot,MO,16.4,42.55,21.25,53.55,44.9,13313.34,37426.0,28.86,0.84,26.17,3.11,15555.0,0.457,4.0,Poverty
29157,Perry,MO,11.2,35.5,18.15,59.1,36.0,14472.68,61486.0,11.12,1.16,0.72,2.42,18970.0,0.239,2.0,Uninsured
29159,Pettis,MO,11.7,34.35,18.65,57.6,36.2,11579.66,57581.0,14.57,2.73,2.81,9.16,43059.0,0.27,3.0,Uninsured
29161,Phelps,MO,11.3,34.65,18.45,55.05,35.4,12603.66,53242.0,16.41,1.06,2.1,2.88,44843.0,0.258,2.0,Poverty
29163,Pike,MO,12.4,37.95,19.15,58.05,38.3,11365.26,53363.0,14.18,0.92,5.02,2.32,17719.0,0.289,3.0,Hypertension
29165,Platte,MO,9.4,32.4,15.75,65.1,36.85,12761.61,92543.0,6.9,1.21,7.39,6.62,107033.0,0.167,1.0,Uninsured
29167,Polk,MO,12.1,36.1,19.55,58.35,39.1,11774.44,54487.0,16.36,3.44,1.16,2.82,31877.0,0.305,3.0,Uninsured
29169,Pulaski,MO,9.75,31.3,18.5,59.1,37.1,10972.31,62541.0,11.88,0.99,10.09,11.6,53726.0,0.186,1.0,Uninsured
29171,Putnam,MO,11.9,36.95,18.2,59.5,35.05,11588.93,50950.0,12.01,3.94,0.23,2.62,4698.0,0.293,3.0,Uninsured
29173,Ralls,MO,12.25,37.75,18.6,58.65,39.9,11735.81,62615.0,12.25,1.9,1.78,1.44,10356.0,0.285,3.0,Hypertension
29175,Randolph,MO,11.85,35.95,19.3,57.6,37.65,13001.49,51480.0,15.82,1.68,5.04,2.23,24652.0,0.28,3.0,Poverty
29177,Ray,MO,11.95,36.85,18.85,58.4,39.45,14917.04,69779.0,12.04,1.21,1.19,2.71,23122.0,0.266,3.0,Hypertension
29179,Reynolds,MO,13.85,39.1,19.65,54.1,41.1,11541.0,43856.0,17.58,0.87,1.66,1.7,6102.0,0.337,4.0,Hypertension
29181,Ripley,MO,14.05,38.85,20.85,57.7,41.2,10880.83,42541.0,20.41,2.19,0.1,2.24,10839.0,0.365,4.0,Poverty
29183,St. Charles,MO,9.55,30.15,15.6,66.05,35.6,13464.84,99596.0,4.44,0.68,5.04,3.56,406262.0,0.136,1.0,Uninsured
29185,St. Clair,MO,14.0,40.4,19.3,60.45,37.65,15115.12,43483.0,15.13,2.72,0.55,2.37,9330.0,0.356,4.0,Hypertension
29186,Ste. Genevieve,MO,11.15,36.25,18.0,60.85,37.15,13690.07,61215.0,8.98,0.41,1.53,1.34,18494.0,0.226,2.0,Hypertension
29187,St. Francois,MO,12.15,37.65,19.7,57.9,40.3,12786.52,53083.0,16.09,1.23,2.96,2.0,66814.0,0.294,3.0,Poverty
29189,St. Louis,MO,10.55,34.7,16.5,63.85,31.4,13412.48,78067.0,9.41,0.74,24.21,3.1,999703.0,0.21,2.0,Uninsured
29195,Saline,MO,11.8,34.15,18.35,57.65,38.45,11392.13,55396.0,12.15,0.81,5.56,11.1,23219.0,0.24,2.0,Poverty
29197,Schuyler,MO,11.0,35.4,18.6,59.35,38.9,12599.2,53728.0,10.18,5.73,0.39,1.28,4066.0,0.275,3.0,Uninsured
29199,Scotland,MO,11.6,35.65,19.35,58.55,37.4,15822.85,58656.0,7.27,14.89,0.06,0.0,4720.0,0.364,4.0,Uninsured
29201,Scott,MO,12.25,37.45,18.9,57.15,38.15,11722.07,54621.0,15.31,1.04,11.37,2.64,38055.0,0.289,3.0,Hypertension
29203,Shannon,MO,13.2,38.45,19.3,59.65,36.9,12456.61,46767.0,14.32,2.26,0.28,0.38,7132.0,0.32,3.0,Hypertension
29205,Shelby,MO,13.2,39.1,19.5,57.7,40.45,12144.18,50387.0,14.32,1.26,2.15,2.31,6049.0,0.314,3.0,Hypertension
29207,Stoddard,MO,12.75,37.3,19.85,58.15,37.6,11078.94,51703.0,16.2,1.97,1.31,1.93,28656.0,0.31,3.0,Poverty
29209,Stone,MO,12.95,39.5,17.65,62.65,41.1,10869.14,58392.0,13.87,0.79,0.22,2.52,31314.0,0.306,3.0,Hypertension
29211,Sullivan,MO,13.5,37.8,18.6,56.45,40.25,14705.53,53438.0,14.69,0.48,3.16,18.67,5983.0,0.304,3.0,Diabetes
29213,Taney,MO,11.95,36.45,18.35,59.4,36.05,11172.4,54467.0,15.85,2.08,1.97,6.34,56202.0,0.29,3.0,Poverty
29215,Texas,MO,14.25,40.85,20.0,57.6,42.15,11178.15,42870.0,18.83,2.7,2.49,2.38,24828.0,0.38,4.0,Hypertension
29217,Vernon,MO,12.9,37.65,19.9,55.85,37.95,11445.66,53318.0,17.46,4.68,0.54,2.49,19777.0,0.348,4.0,Uninsured
29219,Warren,MO,11.15,35.35,18.5,58.7,38.85,12860.66,75531.0,10.06,1.78,2.15,3.67,35729.0,0.238,2.0,Uninsured
29221,Washington,MO,13.5,38.55,20.5,56.35,41.6,11916.97,49364.0,17.74,1.34,1.67,1.68,23580.0,0.332,3.0,Poverty
29223,Wayne,MO,15.0,40.9,20.55,55.15,41.4,10730.21,42758.0,24.72,1.24,1.03,1.99,11081.0,0.406,4.0,Poverty
29225,Webster,MO,11.4,35.5,19.4,57.95,41.6,11853.65,65103.0,15.2,4.92,0.62,2.28,39265.0,0.298,3.0,Uninsured
29227,Worth,MO,13.35,39.3,18.85,60.3,40.45,12210.45,43536.0,16.3,0.61,0.25,1.92,1982.0,0.321,3.0,Hypertension
29229,Wright,MO,14.0,38.45,20.7,56.65,42.15,10467.9,43573.0,19.89,4.82,0.19,2.43,18475.0,0.385,4.0,Uninsured
29510,St. Louis,MO,13.0,37.05,18.3,62.05,37.0,13979.79,52941.0,19.59,0.76,43.87,4.31,298018.0,0.316,3.0,Poverty
30001,Beaverhead,MT,9.45,31.45,17.65,61.3,28.8,11844.96,55867.0,14.65,1.24,1.03,5.54,9469.0,0.197,1.0,Poverty
30003,Big Horn,MT,14.45,34.55,22.55,51.75,35.65,15937.79,52463.0,25.15,4.45,0.0,6.26,13090.0,0.385,4.0,Poverty
30005,Blaine,MT,13.3,35.0,20.45,52.15,41.35,14556.84,58507.0,19.84,5.19,0.8,3.6,7030.0,0.351,4.0,Uninsured
30007,Broadwater,MT,9.1,31.85,17.35,58.6,30.5,16339.42,61679.0,9.07,0.8,0.27,2.19,6977.0,0.164,1.0,Uninsured
30009,Carbon,MT,10.0,35.35,16.65,60.1,32.8,8359.37,66780.0,10.08,0.71,0.47,2.87,10645.0,0.208,1.0,Hypertension
30011,Carter,MT,10.4,34.85,17.9,60.15,33.05,15095.19,46486.0,16.67,3.15,0.0,1.13,1332.0,0.266,3.0,Uninsured
30013,Cascade,MT,9.6,32.0,19.4,59.7,35.6,10726.81,61351.0,13.23,0.86,1.48,5.05,84423.0,0.193,1.0,Poverty
30015,Chouteau,MT,10.85,34.15,18.95,57.3,35.7,12296.06,51791.0,14.89,0.47,0.14,3.0,5897.0,0.234,2.0,Poverty
30017,Custer,MT,9.5,31.3,17.65,60.75,32.65,10857.07,61114.0,10.71,1.53,0.23,3.6,11957.0,0.181,1.0,Uninsured
30019,Daniels,MT,9.7,32.45,17.2,59.7,33.75,16513.74,47378.0,11.92,0.72,0.33,1.43,1535.0,0.191,1.0,Poverty
30021,Dawson,MT,9.15,30.7,17.6,62.7,32.9,11270.69,68168.0,7.11,0.68,0.76,2.74,8915.0,0.146,1.0,Uninsured
30023,Deer Lodge,MT,11.2,34.3,18.45,57.5,32.3,10820.65,46436.0,21.94,1.48,0.54,3.74,9435.0,0.284,3.0,Poverty
30025,Fallon,MT,9.25,30.3,18.4,60.7,31.4,14792.55,79750.0,12.41,3.16,0.03,0.78,2941.0,0.194,1.0,Uninsured
30027,Fergus,MT,9.9,33.5,17.55,61.85,31.2,8875.66,58321.0,14.36,2.57,0.48,2.05,11496.0,0.231,2.0,Uninsured
30029,Flathead,MT,8.35,28.6,16.5,61.3,31.0,9471.52,68025.0,9.18,1.29,0.32,3.28,105950.0,0.133,1.0,Uninsured
30031,Gallatin,MT,6.95,24.45,16.5,62.4,23.5,9840.74,83434.0,10.22,1.05,0.44,4.26,119685.0,0.082,1.0,Uninsured
30033,Garfield,MT,10.0,32.65,18.2,55.5,30.65,7976.06,61786.0,9.32,4.71,1.13,0.0,976.0,0.224,2.0,Uninsured
30035,Glacier,MT,15.0,35.5,23.45,50.65,39.8,10108.23,41078.0,28.92,8.66,0.17,3.57,13781.0,0.46,4.0,Uninsured
30037,Golden Valley,MT,12.1,37.1,18.35,60.55,32.65,7811.17,54792.0,16.05,3.21,1.07,8.56,841.0,0.309,3.0,Uninsured
30039,Granite,MT,10.35,34.4,17.15,61.5,30.5,9476.08,53917.0,12.8,1.48,0.0,3.09,3368.0,0.227,2.0,Uninsured
30041,Hill,MT,11.5,35.05,20.6,56.45,38.75,10494.45,58427.0,16.5,1.05,0.35,4.0,16238.0,0.265,2.0,Poverty
30043,Jefferson,MT,8.95,29.95,16.45,62.45,32.45,8821.0,73875.0,4.96,0.48,0.3,2.98,12273.0,0.125,1.0,Uninsured
30045,Judith Basin,MT,10.95,35.1,17.6,58.45,31.6,7513.47,58750.0,17.51,0.15,0.0,5.54,2039.0,0.251,2.0,Poverty
30047,Lake,MT,10.75,32.85,18.65,57.7,33.1,8992.6,58009.0,18.73,3.39,0.25,4.46,31509.0,0.27,3.0,Poverty
30049,Lewis and Clark,MT,8.4,28.25,17.35,61.8,30.9,9200.57,71967.0,9.19,0.91,0.57,3.69,71487.0,0.127,1.0,Uninsured
30051,Liberty,MT,11.5,35.6,19.5,53.35,34.25,14715.02,48047.0,25.84,0.5,0.0,0.55,1993.0,0.307,3.0,Poverty
30053,Lincoln,MT,11.7,37.15,18.65,60.15,37.7,8658.19,44593.0,16.67,2.7,0.07,3.48,20157.0,0.3,3.0,Uninsured
30055,McCone,MT,9.4,33.4,16.95,61.65,32.65,10794.68,79022.0,2.41,0.63,0.0,0.0,1746.0,0.147,1.0,Uninsured
30057,Madison,MT,8.95,31.3,16.35,63.9,28.65,9511.09,61226.0,6.77,1.86,0.0,4.54,8742.0,0.157,1.0,Uninsured
30059,Meagher,MT,10.4,33.55,16.7,58.7,32.45,12321.99,55753.0,11.45,1.69,0.05,2.57,1948.0,0.218,2.0,Uninsured
30061,Mineral,MT,10.8,34.3,17.5,60.7,35.9,9523.16,56098.0,13.74,0.95,0.71,3.31,4652.0,0.233,2.0,Poverty
30063,Missoula,MT,8.1,25.85,17.7,63.45,26.55,9495.5,66840.0,11.6,0.41,0.63,3.64,118541.0,0.111,1.0,Poverty
30065,Musselshell,MT,10.85,34.3,17.85,55.75,35.45,11665.51,54875.0,11.7,1.12,0.0,3.41,4924.0,0.226,2.0,Uninsured
30067,Park,MT,9.2,30.65,16.85,58.25,30.2,9718.03,67602.0,11.36,1.0,0.19,3.29,17320.0,0.169,1.0,Uninsured
30069,Petroleum,MT,10.3,34.05,16.6,63.5,32.9,9200.15,57981.0,6.25,1.44,0.0,0.0,416.0,0.193,1.0,Uninsured
30071,Phillips,MT,10.4,31.95,18.35,61.95,38.9,11500.89,61250.0,6.85,0.28,0.0,2.27,4233.0,0.171,1.0,Uninsured
30073,Pondera,MT,12.05,34.3,19.9,58.75,37.35,9463.71,59861.0,21.25,0.99,0.05,2.36,5987.0,0.29,3.0,Poverty
30075,Powder River,MT,9.95,32.1,16.9,61.2,30.5,7318.2,60313.0,12.41,0.0,0.0,2.26,1773.0,0.188,1.0,Poverty
30077,Powell,MT,10.25,32.6,17.65,58.3,35.7,10818.1,60994.0,3.87,1.44,0.89,2.16,6998.0,0.171,1.0,Uninsured
30079,Prairie,MT,13.2,37.8,18.45,55.4,33.75,11765.3,44107.0,21.67,0.0,0.0,0.94,1283.0,0.327,3.0,Poverty
30081,Ravalli,MT,8.85,30.2,16.55,62.1,31.8,9234.88,67424.0,9.74,1.74,0.32,3.82,44876.0,0.16,1.0,Uninsured
30083,Richland,MT,8.45,29.45,17.25,58.2,37.75,12257.43,67515.0,8.29,1.37,0.19,5.79,11366.0,0.137,1.0,Uninsured
30085,Roosevelt,MT,13.8,35.7,22.6,51.7,41.15,12208.82,51038.0,30.29,11.09,0.32,3.67,10799.0,0.472,4.0,Uninsured
30087,Rosebud,MT,12.55,37.3,20.9,54.3,39.65,10264.15,57656.0,20.1,6.81,0.12,5.33,8310.0,0.372,4.0,Uninsured
30089,Sanders,MT,11.35,34.75,18.1,55.7,34.85,8437.17,47110.0,16.07,3.01,0.31,3.4,12615.0,0.277,3.0,Uninsured
30091,Sheridan,MT,9.95,33.5,17.6,61.35,35.45,13293.99,67457.0,9.62,4.19,0.0,4.54,3700.0,0.226,2.0,Uninsured
30093,Silver Bow,MT,9.45,30.8,19.05,58.7,32.55,10241.48,56297.0,15.4,0.31,0.15,4.63,35306.0,0.187,1.0,Poverty
30095,Stillwater,MT,9.25,31.15,16.6,61.75,30.05,9374.42,78380.0,7.94,0.53,0.09,4.22,8978.0,0.153,1.0,Uninsured
30097,Sweet Grass,MT,9.3,31.8,17.0,62.95,29.55,9567.74,64872.0,5.92,1.57,1.54,2.3,3697.0,0.16,1.0,Uninsured
30099,Teton,MT,9.65,31.55,18.1,56.6,31.1,8361.47,65224.0,14.2,2.79,0.88,1.8,6238.0,0.214,2.0,Uninsured
30101,Toole,MT,10.9,32.75,19.2,55.1,35.5,8538.78,54040.0,9.33,2.25,1.55,4.2,5018.0,0.216,2.0,Uninsured
30103,Treasure,MT,10.4,34.45,16.6,61.85,33.65,12042.05,70096.0,9.85,0.15,0.0,4.26,680.0,0.202,1.0,Hypertension
30105,Valley,MT,10.1,35.35,18.25,58.55,32.95,11404.43,59725.0,12.05,0.85,0.38,2.71,7552.0,0.22,2.0,Hypertension
30107,Wheatland,MT,11.3,34.9,19.0,57.05,32.15,12002.04,48272.0,22.33,6.89,2.38,2.14,2060.0,0.345,4.0,Uninsured
30109,Wibaux,MT,10.1,33.3,17.95,57.4,32.8,11119.82,58750.0,17.43,3.84,0.89,7.24,1119.0,0.26,2.0,Uninsured
30111,Yellowstone,MT,8.85,30.0,18.1,61.05,34.0,10205.48,72300.0,10.49,0.98,0.83,6.2,165524.0,0.154,1.0,Uninsured
31001,Adams,NE,10.85,33.5,14.5,56.4,41.55,11125.44,61502.0,11.44,0.71,0.7,11.65,31143.0,0.215,2.0,Uninsured
31003,Antelope,NE,11.25,34.65,14.45,62.8,42.7,13100.7,61924.0,10.89,1.33,1.03,3.59,6302.0,0.234,2.0,Uninsured
31005,Arthur,NE,10.7,34.0,14.55,59.15,42.05,7711.38,66667.0,7.01,2.27,0.0,1.24,485.0,0.211,2.0,Uninsured
31007,Banner,NE,11.05,34.15,13.55,61.05,38.3,9723.19,62375.0,7.31,0.0,0.0,5.07,670.0,0.197,1.0,Hypertension
31009,Blaine,NE,11.35,35.3,14.8,60.35,39.05,10288.22,52083.0,11.46,0.0,0.0,0.0,384.0,0.23,2.0,Hypertension
31011,Boone,NE,11.05,33.4,14.2,58.7,33.25,15040.74,66800.0,7.21,0.74,0.07,2.76,5397.0,0.199,1.0,Uninsured
31013,Box Butte,NE,11.7,33.7,14.85,59.1,38.9,12910.85,67893.0,11.79,1.96,3.39,13.26,10778.0,0.245,2.0,Uninsured
31015,Boyd,NE,12.4,37.3,14.3,60.5,38.3,11524.34,57120.0,11.43,0.62,0.28,3.23,1767.0,0.268,3.0,Hypertension
31017,Brown,NE,11.55,35.35,14.75,59.3,40.6,11270.49,44267.0,8.77,1.08,0.07,4.01,2691.0,0.232,2.0,Uninsured
31019,Buffalo,NE,9.35,31.55,14.8,56.2,38.1,12361.18,70093.0,11.28,1.3,0.9,9.71,50103.0,0.181,1.0,Uninsured
31021,Burt,NE,11.4,35.85,14.75,59.95,40.45,12267.87,54950.0,14.01,0.58,0.45,3.59,6717.0,0.252,2.0,Poverty
31023,Butler,NE,10.05,31.8,14.25,58.15,38.6,11578.33,75690.0,7.73,1.9,0.12,4.9,8373.0,0.184,1.0,Uninsured
31025,Cass,NE,9.7,31.85,14.0,62.9,39.9,11435.42,87673.0,5.54,2.32,0.16,3.84,26749.0,0.172,1.0,Uninsured
31027,Cedar,NE,9.85,31.9,13.9,59.35,40.35,11561.5,72035.0,5.3,1.35,0.14,2.34,8375.0,0.164,1.0,Uninsured
31029,Chase,NE,11.2,33.1,14.0,53.7,37.1,16783.11,57313.0,8.05,0.51,0.35,18.74,3704.0,0.201,1.0,Uninsured
31031,Cherry,NE,11.6,34.0,14.9,56.05,40.85,12082.34,62373.0,9.68,2.87,0.48,2.1,5473.0,0.245,2.0,Uninsured
31033,Cheyenne,NE,11.4,34.15,14.95,59.0,34.75,14412.08,54038.0,11.44,0.63,1.06,8.17,9489.0,0.229,2.0,Poverty
31035,Clay,NE,10.55,32.55,14.4,56.05,40.1,10616.0,73933.0,8.54,1.48,0.38,9.36,6088.0,0.198,1.0,Uninsured
31037,Colfax,NE,12.55,30.85,13.75,54.1,38.9,12098.71,71205.0,10.01,0.8,3.27,46.14,10563.0,0.219,2.0,Diabetes
31039,Cuming,NE,10.8,34.2,14.3,57.35,40.8,12230.48,68917.0,7.53,0.91,0.43,10.3,9000.0,0.203,1.0,Uninsured
31041,Custer,NE,10.75,34.4,14.45,58.4,40.1,13100.69,62288.0,11.14,1.83,0.58,3.67,10566.0,0.23,2.0,Uninsured
31043,Dakota,NE,12.35,30.85,14.45,55.1,44.45,10998.38,66112.0,11.05,1.01,7.59,39.8,21308.0,0.223,2.0,Diabetes
31045,Dawes,NE,10.1,31.25,15.0,56.15,36.9,9586.51,53760.0,11.64,0.99,2.34,5.77,8279.0,0.19,1.0,Uninsured
31047,Dawson,NE,12.7,33.4,14.05,54.8,41.25,14200.68,67462.0,14.05,2.48,7.03,34.28,24037.0,0.276,3.0,Uninsured
31049,Deuel,NE,11.95,36.25,14.35,59.15,39.8,11432.59,58875.0,7.1,0.43,0.11,11.63,1858.0,0.231,2.0,Hypertension
31051,Dixon,NE,11.65,33.3,14.3,54.4,43.45,11916.28,60568.0,9.28,2.06,0.2,15.04,5579.0,0.231,2.0,Uninsured
31053,Dodge,NE,10.95,31.9,14.2,58.95,40.0,11625.46,66793.0,8.76,0.47,0.59,15.04,37175.0,0.191,1.0,Uninsured
31055,Douglas,NE,9.55,30.0,14.7,60.4,36.9,11568.85,76083.0,10.79,1.69,10.71,13.35,582638.0,0.175,1.0,Uninsured
31057,Dundy,NE,12.05,36.15,14.4,56.45,37.2,17291.43,58977.0,12.27,1.75,0.22,1.48,1825.0,0.269,3.0,Uninsured
31059,Fillmore,NE,10.75,33.15,14.05,64.5,42.05,12219.46,72335.0,6.75,0.32,0.29,3.78,5557.0,0.185,1.0,Uninsured
31061,Franklin,NE,12.15,37.1,15.2,58.1,39.45,15706.98,55625.0,14.51,0.9,0.24,2.83,2901.0,0.28,3.0,Hypertension
31063,Frontier,NE,10.45,33.05,14.45,60.45,38.05,12314.23,62928.0,11.84,2.89,1.28,3.37,2491.0,0.229,2.0,Uninsured
31065,Furnas,NE,11.7,35.45,14.7,61.25,44.65,14138.64,58895.0,10.93,0.78,0.32,4.92,4630.0,0.242,2.0,Hypertension
31067,Gage,NE,11.15,36.15,15.2,60.6,41.8,11671.09,60035.0,13.09,0.99,0.69,3.1,21654.0,0.25,2.0,Hypertension
31069,Garden,NE,13.0,38.3,14.85,57.65,40.4,14867.44,47139.0,9.45,8.55,0.0,4.16,1778.0,0.355,4.0,Uninsured
31071,Garfield,NE,10.45,33.35,13.7,61.65,39.25,13148.57,64957.0,11.62,1.25,0.49,3.22,1833.0,0.214,2.0,Uninsured
31073,Gosper,NE,10.7,33.45,13.85,61.85,38.35,11778.62,76583.0,6.41,2.51,0.27,4.32,1873.0,0.207,1.0,Uninsured
31075,Grant,NE,10.45,33.55,13.95,62.25,36.55,8723.94,65139.0,10.48,2.16,0.15,0.31,649.0,0.219,2.0,Uninsured
31077,Greeley,NE,10.95,33.8,14.55,55.45,35.0,9326.43,52813.0,12.25,0.9,0.63,2.08,2212.0,0.225,2.0,Poverty
31079,Hall,NE,11.35,31.4,14.3,52.5,41.3,11412.5,63553.0,12.56,1.71,3.43,30.04,62575.0,0.224,2.0,Uninsured
31081,Hamilton,NE,9.4,31.5,14.1,59.15,40.75,11245.2,73254.0,5.43,0.45,0.2,3.88,9400.0,0.146,1.0,Uninsured
31083,Harlan,NE,11.0,34.6,14.35,62.05,35.45,15371.04,64583.0,7.24,0.36,0.1,3.36,3094.0,0.203,1.0,Hypertension
31085,Hayes,NE,12.0,35.6,14.3,60.5,41.4,8716.5,59405.0,14.69,0.33,0.0,6.75,919.0,0.261,2.0,Poverty
31087,Hitchcock,NE,11.55,35.95,14.85,60.5,41.85,11732.11,49456.0,12.18,1.98,0.08,3.93,2620.0,0.261,2.0,Uninsured
31089,Holt,NE,11.25,32.8,14.3,62.8,38.55,12364.56,66325.0,9.72,0.77,0.42,5.27,10149.0,0.21,2.0,Uninsured
31091,Hooker,NE,11.35,35.2,14.7,60.25,40.0,8027.86,43333.0,7.74,0.15,1.52,0.0,659.0,0.213,2.0,Hypertension
31093,Howard,NE,10.1,34.1,14.25,58.9,38.65,11550.04,70766.0,4.82,1.71,0.45,2.89,6476.0,0.186,1.0,Uninsured
31095,Jefferson,NE,11.6,33.55,14.65,59.6,37.5,12822.48,54494.0,10.86,0.93,0.77,5.05,7185.0,0.228,2.0,Uninsured
31097,Johnson,NE,10.85,32.65,14.05,58.25,38.1,12781.81,64352.0,5.01,0.25,5.5,10.29,5294.0,0.175,1.0,Uninsured
31099,Kearney,NE,9.65,30.45,13.5,60.4,38.35,14393.79,74276.0,9.3,1.25,0.09,7.77,6655.0,0.168,1.0,Uninsured
31101,Keith,NE,11.25,33.75,14.05,60.05,35.55,11617.15,59511.0,11.78,0.45,1.43,7.72,8303.0,0.223,2.0,Poverty
31103,Keya Paha,NE,11.95,36.2,14.05,56.25,37.3,11890.19,63977.0,8.61,1.11,0.1,1.82,987.0,0.244,2.0,Hypertension
31105,Kimball,NE,13.05,36.1,15.2,54.15,42.3,15386.94,53151.0,9.81,2.0,0.21,10.52,3395.0,0.277,3.0,Diabetes
31107,Knox,NE,12.2,34.55,15.25,59.5,40.1,12166.33,61250.0,11.68,1.32,0.7,3.4,8415.0,0.253,2.0,Uninsured
31109,Lancaster,NE,9.5,29.9,14.55,60.65,35.05,12022.41,70387.0,11.33,0.98,3.73,7.7,322063.0,0.169,1.0,Uninsured
31111,Lincoln,NE,11.55,34.5,15.25,57.0,40.1,12216.27,63019.0,10.71,1.2,1.22,9.65,34532.0,0.236,2.0,Uninsured
31113,Logan,NE,10.2,34.15,13.55,62.85,36.05,15704.14,69250.0,9.18,2.86,0.0,1.67,839.0,0.22,2.0,Uninsured
31115,Loup,NE,11.2,34.7,13.55,60.5,36.55,6952.69,50000.0,7.95,0.0,0.0,11.76,629.0,0.207,1.0,Hypertension
31117,McPherson,NE,11.25,35.15,14.1,59.0,38.9,17218.98,58250.0,7.68,0.0,0.0,0.66,456.0,0.21,2.0,Hypertension
31119,Madison,NE,11.0,33.25,14.4,58.0,40.2,11329.87,61139.0,11.82,2.21,0.86,16.06,35538.0,0.233,2.0,Uninsured
31121,Merrick,NE,10.45,33.0,15.0,57.15,39.25,12716.85,57873.0,10.06,1.41,0.07,5.37,7675.0,0.206,1.0,Uninsured
31123,Morrill,NE,11.85,33.85,14.8,55.9,41.75,11845.01,57325.0,9.27,0.22,0.09,15.8,4562.0,0.22,2.0,Diabetes
31125,Nance,NE,11.25,34.25,15.5,58.8,40.85,12333.05,60054.0,13.25,0.48,0.56,3.48,3366.0,0.234,2.0,Poverty
31127,Nemaha,NE,10.8,31.7,15.35,59.25,41.25,12850.33,57196.0,14.26,0.9,1.61,3.05,7019.0,0.217,2.0,Poverty
31129,Nuckolls,NE,10.85,35.3,14.0,60.6,42.1,13589.1,66000.0,6.18,3.01,0.2,1.47,4092.0,0.226,2.0,Uninsured
31131,Otoe,NE,10.65,33.75,14.35,58.55,40.7,13468.21,73031.0,11.28,0.31,0.7,8.47,15995.0,0.209,1.0,Poverty
31133,Pawnee,NE,12.15,36.95,15.15,55.4,37.95,14001.02,55833.0,13.0,3.02,0.24,2.08,2553.0,0.292,3.0,Uninsured
31135,Perkins,NE,10.45,33.25,14.2,59.8,40.65,13569.73,61786.0,8.57,1.22,0.07,4.79,2860.0,0.198,1.0,Uninsured
31137,Phelps,NE,10.45,32.7,14.8,57.8,38.85,14318.14,65114.0,14.02,1.29,0.62,6.19,8966.0,0.221,2.0,Poverty
31139,Pierce,NE,9.75,31.6,14.45,59.9,39.05,11960.57,65603.0,7.79,0.58,0.27,2.29,7301.0,0.165,1.0,Uninsured
31141,Platte,NE,10.95,32.65,13.9,61.4,41.95,11064.43,69943.0,8.11,1.84,0.66,21.33,34219.0,0.207,1.0,Uninsured
31143,Polk,NE,10.45,33.3,14.25,60.15,40.5,13874.87,67695.0,7.58,2.34,0.15,6.19,5182.0,0.205,1.0,Uninsured
31145,Red Willow,NE,10.85,35.65,14.95,62.2,42.3,11972.57,58344.0,11.81,2.1,1.07,5.87,10690.0,0.246,2.0,Uninsured
31147,Richardson,NE,12.1,36.85,14.8,57.9,45.45,13118.28,50321.0,10.66,1.1,1.07,2.15,7850.0,0.261,2.0,Hypertension
31149,Rock,NE,10.65,33.7,13.9,62.3,38.95,13985.5,57566.0,8.61,1.75,0.61,0.76,1312.0,0.21,2.0,Uninsured
31151,Saline,NE,11.15,30.65,14.5,55.55,40.8,11277.55,71104.0,10.68,3.76,0.95,27.08,14275.0,0.226,2.0,Uninsured
31153,Sarpy,NE,9.15,29.65,13.55,62.0,35.75,11780.07,95911.0,5.44,0.78,4.17,10.53,191272.0,0.131,1.0,Uninsured
31155,Saunders,NE,9.45,32.2,13.6,63.25,39.1,11638.26,84474.0,6.57,0.53,0.33,2.42,22374.0,0.158,1.0,Uninsured
31157,Scotts Bluff,NE,11.75,34.9,14.8,54.5,39.35,11606.89,60137.0,12.15,1.42,0.57,24.89,36048.0,0.251,2.0,Uninsured
31159,Seward,NE,8.9,30.55,14.2,62.4,35.05,13061.08,79677.0,6.26,1.44,0.66,2.69,17644.0,0.144,1.0,Uninsured
31161,Sheridan,NE,11.95,36.1,14.55,58.7,36.35,11623.05,53609.0,10.56,2.41,1.35,6.13,5102.0,0.266,2.0,Uninsured
31163,Sherman,NE,11.7,35.2,14.75,59.85,41.65,11645.13,60194.0,10.71,0.71,0.51,2.49,2970.0,0.239,2.0,Hypertension
31165,Sioux,NE,13.6,38.7,15.25,59.1,43.05,12740.71,50833.0,17.38,6.02,0.34,4.73,1162.0,0.38,4.0,Uninsured
31167,Stanton,NE,10.2,31.2,14.1,58.65,39.8,9899.77,76035.0,6.93,0.58,0.55,6.47,5828.0,0.165,1.0,Uninsured
31169,Thayer,NE,11.45,34.3,14.8,58.45,40.1,17261.69,60305.0,9.35,1.32,0.22,2.96,5006.0,0.228,2.0,Uninsured
31171,Thomas,NE,9.8,32.15,13.6,61.35,36.9,10014.81,70069.0,6.59,1.52,1.35,3.55,592.0,0.173,1.0,Uninsured
31173,Thurston,NE,13.25,35.65,17.75,53.4,45.85,16905.57,63459.0,18.66,4.21,0.18,7.88,6716.0,0.34,4.0,Uninsured
31175,Valley,NE,11.2,34.4,14.35,59.5,42.0,14313.42,62321.0,8.71,3.38,0.17,2.07,4053.0,0.242,2.0,Uninsured
31177,Washington,NE,9.6,31.5,13.55,62.6,41.0,11621.14,89671.0,7.87,1.1,0.43,2.95,20884.0,0.167,1.0,Uninsured
31179,Wayne,NE,9.85,29.45,15.4,60.6,39.15,11288.85,64951.0,14.24,1.05,1.46,6.81,9701.0,0.186,1.0,Poverty
31181,Webster,NE,11.35,33.95,14.55,59.1,39.1,10871.84,62571.0,7.68,0.59,0.15,5.34,3410.0,0.208,1.0,Uninsured
31183,Wheeler,NE,11.05,35.25,13.15,59.45,38.35,12751.03,59167.0,10.25,4.02,0.0,0.52,771.0,0.259,2.0,Uninsured
31185,York,NE,10.25,31.8,14.9,61.45,41.35,12039.9,72914.0,8.74,1.48,1.13,5.27,14212.0,0.188,1.0,Uninsured
32001,Churchill,NV,10.75,33.25,19.45,59.15,37.85,9725.33,69922.0,9.7,2.03,1.9,15.22,25409.0,0.217,2.0,Uninsured
32003,Clark,NV,11.75,33.25,19.05,54.8,31.3,15022.6,69911.0,13.22,1.92,12.01,32.02,2265926.0,0.249,2.0,Uninsured
32005,Douglas,NV,10.15,32.7,16.1,65.5,27.2,10111.87,84262.0,7.43,1.15,0.67,13.24,49476.0,0.183,1.0,Uninsured
32007,Elko,NV,10.7,31.45,18.95,55.4,37.8,9109.58,87755.0,10.21,1.4,0.87,25.04,53600.0,0.199,1.0,Uninsured
32009,Esmeralda,NV,14.9,38.95,18.55,57.9,36.35,10146.92,40694.0,16.02,0.51,0.2,30.31,980.0,0.343,4.0,Diabetes
32011,Eureka,NV,14.2,37.95,20.8,57.45,38.25,10411.14,73929.0,17.57,1.73,0.06,12.39,1622.0,0.343,4.0,Diabetes
32013,Humboldt,NV,10.8,30.5,18.6,58.8,36.1,8212.01,75574.0,14.18,2.0,0.76,27.89,17266.0,0.218,2.0,Uninsured
32015,Lander,NV,12.05,34.0,19.65,54.35,35.0,9335.96,92388.0,10.67,0.72,3.54,21.46,5728.0,0.236,2.0,Diabetes
32017,Lincoln,NV,10.3,33.2,18.1,61.0,31.65,9575.36,67412.0,6.39,1.29,4.53,7.32,4507.0,0.186,1.0,Uninsured
32019,Lyon,NV,11.05,34.55,18.55,60.45,35.1,10155.81,70026.0,10.29,1.67,0.95,18.87,59435.0,0.23,2.0,Uninsured
32021,Mineral,NV,15.2,39.3,20.85,56.35,38.3,9569.54,46625.0,18.13,2.12,4.25,18.87,4568.0,0.376,4.0,Diabetes
32023,Nye,NV,13.3,37.1,19.5,54.8,39.9,13168.08,53602.0,14.98,2.08,2.38,16.17,51698.0,0.313,3.0,Diabetes
32027,Pershing,NV,11.2,33.4,18.1,54.15,35.5,11866.29,66304.0,7.17,0.96,3.99,24.62,6587.0,0.203,1.0,Uninsured
32029,Storey,NV,10.3,33.0,16.35,62.4,31.7,9215.19,86932.0,9.06,1.59,1.98,5.42,4095.0,0.2,1.0,Uninsured
32031,Washoe,NV,9.4,28.3,17.85,60.0,28.5,11026.83,81531.0,10.72,1.72,2.49,25.47,486674.0,0.16,1.0,Uninsured
32033,White Pine,NV,11.4,33.75,19.3,58.15,34.4,11052.0,71297.0,7.6,0.91,7.32,17.16,8997.0,0.21,2.0,Uninsured
32510,Carson City,NV,11.0,32.0,18.3,59.6,33.1,10162.76,67465.0,10.67,1.63,2.13,25.02,58249.0,0.213,2.0,Uninsured
33001,Belknap,NH,9.1,31.9,16.2,62.15,30.3,10458.65,80719.0,8.46,0.86,0.74,2.0,63914.0,0.162,1.0,Uninsured
33003,Carroll,NH,8.85,30.15,15.25,69.5,30.6,10177.39,77049.0,7.89,0.68,0.57,1.67,50679.0,0.14,1.0,Uninsured
33005,Cheshire,NH,8.5,30.6,16.55,64.45,30.05,9793.28,76551.0,8.53,0.64,0.67,2.17,76610.0,0.14,1.0,Uninsured
33007,Coos,NH,11.2,34.05,17.25,61.95,36.25,10914.16,55247.0,10.88,0.86,2.02,1.87,31430.0,0.224,2.0,Uninsured
33009,Grafton,NH,8.4,29.4,15.65,64.55,26.15,9753.32,79949.0,9.2,0.47,1.16,2.63,90836.0,0.131,1.0,Uninsured
33011,Hillsborough,NH,8.55,29.75,15.75,68.25,32.95,11036.51,95112.0,6.73,0.83,2.58,7.7,422733.0,0.128,1.0,Uninsured
33013,Merrimack,NH,8.25,29.65,16.1,65.25,33.2,10330.0,88806.0,6.97,0.68,1.59,2.47,153918.0,0.122,1.0,Uninsured
33015,Rockingham,NH,8.1,31.8,15.1,67.4,30.95,10549.27,110225.0,4.81,0.53,0.89,3.47,315169.0,0.124,1.0,Uninsured
33017,Strafford,NH,8.2,30.1,17.7,63.55,32.85,10822.59,83212.0,8.48,0.66,1.1,2.89,130965.0,0.132,1.0,Uninsured
33019,Sullivan,NH,9.8,32.6,16.7,63.15,33.35,10344.45,70788.0,11.51,0.72,0.75,1.87,43356.0,0.192,1.0,Uninsured
34001,Atlantic,NJ,11.5,33.55,16.55,60.5,30.8,13312.23,73113.0,12.75,0.8,13.51,19.75,274339.0,0.234,2.0,Poverty
34003,Bergen,NJ,8.85,30.3,14.1,60.75,25.5,13351.76,118714.0,6.7,0.76,5.74,21.56,953243.0,0.137,1.0,Uninsured
34005,Burlington,NJ,9.6,31.85,15.55,65.15,30.1,13207.3,102615.0,6.43,0.57,16.52,8.9,461853.0,0.158,1.0,Uninsured
34007,Camden,NJ,10.65,31.85,16.6,62.4,29.7,14088.96,82005.0,12.26,0.88,19.3,18.16,522581.0,0.206,1.0,Poverty
34009,Cape May,NJ,9.85,33.95,15.65,67.5,33.7,12652.02,83870.0,8.84,0.62,3.77,8.34,95456.0,0.189,1.0,Uninsured
34011,Cumberland,NJ,12.8,37.4,18.05,54.6,40.4,14409.15,62310.0,14.51,1.0,18.99,32.43,153588.0,0.294,3.0,Hypertension
34013,Essex,NJ,11.5,30.75,16.25,60.0,29.5,13812.83,73785.0,14.67,1.59,37.75,24.02,853374.0,0.23,2.0,Poverty
34015,Gloucester,NJ,9.6,34.9,16.75,64.75,31.5,13935.53,99668.0,7.35,0.44,10.45,7.13,302621.0,0.182,1.0,Hypertension
34017,Hudson,NJ,10.65,28.9,14.6,53.85,27.85,13403.99,86854.0,13.98,1.15,12.07,42.45,712029.0,0.195,1.0,Poverty
34019,Hunterdon,NJ,8.1,28.65,14.05,66.8,26.15,12278.45,133534.0,3.63,0.41,2.57,7.28,129099.0,0.094,1.0,Uninsured
34021,Mercer,NJ,10.45,29.8,14.85,61.5,25.45,13284.8,92697.0,10.71,0.86,19.71,19.21,383732.0,0.18,1.0,Uninsured
34023,Middlesex,NJ,10.95,31.8,14.1,61.55,29.8,13173.03,105206.0,8.09,0.86,10.23,22.26,860147.0,0.191,1.0,Uninsured
34025,Monmouth,NJ,8.8,30.3,14.25,64.1,30.35,14110.42,118527.0,6.31,0.87,6.59,11.26,643064.0,0.135,1.0,Uninsured
34027,Morris,NJ,8.2,28.75,13.5,66.5,22.7,12983.79,130808.0,4.87,0.74,3.38,14.12,508816.0,0.106,1.0,Uninsured
34029,Ocean,NJ,10.1,31.7,15.9,62.3,30.05,14859.93,82379.0,10.37,0.49,3.1,9.71,638691.0,0.182,1.0,Uninsured
34031,Passaic,NJ,11.95,31.05,16.15,54.05,31.05,13282.19,84465.0,13.27,1.48,10.74,43.17,519986.0,0.232,2.0,Uninsured
34033,Salem,NJ,10.8,34.85,17.65,61.2,33.9,13637.19,73378.0,12.76,0.3,14.64,10.33,64840.0,0.226,2.0,Poverty
34035,Somerset,NJ,9.3,28.6,13.05,61.95,26.05,12148.25,131948.0,5.25,0.85,9.59,15.5,344978.0,0.126,1.0,Uninsured
34037,Sussex,NJ,8.55,30.8,15.5,63.8,26.7,12552.07,111094.0,5.49,0.56,2.2,9.9,144808.0,0.128,1.0,Uninsured
34039,Union,NJ,10.9,32.25,15.35,59.25,29.55,12461.63,95000.0,8.76,1.68,20.66,33.08,572079.0,0.204,1.0,Uninsured
34041,Warren,NJ,9.0,31.8,16.0,63.85,32.4,12781.1,92620.0,7.63,0.71,5.16,10.96,109739.0,0.154,1.0,Uninsured
35001,Bernalillo,NM,10.9,31.95,16.1,56.4,33.1,10215.28,62220.0,16.21,1.09,2.87,50.74,674692.0,0.231,2.0,Poverty
35003,Catron,NM,14.15,39.2,16.4,57.5,31.9,7110.47,44777.0,20.8,0.0,0.47,15.49,3635.0,0.349,4.0,Poverty
35005,Chaves,NM,13.6,35.6,17.65,50.9,40.05,10344.61,49673.0,20.9,1.59,1.56,59.05,64701.0,0.33,3.0,Poverty
35006,Cibola,NM,15.6,35.15,19.15,51.55,39.15,10438.86,49866.0,25.96,0.58,1.47,38.44,27211.0,0.374,4.0,Poverty
35007,Colfax,NM,13.45,34.8,15.7,55.85,31.8,7637.98,46286.0,17.22,1.09,0.78,49.18,12370.0,0.3,3.0,Poverty
35009,Curry,NM,12.2,32.6,18.2,51.1,39.95,12580.22,55427.0,18.86,1.35,5.64,44.44,48327.0,0.273,3.0,Poverty
35011,De Baca,NM,13.1,35.7,16.7,55.55,32.75,9782.56,34702.0,16.11,1.0,0.06,63.48,1695.0,0.294,3.0,Poverty
35013,DoÃ±a Ana,NM,13.4,31.95,16.05,51.5,36.7,11146.24,51232.0,22.16,1.3,1.86,68.95,219870.0,0.303,3.0,Poverty
35015,Eddy,NM,11.15,31.35,16.9,53.85,39.8,12190.87,77458.0,11.64,1.61,1.5,51.5,61264.0,0.215,2.0,Uninsured
35017,Grant,NM,13.65,34.85,15.75,57.0,33.35,10101.06,44895.0,19.77,0.12,0.91,50.13,28006.0,0.306,3.0,Poverty
35019,Guadalupe,NM,15.4,35.15,15.75,52.1,37.15,8977.0,38713.0,18.15,0.88,1.97,75.25,4413.0,0.337,4.0,Diabetes
35021,Harding,NM,16.0,40.0,15.8,58.8,35.9,10168.24,39489.0,14.31,0.0,0.15,42.92,671.0,0.356,4.0,Diabetes
35023,Hidalgo,NM,14.5,35.6,16.75,52.65,34.6,8936.96,53651.0,22.57,0.82,0.17,59.35,4160.0,0.346,4.0,Poverty
35025,Lea,NM,12.05,32.5,17.55,49.9,37.15,12880.06,65855.0,17.18,2.62,4.21,61.54,73103.0,0.274,3.0,Poverty
35027,Lincoln,NM,12.15,35.7,15.65,56.8,30.3,10007.73,47919.0,15.53,0.68,1.81,34.33,20222.0,0.272,3.0,Poverty
35028,Los Alamos,NM,7.35,26.15,12.55,62.65,25.25,8642.24,135801.0,3.69,1.01,1.16,18.31,19253.0,0.07,1.0,Uninsured
35029,Luna,NM,16.35,36.6,18.25,48.9,36.3,10871.58,38241.0,22.9,0.94,1.9,68.81,25393.0,0.387,4.0,Diabetes
35031,McKinley,NM,18.45,37.5,23.5,42.65,41.35,11389.24,44029.0,33.23,3.46,0.54,14.65,72073.0,0.502,4.0,Poverty
35033,Mora,NM,15.6,35.35,13.9,54.8,33.4,8550.65,40231.0,21.65,0.74,0.0,81.44,4208.0,0.357,4.0,Diabetes
35035,Otero,NM,12.25,33.3,17.3,51.35,37.6,11089.02,50833.0,18.36,0.97,3.71,38.96,67850.0,0.273,3.0,Poverty
35037,Quay,NM,14.95,37.5,17.2,53.6,37.9,12625.73,38998.0,24.23,2.31,2.62,46.11,8641.0,0.389,4.0,Poverty
35039,Rio Arriba,NM,15.45,33.65,16.65,50.85,40.05,8611.2,52031.0,21.65,1.09,0.63,71.27,40285.0,0.346,4.0,Diabetes
35041,Roosevelt,NM,11.6,31.2,18.1,51.45,33.65,12104.64,52644.0,19.31,1.08,1.95,44.05,19142.0,0.252,2.0,Poverty
35043,Sandoval,NM,10.75,31.65,15.95,58.55,32.6,10319.56,76424.0,10.01,0.96,2.27,40.61,149460.0,0.196,1.0,Uninsured
35045,San Juan,NM,13.65,32.65,19.9,51.95,35.15,10935.3,50734.0,24.19,2.3,0.75,21.65,121798.0,0.332,3.0,Poverty
35047,San Miguel,NM,15.2,33.65,15.4,52.85,37.65,8940.98,43490.0,22.38,0.09,1.37,78.02,27215.0,0.335,3.0,Poverty
35049,Santa Fe,NM,10.95,29.25,14.05,59.85,25.75,8819.35,70522.0,12.14,1.23,1.03,50.8,154481.0,0.195,1.0,Uninsured
35051,Sierra,NM,15.05,39.25,17.05,53.9,37.45,10675.37,35256.0,24.63,0.21,0.26,32.13,11506.0,0.385,4.0,Poverty
35053,Socorro,NM,14.45,34.35,17.85,51.5,36.85,10273.6,40699.0,29.25,0.49,0.91,50.31,16453.0,0.364,4.0,Poverty
35055,Taos,NM,12.95,33.2,14.65,57.4,28.0,8590.83,55145.0,14.76,0.86,0.14,56.78,34475.0,0.266,3.0,Diabetes
35057,Torrance,NM,14.75,36.5,18.1,52.35,34.6,8995.79,50727.0,21.17,0.94,2.24,44.73,15203.0,0.351,4.0,Poverty
35059,Union,NM,13.25,35.2,16.8,48.1,34.5,10712.97,41714.0,15.68,0.74,1.23,42.17,4074.0,0.288,3.0,Diabetes
35061,Valencia,NM,13.5,33.1,16.6,54.45,35.5,9444.4,56246.0,17.35,1.09,1.46,61.12,76613.0,0.289,3.0,Poverty
36001,Albany,NY,8.8,30.75,15.6,68.35,30.35,11356.65,78829.0,11.94,0.23,12.21,6.54,315041.0,0.158,1.0,Poverty
36003,Allegany,NY,10.3,33.75,18.0,63.35,35.25,10384.47,58725.0,15.32,1.81,1.66,1.88,47222.0,0.237,2.0,Poverty
36005,Bronx,NY,15.45,35.55,16.65,60.05,33.6,14887.41,47036.0,26.32,0.63,34.07,56.4,1443229.0,0.377,4.0,Poverty
36007,Broome,NY,10.2,33.35,17.1,64.35,33.95,11164.39,58317.0,18.14,0.44,5.45,4.75,198365.0,0.232,2.0,Poverty
36009,Cattaraugus,NY,10.85,35.2,18.35,64.9,35.8,10209.67,56889.0,16.9,1.72,1.55,2.37,77000.0,0.263,2.0,Poverty
36011,Cayuga,NY,10.55,33.9,17.45,64.85,35.7,11692.45,63227.0,12.79,0.66,3.45,3.19,76171.0,0.219,2.0,Poverty
36013,Chautauqua,NY,11.3,34.45,17.55,65.3,36.5,11148.62,54625.0,16.88,1.39,2.63,8.11,127440.0,0.262,2.0,Poverty
36015,Chemung,NY,10.4,34.2,17.85,64.55,30.75,11523.47,61358.0,14.5,0.69,5.35,3.44,83584.0,0.227,2.0,Poverty
36017,Chenango,NY,10.8,33.65,17.9,64.6,36.2,11260.26,61741.0,12.2,0.58,0.79,2.39,47096.0,0.218,2.0,Poverty
36019,Clinton,NY,9.9,32.3,18.15,64.45,33.5,10544.41,67097.0,12.01,0.35,3.56,2.93,79839.0,0.19,1.0,Poverty
36021,Columbia,NY,10.15,32.8,15.45,67.6,30.75,10836.72,81741.0,10.02,0.56,3.35,5.43,61469.0,0.19,1.0,Uninsured
36023,Cortland,NY,8.95,30.55,18.05,63.45,31.4,10811.54,65029.0,11.92,0.56,2.13,3.01,46755.0,0.163,1.0,Poverty
36025,Delaware,NY,10.85,35.7,17.2,64.45,33.1,11206.76,58338.0,14.1,0.55,1.38,4.32,44637.0,0.242,2.0,Poverty
36027,Dutchess,NY,9.1,31.3,15.35,67.5,28.35,12568.38,94578.0,8.15,0.36,10.6,13.54,296467.0,0.151,1.0,Uninsured
36029,Erie,NY,9.95,31.0,16.5,64.25,32.9,11180.99,68014.0,13.42,0.29,12.91,5.96,951232.0,0.187,1.0,Poverty
36031,Essex,NY,10.15,33.7,16.3,66.1,34.75,10342.85,68090.0,9.84,0.22,2.62,2.86,37314.0,0.193,1.0,Uninsured
36033,Franklin,NY,11.1,34.0,18.0,62.0,40.75,10524.67,60270.0,16.26,1.53,3.49,3.0,47459.0,0.254,2.0,Poverty
36035,Fulton,NY,10.8,35.3,18.25,65.55,35.65,12063.27,60557.0,13.66,0.33,1.56,3.89,53280.0,0.234,2.0,Poverty
36037,Genesee,NY,9.6,32.45,17.15,66.9,30.15,12496.02,68178.0,10.26,0.19,2.04,3.52,58204.0,0.176,1.0,Poverty
36039,Greene,NY,10.3,33.15,16.45,60.9,34.45,10365.64,70294.0,9.81,0.46,5.23,6.53,48067.0,0.193,1.0,Uninsured
36041,Hamilton,NY,10.95,35.5,16.25,68.9,30.9,9600.25,66891.0,10.63,0.1,1.14,2.0,5090.0,0.222,2.0,Hypertension
36043,Herkimer,NY,10.05,33.25,17.5,67.85,37.0,11520.68,68104.0,11.84,0.87,1.16,2.49,60293.0,0.204,1.0,Uninsured
36045,Jefferson,NY,9.85,30.55,17.5,65.75,38.3,10224.55,62782.0,12.18,0.95,5.86,7.94,117445.0,0.183,1.0,Poverty
36047,Kings,NY,11.55,29.6,15.4,60.85,25.05,15437.76,74692.0,18.79,0.5,29.99,18.9,2679620.0,0.231,2.0,Poverty
36049,Lewis,NY,10.5,33.25,17.7,63.45,40.8,10256.21,64401.0,12.96,0.94,1.09,1.64,26690.0,0.217,2.0,Poverty
36051,Livingston,NY,9.3,31.8,16.8,66.0,31.35,10905.98,70443.0,10.76,0.7,2.23,3.9,61980.0,0.174,1.0,Uninsured
36053,Madison,NY,9.3,31.4,17.0,67.2,36.8,10591.41,68869.0,8.76,0.69,1.68,2.49,68020.0,0.161,1.0,Uninsured
36055,Monroe,NY,10.4,31.9,15.75,67.5,31.6,13114.57,71450.0,13.02,0.39,14.93,9.55,756406.0,0.2,1.0,Poverty
36057,Montgomery,NY,10.5,32.9,17.45,64.35,38.85,12176.87,58033.0,14.88,2.07,3.18,15.42,49624.0,0.235,2.0,Uninsured
36059,Nassau,NY,9.2,29.6,13.7,65.9,28.35,14277.62,137709.0,5.31,0.5,11.59,17.54,1389160.0,0.128,1.0,Uninsured
36061,New York,NY,8.65,26.5,14.65,65.7,19.35,13739.18,99880.0,15.35,0.31,14.01,26.02,1645867.0,0.142,1.0,Poverty
36063,Niagara,NY,10.1,34.2,17.0,66.95,39.45,11112.4,65882.0,12.74,0.25,6.62,3.55,212230.0,0.209,1.0,Poverty
36065,Oneida,NY,10.5,34.2,17.35,64.75,36.25,11355.43,66402.0,13.79,0.5,6.02,6.46,231055.0,0.223,2.0,Poverty
36067,Onondaga,NY,10.1,33.75,17.0,67.6,37.15,11674.69,71479.0,13.34,0.44,11.05,5.41,472637.0,0.211,2.0,Poverty
36069,Ontario,NY,9.3,31.15,16.0,68.95,30.75,10789.9,76603.0,8.73,0.49,2.19,5.21,112288.0,0.157,1.0,Uninsured
36071,Orange,NY,10.65,30.75,16.25,62.35,32.3,12299.85,91806.0,12.73,0.54,11.46,22.3,401237.0,0.196,1.0,Poverty
36073,Orleans,NY,10.5,33.0,17.95,63.1,32.85,11282.23,61069.0,11.96,1.06,5.4,5.29,40148.0,0.212,2.0,Uninsured
36075,Oswego,NY,10.3,33.25,18.55,65.55,36.55,11804.32,65054.0,16.37,0.67,1.06,2.88,118037.0,0.227,2.0,Poverty
36077,Otsego,NY,9.6,30.8,17.75,66.6,31.0,10805.81,65778.0,11.88,1.07,2.2,4.2,59678.0,0.18,1.0,Uninsured
36079,Putnam,NY,8.7,27.95,14.3,70.35,27.4,11714.2,120970.0,6.26,0.48,3.43,17.25,97942.0,0.112,1.0,Uninsured
36081,Queens,NY,13.25,31.7,14.0,60.25,23.9,13965.36,82431.0,11.56,0.61,17.69,28.03,2360826.0,0.243,2.0,Diabetes
36083,Rensselaer,NY,9.2,30.45,16.45,67.05,31.6,11322.45,83734.0,11.05,0.27,6.68,5.44,160943.0,0.159,1.0,Poverty
36085,Richmond,NY,11.0,32.2,15.05,66.45,30.15,13499.76,96185.0,10.26,0.4,9.87,18.75,492925.0,0.2,1.0,Uninsured
36087,Rockland,NY,10.6,30.7,15.4,64.0,30.7,13840.31,106173.0,14.88,0.56,11.47,18.65,337326.0,0.206,1.0,Poverty
36089,St. Lawrence,NY,11.05,34.85,18.7,64.45,42.35,10545.93,58339.0,15.34,2.22,2.23,2.37,108670.0,0.262,2.0,Uninsured
36091,Saratoga,NY,8.6,29.8,15.4,71.05,32.95,10506.88,97038.0,6.45,0.27,1.65,3.52,236328.0,0.123,1.0,Uninsured
36093,Schenectady,NY,9.55,31.4,16.2,66.2,34.45,11037.14,75056.0,11.3,0.47,10.54,7.71,159447.0,0.175,1.0,Poverty
36095,Schoharie,NY,10.0,33.6,17.0,67.35,32.7,10762.47,71479.0,9.69,0.44,1.75,3.7,29970.0,0.191,1.0,Uninsured
36097,Schuyler,NY,10.75,34.0,17.25,64.95,31.45,9913.99,61316.0,15.58,1.18,0.95,1.9,17855.0,0.241,2.0,Poverty
36099,Seneca,NY,10.35,33.5,17.65,65.5,34.75,10832.06,64050.0,12.31,2.95,4.45,3.82,33651.0,0.233,2.0,Uninsured
36101,Steuben,NY,10.25,32.75,17.25,63.35,34.75,10827.43,62506.0,13.24,1.22,1.54,1.79,93584.0,0.213,2.0,Poverty
36103,Suffolk,NY,9.15,29.65,14.9,64.7,29.7,14453.81,122498.0,6.38,0.62,7.61,20.56,1524486.0,0.134,1.0,Uninsured
36105,Sullivan,NY,11.05,33.4,16.3,60.0,31.85,13004.47,67841.0,14.24,1.37,8.42,17.36,78725.0,0.238,2.0,Poverty
36107,Tioga,NY,9.95,33.55,16.95,65.95,30.5,10561.15,70427.0,10.03,0.22,1.15,2.16,48344.0,0.189,1.0,Uninsured
36109,Tompkins,NY,7.9,27.0,15.95,70.8,26.1,10084.72,69995.0,13.88,0.53,4.05,5.38,102555.0,0.128,1.0,Poverty
36111,Ulster,NY,9.85,34.35,15.9,64.65,30.55,12167.46,77197.0,14.13,0.31,6.05,11.06,182153.0,0.213,2.0,Poverty
36113,Warren,NY,9.75,32.25,16.3,69.7,30.95,10310.92,74531.0,8.54,0.26,1.38,2.91,65684.0,0.17,1.0,Uninsured
36115,Washington,NY,9.9,33.1,17.25,60.6,31.3,10116.0,68703.0,10.83,0.95,2.6,2.96,61310.0,0.196,1.0,Uninsured
36117,Wayne,NY,9.9,31.0,16.95,66.35,37.25,12124.59,71007.0,10.9,1.74,2.42,4.78,91324.0,0.189,1.0,Uninsured
36119,Westchester,NY,9.65,27.75,13.8,65.75,25.95,13275.37,114651.0,8.36,0.48,14.58,25.77,997904.0,0.137,1.0,Uninsured
36121,Wyoming,NY,10.1,34.0,17.25,66.1,35.5,11168.67,65066.0,10.01,0.78,3.65,3.35,40338.0,0.2,1.0,Uninsured
36123,Yates,NY,10.25,32.75,17.6,67.25,34.2,9781.55,63974.0,13.54,7.51,0.54,2.2,24713.0,0.277,3.0,Uninsured
37001,Alamance,NC,11.45,34.95,17.6,63.5,38.7,11378.98,60866.0,13.83,1.1,19.63,13.51,171779.0,0.251,2.0,Poverty
37003,Alexander,NC,11.4,36.3,18.3,62.8,36.35,12722.42,62764.0,11.77,0.65,4.37,5.13,36505.0,0.246,2.0,Hypertension
37005,Alleghany,NC,13.6,39.8,17.85,61.5,36.55,11260.7,42115.0,19.36,0.55,1.93,10.04,10989.0,0.343,4.0,Poverty
37007,Anson,NC,15.9,44.3,19.55,60.25,43.35,11683.54,42000.0,17.63,1.17,47.98,4.56,22200.0,0.412,4.0,Hypertension
37009,Ashe,NC,11.95,38.2,17.55,63.6,36.25,10255.56,49176.0,13.95,0.77,0.98,5.25,26759.0,0.28,3.0,Hypertension
37011,Avery,NC,11.55,36.85,17.6,62.9,37.25,11286.47,53513.0,9.35,1.51,3.64,5.11,17679.0,0.25,2.0,Hypertension
37013,Beaufort,NC,13.5,40.6,17.7,64.85,36.9,11319.09,56081.0,16.83,1.12,23.14,8.35,44711.0,0.341,4.0,Hypertension
37015,Bertie,NC,17.1,46.35,18.55,59.9,43.2,12120.66,41652.0,19.64,1.19,61.66,1.45,17818.0,0.457,4.0,Hypertension
37017,Bladen,NC,14.65,42.6,18.45,61.25,41.3,13218.2,40476.0,24.12,0.82,33.74,8.09,29807.0,0.406,4.0,Poverty
37019,Brunswick,NC,11.2,35.85,15.6,70.25,32.85,10503.87,71193.0,9.0,0.88,8.62,5.09,139721.0,0.228,2.0,Hypertension
37021,Buncombe,NC,9.9,33.65,15.95,63.5,31.25,10594.28,66531.0,10.96,1.05,5.6,7.09,269449.0,0.202,1.0,Uninsured
37023,Burke,NC,12.35,37.25,18.15,61.75,36.75,11592.18,53732.0,16.46,0.67,5.9,6.67,87799.0,0.291,3.0,Poverty
37025,Cabarrus,NC,10.35,33.7,16.4,62.65,33.0,12092.67,83828.0,8.33,1.11,18.94,11.32,226396.0,0.198,1.0,Uninsured
37027,Caldwell,NC,11.75,36.65,18.45,62.45,33.3,12415.83,52362.0,13.07,0.91,4.33,6.15,80716.0,0.263,2.0,Hypertension
37029,Camden,NC,9.75,33.3,16.65,67.35,34.8,11576.81,79120.0,5.87,0.07,8.07,3.71,10547.0,0.163,1.0,Uninsured
37031,Carteret,NC,10.6,35.9,15.95,69.65,33.85,10558.83,66965.0,9.49,1.25,4.26,4.54,68353.0,0.225,2.0,Hypertension
37033,Caswell,NC,13.75,40.65,18.15,62.3,39.2,10601.99,56999.0,14.45,1.34,32.0,4.79,22747.0,0.336,4.0,Hypertension
37035,Catawba,NC,11.1,35.05,17.3,60.2,37.3,11686.7,62070.0,12.8,2.15,8.1,10.35,161011.0,0.251,2.0,Uninsured
37037,Chatham,NC,11.15,35.6,14.85,64.2,30.15,10225.35,84222.0,10.26,1.17,10.79,12.16,76754.0,0.235,2.0,Hypertension
37039,Cherokee,NC,12.65,39.05,17.4,63.8,34.8,9944.39,49254.0,16.52,1.22,1.45,3.71,28868.0,0.315,3.0,Hypertension
37041,Chowan,NC,14.75,42.7,18.0,63.95,40.5,11499.5,51188.0,20.51,0.0,33.52,3.69,13835.0,0.383,4.0,Hypertension
37043,Clay,NC,11.8,38.2,16.45,65.1,35.4,9549.22,57065.0,13.35,0.77,1.01,3.86,11186.0,0.275,3.0,Hypertension
37045,Cleveland,NC,12.4,38.7,18.45,59.1,38.6,12041.05,50723.0,18.01,1.05,20.21,4.13,99527.0,0.313,3.0,Poverty
37047,Columbus,NC,14.2,41.9,19.05,58.95,41.15,13162.04,43206.0,19.97,1.46,28.63,5.89,50827.0,0.38,4.0,Hypertension
37049,Craven,NC,11.5,37.2,17.35,65.7,37.2,10842.48,61676.0,13.36,1.59,20.99,7.77,101098.0,0.271,3.0,Hypertension
37051,Cumberland,NC,12.4,38.25,18.3,65.85,40.6,10790.0,55551.0,16.67,1.16,37.19,12.53,335207.0,0.305,3.0,Hypertension
37053,Currituck,NC,9.65,32.65,16.45,65.85,34.05,10742.9,82793.0,8.42,2.85,5.57,4.75,28616.0,0.196,1.0,Uninsured
37055,Dare,NC,9.65,33.85,15.25,66.2,31.3,10367.32,79742.0,6.45,2.14,3.13,7.56,37160.0,0.188,1.0,Uninsured
37057,Davidson,NC,11.5,36.0,18.2,62.55,36.1,11223.69,58473.0,13.77,0.98,9.64,7.84,169498.0,0.258,2.0,Poverty
37059,Davie,NC,10.65,35.6,16.7,62.85,33.35,11512.9,69105.0,11.52,1.37,4.14,7.34,43030.0,0.234,2.0,Uninsured
37061,Duplin,NC,14.1,40.1,18.05,60.85,39.5,12204.64,49376.0,18.3,2.63,21.49,23.21,49312.0,0.369,4.0,Hypertension
37063,Durham,NC,10.45,32.85,15.25,64.6,36.3,11167.68,74927.0,11.75,1.5,34.29,13.78,325101.0,0.213,2.0,Uninsured
37065,Edgecombe,NC,16.1,44.55,19.05,61.95,43.75,12573.13,46370.0,21.71,1.23,56.24,5.4,49067.0,0.437,4.0,Hypertension
37067,Forsyth,NC,11.7,35.2,16.75,64.7,41.35,11793.38,61229.0,14.79,0.98,25.8,13.66,383739.0,0.26,2.0,Poverty
37069,Franklin,NC,11.75,36.5,17.35,62.2,38.55,11188.08,70493.0,9.49,1.19,23.92,9.38,69680.0,0.248,2.0,Hypertension
37071,Gaston,NC,11.5,35.4,17.85,62.0,36.05,12422.12,62628.0,12.21,1.19,17.19,8.03,228972.0,0.248,2.0,Uninsured
37073,Gates,NC,13.75,40.55,18.4,62.85,38.75,12137.5,55750.0,14.1,0.26,31.5,3.21,10509.0,0.323,3.0,Hypertension
37075,Graham,NC,11.45,36.65,18.0,63.55,35.3,10859.33,46010.0,11.11,3.09,0.48,4.13,8047.0,0.27,3.0,Uninsured
37077,Granville,NC,12.45,38.4,17.55,63.65,36.05,10966.78,68079.0,13.48,1.36,29.17,9.33,61161.0,0.294,3.0,Hypertension
37079,Greene,NC,15.1,41.65,19.0,58.85,42.75,11626.33,50320.0,19.68,2.7,32.3,15.89,20407.0,0.404,4.0,Hypertension
37081,Guilford,NC,11.7,36.0,17.05,62.25,38.3,11078.16,62880.0,14.47,0.99,34.25,8.61,539557.0,0.265,2.0,Poverty
37083,Halifax,NC,17.3,46.3,19.4,59.1,42.6,12640.79,41629.0,23.27,1.45,51.63,3.26,48772.0,0.48,4.0,Hypertension
37085,Harnett,NC,11.45,37.1,18.2,64.45,36.8,12235.18,64992.0,14.02,0.97,20.76,13.72,134718.0,0.266,3.0,Hypertension
37087,Haywood,NC,10.8,36.2,17.0,65.4,33.25,11099.35,56596.0,11.97,1.2,0.83,4.52,62152.0,0.241,2.0,Hypertension
37089,Henderson,NC,10.8,34.6,16.05,63.5,30.35,11178.59,65508.0,11.24,1.38,3.39,10.57,116469.0,0.228,2.0,Uninsured
37091,Hertford,NC,17.05,45.15,19.05,63.3,42.9,12961.55,46196.0,18.3,1.05,58.35,4.64,21633.0,0.44,4.0,Diabetes
37093,Hoke,NC,13.25,38.2,18.95,60.55,38.3,10325.23,57141.0,16.8,1.47,33.48,14.75,52612.0,0.322,3.0,Hypertension
37095,Hyde,NC,15.15,43.1,18.1,57.4,40.9,12462.91,43724.0,26.08,0.65,28.58,12.36,4636.0,0.425,4.0,Poverty
37097,Iredell,NC,9.85,34.4,16.4,62.7,32.55,11796.78,73103.0,9.32,1.16,11.68,8.28,187839.0,0.2,1.0,Uninsured
37099,Jackson,NC,11.5,34.5,18.65,60.0,35.6,11445.82,51482.0,17.64,1.85,2.07,6.53,42388.0,0.274,3.0,Poverty
37101,Johnston,NC,11.05,34.0,17.15,63.3,34.8,11909.55,75288.0,10.58,1.57,16.52,14.5,219042.0,0.227,2.0,Uninsured
37103,Jones,NC,14.85,42.25,18.75,63.25,39.8,11948.23,53053.0,17.51,1.1,27.71,5.71,9263.0,0.378,4.0,Hypertension
37105,Lee,NC,12.6,36.5,18.0,62.0,37.75,11394.83,60941.0,15.63,1.39,18.96,19.97,63560.0,0.293,3.0,Poverty
37107,Lenoir,NC,15.95,43.7,19.4,61.2,42.45,11957.99,43063.0,21.96,0.74,40.16,8.27,55071.0,0.425,4.0,Hypertension
37109,Lincoln,NC,10.3,34.75,16.9,63.3,34.7,12049.31,75672.0,9.17,1.13,5.59,7.55,87933.0,0.209,1.0,Uninsured
37111,McDowell,NC,11.65,36.7,18.25,63.75,35.1,12109.77,53532.0,14.48,0.86,3.63,6.46,44629.0,0.268,3.0,Hypertension
37113,Macon,NC,12.1,38.55,17.2,65.75,35.45,10716.61,51042.0,15.26,2.3,1.03,7.87,37088.0,0.307,3.0,Hypertension
37115,Madison,NC,10.35,35.3,17.15,62.95,34.75,11418.6,56664.0,11.98,0.43,1.14,2.67,21414.0,0.22,2.0,Hypertension
37117,Martin,NC,15.45,43.15,18.8,63.0,40.4,11743.04,44799.0,20.12,0.8,41.7,4.36,21992.0,0.404,4.0,Hypertension
37119,Mecklenburg,NC,10.1,31.15,15.65,61.55,29.6,11515.23,79265.0,10.38,1.78,31.32,13.94,1115403.0,0.191,1.0,Uninsured
37121,Mitchell,NC,11.1,36.2,17.3,67.4,37.1,10783.42,55534.0,13.07,0.76,0.8,6.01,14989.0,0.247,2.0,Hypertension
37123,Montgomery,NC,13.45,39.4,18.0,62.75,38.8,10989.6,55523.0,15.62,1.51,17.24,15.91,25839.0,0.33,3.0,Hypertension
37125,Moore,NC,10.2,34.8,15.65,65.25,32.7,10893.03,77981.0,9.31,1.33,10.29,7.33,100759.0,0.21,2.0,Uninsured
37127,Nash,NC,13.65,39.95,17.9,62.0,38.35,11814.62,56770.0,14.23,1.55,40.47,7.5,95015.0,0.331,3.0,Hypertension
37129,New Hanover,NC,9.9,33.2,16.7,67.1,31.45,11355.95,67515.0,12.36,1.42,12.12,6.07,228134.0,0.208,1.0,Uninsured
37131,Northampton,NC,17.25,46.55,18.15,63.55,42.9,12899.51,45698.0,17.87,1.29,53.96,2.64,17528.0,0.454,4.0,Hypertension
37133,Onslow,NC,9.65,31.45,18.35,63.65,34.7,10110.93,59976.0,11.45,1.03,13.92,13.29,203686.0,0.184,1.0,Uninsured
37135,Orange,NC,9.15,30.0,15.3,68.25,28.75,10494.91,85785.0,11.31,0.56,10.93,8.73,145919.0,0.159,1.0,Poverty
37137,Pamlico,NC,12.8,40.5,16.5,64.2,36.15,10119.38,55867.0,12.89,0.56,19.29,4.49,12317.0,0.304,3.0,Hypertension
37139,Pasquotank,NC,12.15,37.6,17.55,63.6,38.5,12268.17,61411.0,10.8,1.75,35.5,6.18,40454.0,0.274,3.0,Hypertension
37141,Pender,NC,10.75,34.85,17.15,63.7,35.95,10348.01,74538.0,11.45,1.92,13.27,7.8,61592.0,0.235,2.0,Uninsured
37143,Perquimans,NC,13.0,39.9,17.35,67.2,37.4,11885.58,59401.0,13.21,2.21,22.81,3.18,13053.0,0.321,3.0,Hypertension
37145,Person,NC,13.25,39.95,18.15,63.7,38.65,10543.19,60688.0,17.03,0.6,25.52,4.88,39131.0,0.328,3.0,Hypertension
37147,Pitt,NC,12.0,35.1,18.1,65.0,39.9,11995.28,54915.0,19.26,1.08,35.12,6.74,171196.0,0.287,3.0,Poverty
37149,Polk,NC,11.75,37.95,16.15,66.7,35.45,10802.47,60465.0,10.83,0.74,4.85,5.95,19538.0,0.26,2.0,Hypertension
37151,Randolph,NC,12.05,36.7,18.5,62.3,39.8,11164.06,56423.0,14.55,1.03,5.65,12.35,144403.0,0.276,3.0,Hypertension
37153,Richmond,NC,15.1,41.7,19.7,60.75,42.95,11425.79,42354.0,22.32,0.48,31.92,7.15,43149.0,0.395,4.0,Poverty
37155,Robeson,NC,17.4,44.25,20.5,57.8,48.0,12173.88,39393.0,26.3,1.42,23.63,9.36,117573.0,0.48,4.0,Diabetes
37157,Rockingham,NC,12.9,39.2,18.75,63.0,37.2,11957.06,50737.0,18.43,0.59,17.63,6.48,91209.0,0.323,3.0,Poverty
37159,Rowan,NC,11.75,35.75,18.05,60.55,37.4,11981.01,59717.0,15.94,1.31,16.01,9.77,147067.0,0.274,3.0,Poverty
37161,Rutherford,NC,12.75,38.25,18.7,64.0,38.05,10999.45,50512.0,18.02,1.13,8.63,5.02,64680.0,0.317,3.0,Poverty
37163,Sampson,NC,14.3,40.3,18.7,58.3,41.75,12231.49,49963.0,21.85,1.58,25.17,21.01,59317.0,0.38,4.0,Poverty
37165,Scotland,NC,16.3,44.35,20.2,57.75,45.35,11883.94,41948.0,24.43,0.78,38.95,3.61,34222.0,0.447,4.0,Hypertension
37167,Stanly,NC,11.6,36.15,18.2,61.3,36.3,11905.69,60634.0,13.34,1.45,11.31,4.77,62723.0,0.263,2.0,Hypertension
37169,Stokes,NC,11.55,37.25,17.95,64.45,36.95,12102.02,57539.0,11.82,0.37,4.35,3.59,44696.0,0.253,2.0,Hypertension
37171,Surry,NC,12.25,37.25,18.55,61.75,40.85,12591.58,52743.0,17.66,1.69,3.77,11.5,71429.0,0.305,3.0,Poverty
37173,Swain,NC,13.85,39.1,19.95,59.2,40.75,12103.69,52818.0,19.44,5.39,1.2,6.89,14130.0,0.39,4.0,Uninsured
37175,Transylvania,NC,10.9,37.15,15.95,65.35,34.05,10746.28,62056.0,12.99,1.7,4.46,3.47,33131.0,0.26,2.0,Hypertension
37177,Tyrrell,NC,15.4,42.25,18.1,62.25,41.3,11719.11,55341.0,12.69,0.47,32.99,8.59,3389.0,0.359,4.0,Hypertension
37179,Union,NC,9.9,32.3,16.1,64.25,33.2,11290.15,95533.0,6.72,1.53,11.39,11.79,240109.0,0.177,1.0,Uninsured
37181,Vance,NC,15.35,42.55,18.8,62.8,42.7,12305.27,48340.0,18.5,1.83,48.88,8.52,42492.0,0.401,4.0,Hypertension
37183,Wake,NC,9.25,31.7,14.8,65.0,29.1,11309.47,96734.0,8.03,1.23,19.67,10.42,1132103.0,0.164,1.0,Uninsured
37185,Warren,NC,17.4,45.95,18.5,61.8,44.1,9794.46,42282.0,20.31,0.95,47.75,4.21,18803.0,0.46,4.0,Hypertension
37187,Washington,NC,17.7,46.9,19.2,61.75,43.85,11189.79,38927.0,21.3,0.19,48.28,6.19,11051.0,0.469,4.0,Hypertension
37189,Watauga,NC,10.15,32.55,18.65,63.75,35.0,10469.13,50034.0,22.35,0.8,1.8,3.97,54540.0,0.248,2.0,Poverty
37191,Wayne,NC,13.35,39.55,18.3,60.35,39.7,12105.97,54323.0,17.52,0.89,30.67,12.71,117480.0,0.332,3.0,Hypertension
37193,Wilkes,NC,12.3,37.95,18.5,60.7,38.1,12874.27,49119.0,16.86,0.84,3.7,7.0,66125.0,0.299,3.0,Poverty
37195,Wilson,NC,15.4,42.25,18.75,58.0,38.45,11963.95,49827.0,19.98,1.29,39.63,11.17,78667.0,0.401,4.0,Hypertension
37197,Yadkin,NC,11.85,37.35,18.15,62.05,36.3,13372.34,57486.0,13.69,1.41,3.19,11.59,37280.0,0.278,3.0,Hypertension
37199,Yancey,NC,11.85,37.15,17.8,62.4,35.6,10774.94,53103.0,15.16,0.39,0.44,5.4,18538.0,0.273,3.0,Hypertension
38001,Adams,ND,11.95,36.1,14.6,63.3,35.25,9494.71,57950.0,12.97,2.65,0.5,3.79,2190.0,0.279,3.0,Uninsured
38003,Barnes,ND,10.25,33.15,14.3,62.35,38.1,10902.44,64447.0,12.28,1.0,1.86,2.34,10826.0,0.21,2.0,Uninsured
38005,Benson,ND,14.4,38.45,17.8,55.1,43.55,11656.35,63220.0,27.08,2.3,0.25,1.36,5960.0,0.4,4.0,Poverty
38007,Billings,ND,10.65,34.65,13.65,65.5,36.4,7753.85,74000.0,10.97,1.31,0.0,1.43,839.0,0.224,2.0,Uninsured
38009,Bottineau,ND,10.3,34.7,14.0,62.4,37.9,10152.27,80113.0,7.78,2.06,0.48,2.5,6411.0,0.211,2.0,Uninsured
38011,Bowman,ND,9.95,32.85,14.1,62.55,36.5,11899.82,79709.0,10.42,4.91,0.0,5.45,2975.0,0.232,2.0,Uninsured
38013,Burke,ND,9.65,33.45,13.75,63.15,37.25,10051.23,94583.0,6.5,0.73,0.69,1.05,2184.0,0.172,1.0,Uninsured
38015,Burleigh,ND,8.7,29.2,13.45,66.05,35.35,10764.71,82141.0,7.65,0.99,1.94,2.87,98443.0,0.133,1.0,Uninsured
38017,Cass,ND,8.2,28.4,13.7,61.95,34.45,11571.35,73249.0,10.51,1.13,6.45,3.0,186328.0,0.134,1.0,Uninsured
38019,Cavalier,ND,10.0,34.85,13.6,63.25,39.8,12494.48,61174.0,9.7,0.92,0.0,0.89,3691.0,0.205,1.0,Uninsured
38021,Dickey,ND,10.2,32.8,14.8,61.4,39.15,13809.22,60250.0,8.65,2.2,0.22,4.8,5003.0,0.201,1.0,Uninsured
38023,Divide,ND,10.8,34.25,14.4,63.25,37.6,13747.41,95938.0,6.38,1.55,3.19,5.47,2195.0,0.205,1.0,Uninsured
38025,Dunn,ND,10.45,32.75,14.75,62.65,36.6,10446.6,91758.0,6.67,8.79,0.74,6.25,4049.0,0.261,2.0,Uninsured
38027,Eddy,ND,11.85,35.35,15.05,60.9,38.75,11656.67,50375.0,11.73,0.77,0.0,2.69,2345.0,0.248,2.0,Hypertension
38029,Emmons,ND,11.35,35.65,14.45,65.75,38.45,10349.16,63750.0,6.58,2.61,0.18,1.46,3297.0,0.236,2.0,Uninsured
38031,Foster,ND,10.25,33.9,14.1,64.85,35.8,11024.76,78426.0,8.09,1.06,0.47,0.56,3388.0,0.196,1.0,Uninsured
38033,Golden Valley,ND,11.75,36.4,15.1,61.6,37.7,10311.78,84750.0,12.4,0.29,0.17,5.31,1734.0,0.252,2.0,Hypertension
38035,Grand Forks,ND,9.45,29.25,15.05,61.55,36.55,12776.84,64698.0,13.31,0.66,3.78,4.77,72927.0,0.169,1.0,Poverty
38037,Grant,ND,12.75,38.7,14.95,60.05,41.55,14465.94,57069.0,15.04,0.91,0.09,1.72,2320.0,0.304,3.0,Hypertension
38039,Griggs,ND,10.3,35.55,13.3,63.3,37.35,14360.24,66688.0,6.24,0.09,0.0,1.52,2309.0,0.19,1.0,Hypertension
38041,Hettinger,ND,10.3,33.6,14.9,63.1,37.65,10474.17,66797.0,9.53,3.03,0.48,0.57,2477.0,0.221,2.0,Uninsured
38043,Kidder,ND,10.95,35.0,14.45,59.95,40.05,10493.77,57240.0,12.42,0.88,0.21,4.6,2391.0,0.234,2.0,Poverty
38045,LaMoure,ND,10.65,33.6,14.1,63.7,34.8,11733.5,70227.0,11.8,0.94,0.39,1.98,4135.0,0.217,2.0,Uninsured
38047,Logan,ND,11.35,35.95,14.85,61.45,40.35,10130.98,59750.0,7.84,0.0,0.11,2.76,1849.0,0.218,2.0,Hypertension
38049,McHenry,ND,10.4,34.75,14.6,60.9,41.9,9852.7,78071.0,10.14,2.25,0.73,1.43,5326.0,0.226,2.0,Uninsured
38051,McIntosh,ND,12.1,36.8,14.9,61.2,36.25,15239.59,64375.0,13.01,1.5,0.63,2.61,2529.0,0.276,3.0,Hypertension
38053,McKenzie,ND,9.75,30.85,15.25,57.85,41.0,14115.5,83813.0,13.18,7.12,2.15,10.57,14081.0,0.249,2.0,Uninsured
38055,McLean,ND,10.35,34.45,14.05,65.2,40.2,11069.88,80556.0,6.76,1.28,0.41,2.67,9781.0,0.198,1.0,Uninsured
38057,Mercer,ND,10.65,34.45,14.65,58.7,39.7,9358.84,82155.0,9.38,4.2,0.25,2.62,8366.0,0.244,2.0,Uninsured
38059,Morton,ND,8.95,30.95,14.45,62.85,38.5,10830.76,79555.0,7.97,0.98,1.3,4.22,33192.0,0.151,1.0,Uninsured
38061,Mountrail,ND,12.2,33.7,16.5,56.65,42.0,10812.02,81886.0,12.25,4.31,1.86,9.12,9648.0,0.279,3.0,Uninsured
38063,Nelson,ND,10.5,35.1,13.5,66.1,39.7,10497.7,62219.0,10.45,0.33,0.0,3.87,3025.0,0.213,2.0,Hypertension
38065,Oliver,ND,10.0,32.95,13.9,62.45,34.6,8012.35,69722.0,11.52,0.44,0.0,3.33,1832.0,0.195,1.0,Poverty
38067,Pembina,ND,11.05,34.4,14.5,62.65,42.0,13038.95,64243.0,8.89,1.93,0.96,3.72,6853.0,0.225,2.0,Uninsured
38069,Pierce,ND,10.55,33.1,14.4,60.95,40.8,11555.66,59583.0,10.73,1.83,0.25,1.23,3999.0,0.215,2.0,Uninsured
38071,Ramsey,ND,11.05,33.85,15.1,60.9,41.1,11474.6,61490.0,15.16,5.0,0.56,3.25,11613.0,0.281,3.0,Uninsured
38073,Ransom,ND,10.75,33.65,14.65,61.1,38.05,11839.73,71462.0,9.57,1.61,2.21,2.07,5663.0,0.215,2.0,Uninsured
38075,Renville,ND,9.8,33.0,14.5,64.85,38.85,12072.87,77067.0,6.22,1.45,0.0,2.54,2282.0,0.177,1.0,Uninsured
38077,Richland,ND,9.75,32.9,14.75,65.75,36.85,10628.77,67089.0,10.3,0.81,0.83,3.61,16548.0,0.188,1.0,Uninsured
38079,Rolette,ND,17.2,39.3,19.45,52.15,50.2,12118.95,53806.0,24.15,6.96,0.83,2.42,12292.0,0.486,4.0,Diabetes
38081,Sargent,ND,10.4,33.3,14.25,61.25,41.25,12447.06,75648.0,6.11,0.99,2.61,3.27,3828.0,0.184,1.0,Uninsured
38083,Sheridan,ND,11.45,37.45,14.0,61.0,36.9,8981.98,68684.0,6.88,0.22,0.0,0.45,1338.0,0.228,2.0,Hypertension
38085,Sioux,ND,20.15,41.55,22.1,46.25,49.4,12358.75,41201.0,39.04,10.32,0.26,0.98,3896.0,0.655,4.0,Poverty
38087,Slope,ND,12.0,38.1,14.0,62.8,38.45,11738.31,70625.0,4.66,0.36,0.0,0.12,837.0,0.233,2.0,Hypertension
38089,Stark,ND,9.2,31.05,14.75,62.6,37.45,10151.82,78734.0,9.87,2.13,2.48,6.12,32989.0,0.176,1.0,Uninsured
38091,Steele,ND,10.85,34.35,14.2,63.25,34.95,11652.25,85750.0,13.02,0.11,0.23,2.2,1774.0,0.223,2.0,Poverty
38093,Stutsman,ND,9.95,31.5,15.3,62.65,40.0,10550.55,59167.0,12.15,0.77,2.04,2.81,21609.0,0.19,1.0,Poverty
38095,Towner,ND,12.7,38.05,15.4,57.75,43.9,14312.8,61250.0,13.38,0.98,0.37,3.86,2152.0,0.291,3.0,Hypertension
38097,Traill,ND,9.5,31.7,14.0,62.55,38.5,11924.97,81157.0,6.18,0.95,0.86,3.87,8004.0,0.157,1.0,Uninsured
38099,Walsh,ND,10.9,33.75,14.3,58.3,35.9,14127.71,68082.0,9.48,2.05,0.78,12.11,10553.0,0.222,2.0,Uninsured
38101,Ward,ND,8.8,31.4,14.45,61.4,34.3,10425.38,78143.0,8.81,0.64,4.31,6.75,69532.0,0.152,1.0,Uninsured
38103,Wells,ND,11.6,35.35,14.7,64.0,38.0,10737.78,59732.0,10.5,0.53,0.0,2.43,3990.0,0.235,2.0,Hypertension
38105,Williams,ND,9.15,31.0,15.8,57.45,40.3,10486.81,86139.0,7.33,4.26,5.2,9.47,39076.0,0.184,1.0,Uninsured
39001,Adams,OH,14.2,37.85,20.65,54.9,40.1,12568.87,46234.0,19.31,0.82,0.48,1.1,27509.0,0.341,4.0,Poverty
39003,Allen,OH,13.35,36.5,18.9,62.5,39.85,12752.08,58976.0,11.83,1.05,10.74,3.48,102087.0,0.285,3.0,Diabetes
39005,Ashland,OH,12.55,37.65,18.8,62.35,38.4,11568.55,62254.0,11.33,2.91,0.78,1.68,52522.0,0.295,3.0,Uninsured
39007,Ashtabula,OH,14.6,38.8,20.35,54.35,45.75,13020.68,53663.0,17.43,2.81,3.57,4.74,97666.0,0.366,4.0,Diabetes
39009,Athens,OH,12.05,35.0,20.5,61.65,36.2,11227.63,48750.0,21.3,0.45,2.54,2.01,61276.0,0.29,3.0,Poverty
39011,Auglaize,OH,11.0,34.9,18.0,65.8,39.5,11896.26,75231.0,6.5,0.54,0.86,1.84,46263.0,0.203,1.0,Hypertension
39013,Belmont,OH,13.0,38.4,18.95,60.75,40.9,12374.84,56943.0,13.22,0.9,3.03,1.17,66554.0,0.297,3.0,Hypertension
39015,Brown,OH,13.05,39.25,19.75,62.85,41.4,14047.6,66677.0,15.62,0.68,1.03,1.25,43715.0,0.313,3.0,Hypertension
39017,Butler,OH,11.9,34.25,18.1,60.65,39.3,13109.9,77062.0,11.5,0.94,8.26,5.21,388327.0,0.241,2.0,Diabetes
39019,Carroll,OH,13.05,37.35,19.45,62.45,38.8,12990.35,59872.0,11.98,3.8,0.78,1.39,26761.0,0.314,3.0,Uninsured
39021,Champaign,OH,11.45,35.35,18.45,63.15,43.1,11255.4,70486.0,9.07,0.81,1.95,1.72,38715.0,0.229,2.0,Hypertension
39023,Clark,OH,13.6,38.85,19.6,58.2,42.3,12576.13,58954.0,15.2,0.96,8.12,3.76,135877.0,0.321,3.0,Hypertension
39025,Clermont,OH,11.5,33.95,17.85,66.35,34.55,12482.25,79573.0,8.29,0.82,1.4,2.18,208851.0,0.216,2.0,Uninsured
39027,Clinton,OH,12.35,35.8,19.1,63.4,39.8,12118.0,64210.0,14.03,0.84,1.95,1.93,42077.0,0.271,3.0,Poverty
39029,Columbiana,OH,13.5,38.75,18.9,64.2,41.05,12231.39,55473.0,12.73,1.38,2.18,2.01,101723.0,0.311,3.0,Hypertension
39031,Coshocton,OH,13.75,38.3,19.8,57.2,41.45,11947.22,52048.0,18.58,3.01,1.13,1.21,36629.0,0.355,4.0,Poverty
39033,Crawford,OH,13.05,36.95,19.55,61.1,39.5,11779.06,52486.0,13.76,1.14,0.88,1.84,41861.0,0.293,3.0,Diabetes
39035,Cuyahoga,OH,12.35,36.35,16.65,63.25,35.35,12178.92,60074.0,16.18,0.7,29.06,6.52,1256620.0,0.283,3.0,Poverty
39037,Darke,OH,12.8,36.65,19.2,58.35,36.5,11314.24,60237.0,10.9,1.41,0.7,1.73,51751.0,0.276,3.0,Diabetes
39039,Defiance,OH,12.1,34.75,17.9,63.65,35.4,11932.44,69302.0,10.31,1.58,1.74,10.72,38300.0,0.249,2.0,Uninsured
39041,Delaware,OH,9.4,29.75,13.85,68.4,31.2,11145.53,123995.0,4.47,0.92,3.94,2.91,216074.0,0.133,1.0,Uninsured
39043,Erie,OH,12.7,38.0,17.85,61.95,40.2,12428.64,65171.0,11.29,0.58,8.95,4.77,75299.0,0.277,3.0,Hypertension
39045,Fairfield,OH,11.3,34.5,17.1,63.5,35.45,11835.11,82969.0,8.52,1.01,8.46,2.52,159371.0,0.22,2.0,Uninsured
39047,Fayette,OH,13.1,39.2,19.9,55.75,41.15,13155.72,56773.0,15.57,1.54,2.78,2.34,28901.0,0.322,3.0,Hypertension
39049,Franklin,OH,11.8,32.95,18.05,60.85,33.7,11764.26,71070.0,14.22,1.08,22.95,6.03,1318149.0,0.244,2.0,Poverty
39051,Fulton,OH,12.0,35.05,17.85,63.85,36.9,10979.08,71453.0,8.4,1.11,0.5,9.11,42602.0,0.236,2.0,Uninsured
39053,Gallia,OH,13.8,38.7,20.45,62.35,36.65,11971.96,55533.0,16.79,3.42,1.84,1.47,29276.0,0.355,4.0,Uninsured
39055,Geauga,OH,10.85,33.9,16.2,63.9,32.65,11292.49,97162.0,5.78,2.74,0.96,1.72,95455.0,0.212,2.0,Uninsured
39057,Greene,OH,10.5,33.8,16.7,66.1,38.15,11771.37,81243.0,10.1,0.62,6.42,3.14,167567.0,0.204,1.0,Uninsured
39059,Guernsey,OH,13.35,37.35,19.95,62.3,38.2,11489.46,53901.0,16.79,1.24,1.86,1.23,38409.0,0.316,3.0,Poverty
39061,Hamilton,OH,12.55,35.1,17.6,63.5,35.7,12540.83,68249.0,14.55,0.86,25.42,3.75,827671.0,0.272,3.0,Poverty
39063,Hancock,OH,11.6,34.3,17.95,60.55,39.45,11592.09,67006.0,10.27,0.55,1.76,6.01,75072.0,0.227,2.0,Diabetes
39065,Hardin,OH,12.4,37.4,20.15,58.55,41.05,12230.95,55876.0,16.77,5.35,1.19,2.14,30622.0,0.341,4.0,Uninsured
39067,Harrison,OH,13.7,39.25,19.85,60.95,41.25,13170.37,54056.0,15.1,2.99,2.88,1.3,14528.0,0.345,4.0,Hypertension
39069,Henry,OH,11.8,35.35,18.0,63.2,38.55,11529.68,71616.0,9.35,1.07,0.55,7.96,27601.0,0.239,2.0,Hypertension
39071,Highland,OH,13.25,37.4,20.0,60.25,41.2,13079.35,60522.0,14.65,2.67,1.71,1.36,43285.0,0.319,3.0,Uninsured
39073,Hocking,OH,14.0,39.25,20.25,62.6,35.95,12216.19,59007.0,16.36,0.57,0.62,1.11,28104.0,0.332,3.0,Diabetes
39075,Holmes,OH,12.2,34.4,21.8,55.35,38.5,9356.41,72987.0,8.78,17.69,0.19,1.03,44273.0,0.4,4.0,Uninsured
39077,Huron,OH,12.3,35.3,18.65,61.3,34.95,11614.95,64144.0,10.85,1.47,0.71,6.95,58518.0,0.258,2.0,Uninsured
39079,Jackson,OH,13.65,40.35,20.7,60.0,44.7,12494.07,56549.0,17.06,1.81,0.73,1.13,32563.0,0.349,4.0,Hypertension
39081,Jefferson,OH,13.55,38.9,19.6,63.1,42.8,12484.29,53124.0,17.56,0.75,5.35,1.74,65280.0,0.329,3.0,Hypertension
39083,Knox,OH,11.55,35.3,18.35,62.25,37.45,11803.32,71246.0,12.2,3.79,0.87,1.69,62657.0,0.274,3.0,Uninsured
39085,Lake,OH,11.55,34.9,17.05,63.9,36.85,11817.22,76835.0,7.53,0.68,4.71,4.84,232236.0,0.219,2.0,Hypertension
39087,Lawrence,OH,13.65,40.1,20.4,57.35,41.4,13744.89,51846.0,17.64,0.78,1.53,1.04,57994.0,0.34,4.0,Hypertension
39089,Licking,OH,11.9,33.55,17.6,61.25,37.4,11247.58,78505.0,9.59,0.83,4.12,2.24,178844.0,0.226,2.0,Diabetes
39091,Logan,OH,12.55,36.15,18.75,62.8,39.1,11116.51,69125.0,10.81,0.81,1.61,1.98,46098.0,0.261,2.0,Diabetes
39093,Lorain,OH,12.85,36.1,18.15,62.35,36.75,12657.33,67272.0,13.12,0.84,7.53,10.6,313101.0,0.277,3.0,Diabetes
39095,Lucas,OH,13.1,35.5,18.8,62.7,36.15,12624.56,57265.0,17.46,0.87,18.94,7.67,430014.0,0.298,3.0,Poverty
39097,Madison,OH,11.6,35.9,18.0,61.4,37.05,11655.31,77062.0,9.12,1.23,5.17,2.56,43961.0,0.24,2.0,Hypertension
39099,Mahoning,OH,13.3,37.15,18.5,64.8,38.75,12332.6,54279.0,17.11,0.52,14.33,6.55,227979.0,0.308,3.0,Poverty
39101,Marion,OH,13.65,39.15,19.3,59.4,44.15,13181.82,55106.0,14.75,0.56,5.16,3.02,65366.0,0.318,3.0,Hypertension
39103,Medina,OH,10.65,34.2,16.6,65.55,36.1,12996.31,89968.0,5.9,0.48,1.42,2.49,182347.0,0.189,1.0,Uninsured
39105,Meigs,OH,15.4,41.65,21.4,56.7,44.25,11730.72,46255.0,19.27,0.64,0.43,0.85,22242.0,0.387,4.0,Diabetes
39107,Mercer,OH,10.9,35.1,17.85,63.5,36.35,10437.95,73278.0,6.23,0.52,0.51,1.97,42321.0,0.202,1.0,Hypertension
39109,Miami,OH,11.5,34.6,17.65,63.7,33.45,12441.75,71440.0,8.36,0.87,2.02,1.93,108818.0,0.222,2.0,Uninsured
39111,Monroe,OH,14.05,39.3,19.75,57.3,40.4,10711.15,55381.0,13.74,1.25,0.89,0.3,13401.0,0.328,3.0,Diabetes
39113,Montgomery,OH,13.5,35.2,18.5,61.9,37.2,13009.51,61942.0,14.62,1.2,20.42,3.42,536121.0,0.292,3.0,Diabetes
39115,Morgan,OH,14.15,39.5,19.6,58.95,41.05,11692.33,51056.0,16.35,0.84,3.21,1.0,13851.0,0.339,4.0,Diabetes
39117,Morrow,OH,12.4,35.4,18.9,59.55,39.7,11213.49,70412.0,10.44,2.66,0.68,1.73,35049.0,0.27,3.0,Uninsured
39119,Muskingum,OH,13.2,37.6,19.55,62.4,43.9,12240.77,56810.0,15.2,0.99,3.22,1.31,86393.0,0.305,3.0,Diabetes
39121,Noble,OH,14.9,41.6,18.3,61.2,41.6,12339.45,51547.0,14.08,2.51,3.89,1.28,14216.0,0.373,4.0,Hypertension
39123,Ottawa,OH,11.7,37.05,16.85,64.95,37.95,11915.51,69515.0,8.62,0.64,0.99,5.35,40367.0,0.242,2.0,Hypertension
39125,Paulding,OH,12.65,37.0,18.65,60.2,41.2,13553.51,65331.0,9.34,0.9,0.56,5.07,18827.0,0.263,2.0,Hypertension
39127,Perry,OH,12.95,37.85,19.55,60.95,38.35,11271.62,62899.0,15.14,0.94,0.26,0.98,35451.0,0.302,3.0,Hypertension
39129,Pickaway,OH,11.85,37.25,18.85,60.65,39.7,11385.75,67600.0,11.58,0.98,3.79,1.63,58809.0,0.263,2.0,Hypertension
39131,Pike,OH,14.7,41.05,21.8,56.0,43.1,12510.43,50832.0,19.51,0.76,1.09,0.84,27151.0,0.373,4.0,Hypertension
39133,Portage,OH,11.15,33.5,18.15,60.85,33.45,11611.4,69796.0,10.78,0.69,4.7,2.06,161217.0,0.217,2.0,Uninsured
39135,Preble,OH,11.95,35.95,18.75,64.15,39.55,12337.53,66355.0,10.24,1.04,0.68,1.08,40929.0,0.249,2.0,Hypertension
39137,Putnam,OH,11.05,33.85,17.15,64.55,43.6,12432.2,79453.0,6.49,0.63,0.64,6.57,34400.0,0.197,1.0,Uninsured
39139,Richland,OH,13.3,36.6,19.5,58.75,39.1,12359.58,56557.0,13.08,1.26,7.88,2.13,125008.0,0.292,3.0,Diabetes
39141,Ross,OH,13.8,38.5,19.85,60.8,44.1,12806.7,58048.0,15.01,1.23,5.55,1.38,76957.0,0.323,3.0,Diabetes
39143,Sandusky,OH,13.0,36.9,18.4,59.5,40.65,11387.34,60814.0,12.73,0.93,3.35,10.55,58885.0,0.284,3.0,Diabetes
39145,Scioto,OH,14.1,41.45,21.7,57.0,44.7,14200.66,46360.0,22.72,0.45,2.77,1.55,73716.0,0.378,4.0,Poverty
39147,Seneca,OH,12.15,34.0,18.6,61.1,36.05,11914.31,62476.0,11.01,0.7,2.94,5.55,55062.0,0.239,2.0,Diabetes
39149,Shelby,OH,12.1,35.85,18.8,60.7,39.55,11682.97,73502.0,10.78,0.59,2.1,1.63,48145.0,0.249,2.0,Hypertension
39151,Stark,OH,12.4,35.85,18.5,61.9,40.45,11230.05,63130.0,12.86,0.64,7.45,2.33,374199.0,0.264,2.0,Diabetes
39153,Summit,OH,12.55,35.2,17.85,65.65,37.55,11474.94,68360.0,12.21,0.58,13.97,2.44,539361.0,0.259,2.0,Diabetes
39155,Trumbull,OH,13.8,37.0,19.45,57.7,39.75,13338.74,53537.0,16.81,1.36,7.9,2.03,201749.0,0.322,3.0,Diabetes
39157,Tuscarawas,OH,12.3,37.1,19.2,61.05,43.4,11336.59,61953.0,12.29,2.13,0.61,3.42,92840.0,0.284,3.0,Uninsured
39159,Union,OH,9.75,31.1,16.35,60.75,39.4,11027.59,104496.0,4.94,0.8,2.49,2.28,63411.0,0.15,1.0,Uninsured
39161,Van Wert,OH,11.9,36.05,18.6,59.6,37.35,11492.43,64841.0,8.25,0.4,0.71,3.89,28833.0,0.234,2.0,Hypertension
39163,Vinton,OH,13.85,38.3,20.45,57.8,40.0,12818.91,50967.0,18.91,1.04,0.07,0.23,12790.0,0.339,4.0,Poverty
39165,Warren,OH,10.2,30.5,15.65,65.25,32.35,12750.04,103128.0,4.98,0.65,3.5,3.12,243189.0,0.152,1.0,Uninsured
39167,Washington,OH,12.3,38.0,18.55,60.45,43.8,12329.2,59053.0,13.75,0.95,1.21,1.15,59639.0,0.286,3.0,Hypertension
39169,Wayne,OH,11.85,34.95,18.45,63.75,37.75,10904.79,70320.0,8.46,5.17,1.34,2.15,116680.0,0.273,3.0,Uninsured
39171,Williams,OH,13.0,37.15,19.0,62.1,40.65,10281.67,60632.0,10.81,1.25,1.17,5.03,36973.0,0.28,3.0,Diabetes
39173,Wood,OH,10.45,32.7,17.45,62.15,38.15,11708.77,70537.0,12.34,0.7,2.02,5.98,131564.0,0.207,1.0,Poverty
39175,Wyandot,OH,11.6,36.0,17.85,60.55,35.55,11443.26,68552.0,6.8,0.59,0.16,3.16,21818.0,0.223,2.0,Hypertension
40001,Adair,OK,16.35,42.25,21.75,51.5,46.15,13162.83,44955.0,22.0,4.02,0.33,7.62,19726.0,0.454,4.0,Diabetes
40003,Alfalfa,OK,12.3,39.85,16.95,55.9,40.1,17495.61,75028.0,9.4,0.99,3.54,6.62,5683.0,0.279,3.0,Hypertension
40005,Atoka,OK,13.65,40.8,19.35,56.3,40.35,14825.75,49181.0,16.37,4.28,3.24,4.24,14117.0,0.374,4.0,Uninsured
40007,Beaver,OK,12.6,38.45,16.85,57.4,38.7,13945.61,62981.0,6.92,2.41,0.39,26.37,5071.0,0.276,3.0,Hypertension
40009,Beckham,OK,12.85,40.0,18.95,53.65,40.05,16021.34,51499.0,18.43,0.91,6.38,15.99,22295.0,0.331,3.0,Hypertension
40011,Blaine,OK,12.85,40.05,18.25,57.25,38.35,17507.38,56843.0,11.7,1.28,4.66,13.58,8661.0,0.303,3.0,Hypertension
40013,Bryan,OK,12.7,38.95,19.3,57.75,40.2,15901.37,54289.0,15.9,3.66,2.17,6.88,46528.0,0.336,3.0,Uninsured
40015,Caddo,OK,14.4,40.75,19.25,51.95,40.25,18641.35,52443.0,17.55,2.01,3.53,15.01,26910.0,0.369,4.0,Hypertension
40017,Canadian,OK,10.15,35.1,17.4,60.6,38.8,14032.23,82364.0,7.82,1.78,3.56,10.54,156681.0,0.209,1.0,Uninsured
40019,Carter,OK,12.8,39.55,18.9,56.45,39.7,16632.43,56390.0,15.06,2.48,6.1,8.48,48202.0,0.326,3.0,Hypertension
40021,Cherokee,OK,13.7,39.7,19.9,53.15,43.65,12756.93,52410.0,19.97,3.66,1.21,7.88,47412.0,0.378,4.0,Poverty
40023,Choctaw,OK,15.5,42.95,20.25,54.65,45.45,15667.14,43252.0,22.37,2.09,9.73,5.33,14285.0,0.427,4.0,Hypertension
40025,Cimarron,OK,11.9,37.45,15.55,61.3,38.0,15046.39,57100.0,10.83,3.87,0.13,23.94,2272.0,0.29,3.0,Uninsured
40027,Cleveland,OK,10.8,34.25,17.5,58.25,36.95,13503.91,71757.0,12.29,1.39,4.79,9.61,295060.0,0.231,2.0,Uninsured
40029,Coal,OK,15.55,42.5,21.0,52.5,42.75,17072.94,47117.0,22.62,5.09,0.25,5.16,5287.0,0.456,4.0,Hypertension
40031,Comanche,OK,12.75,37.6,18.85,57.2,43.35,13111.72,57150.0,15.24,1.67,15.55,14.19,121777.0,0.304,3.0,Hypertension
40033,Cotton,OK,13.75,40.95,18.9,56.35,43.0,15487.95,60208.0,21.29,1.99,1.79,9.19,5537.0,0.377,4.0,Poverty
40035,Craig,OK,14.55,42.15,20.45,54.1,41.85,16021.78,48018.0,17.94,3.53,3.38,4.79,14144.0,0.399,4.0,Hypertension
40037,Creek,OK,12.3,37.15,18.6,54.4,39.75,16103.05,61657.0,13.31,1.7,1.97,4.88,72076.0,0.285,3.0,Hypertension
40039,Custer,OK,11.8,35.35,18.4,56.0,42.05,13632.69,58669.0,15.11,1.97,3.4,19.22,28391.0,0.274,3.0,Poverty
40041,Delaware,OK,14.6,42.85,19.85,54.35,37.9,12776.02,53290.0,18.75,2.12,0.42,4.16,40791.0,0.394,4.0,Hypertension
40043,Dewey,OK,12.25,39.05,18.3,56.75,38.3,17410.7,61310.0,13.94,2.84,0.07,7.79,4504.0,0.312,3.0,Hypertension
40045,Ellis,OK,12.35,39.75,17.65,56.15,39.85,14681.54,57768.0,14.41,2.37,0.24,8.02,3755.0,0.316,3.0,Hypertension
40047,Garfield,OK,11.95,37.5,17.25,56.45,41.9,13683.75,64165.0,13.55,2.17,2.11,13.81,62456.0,0.287,3.0,Hypertension
40049,Garvin,OK,13.0,39.55,19.35,56.7,38.55,14577.11,53600.0,14.43,3.09,1.89,10.14,25806.0,0.333,3.0,Hypertension
40051,Grady,OK,11.15,37.45,18.2,57.95,38.35,14179.07,74349.0,10.76,1.46,2.21,6.4,55314.0,0.253,2.0,Hypertension
40053,Grant,OK,11.95,38.85,17.85,54.3,36.4,14936.14,58980.0,12.84,0.79,2.24,5.83,4152.0,0.28,3.0,Hypertension
40055,Greer,OK,12.3,39.3,17.95,55.4,42.15,18650.51,55204.0,13.56,1.39,5.68,12.67,5531.0,0.298,3.0,Hypertension
40057,Harmon,OK,15.4,41.6,18.0,51.8,42.55,18397.19,55729.0,17.01,3.32,9.96,31.77,2499.0,0.403,4.0,Diabetes
40059,Harper,OK,12.6,38.75,17.0,56.55,39.35,14801.77,59934.0,13.54,2.63,0.0,24.24,3272.0,0.312,3.0,Hypertension
40061,Haskell,OK,13.9,41.15,19.7,54.95,42.25,16700.95,46239.0,21.17,2.53,0.5,5.12,11651.0,0.386,4.0,Hypertension
40063,Hughes,OK,14.25,41.45,19.75,52.7,42.05,16173.05,44799.0,18.52,2.22,4.06,6.2,13409.0,0.378,4.0,Hypertension
40065,Jackson,OK,12.7,38.2,17.75,57.65,40.75,12986.62,60954.0,14.09,1.63,6.34,25.37,24776.0,0.302,3.0,Hypertension
40067,Jefferson,OK,14.55,42.2,19.45,54.55,41.2,13916.53,48346.0,22.53,1.4,1.88,11.53,5420.0,0.4,4.0,Hypertension
40069,Johnston,OK,14.25,40.4,20.4,54.5,39.8,15201.01,48476.0,21.85,2.8,2.19,6.15,10410.0,0.392,4.0,Poverty
40071,Kay,OK,13.0,39.15,19.25,56.7,42.85,12996.89,53746.0,15.96,2.17,2.02,8.82,43859.0,0.328,3.0,Hypertension
40073,Kingfisher,OK,11.1,36.3,17.45,60.15,37.15,15341.1,65167.0,12.02,1.88,0.65,16.85,15290.0,0.254,2.0,Uninsured
40075,Kiowa,OK,14.85,42.05,19.35,51.45,42.75,15631.2,42679.0,22.67,2.75,3.63,12.08,8446.0,0.418,4.0,Hypertension
40077,Latimer,OK,15.4,42.15,20.9,57.45,42.7,13716.76,42735.0,15.96,3.77,1.2,4.94,9537.0,0.406,4.0,Hypertension
40079,Le Flore,OK,14.05,40.45,20.4,52.85,40.35,14588.04,46750.0,19.72,2.98,1.88,7.56,48525.0,0.381,4.0,Hypertension
40081,Lincoln,OK,12.75,40.5,18.8,55.7,44.0,14971.43,57656.0,14.07,1.8,1.87,3.72,33734.0,0.321,3.0,Hypertension
40083,Logan,OK,11.15,37.9,17.4,61.35,40.2,13877.96,80565.0,13.12,1.68,7.18,7.29,49919.0,0.27,3.0,Hypertension
40085,Love,OK,13.3,39.3,18.65,52.45,38.8,14474.32,60758.0,14.08,2.89,2.02,17.3,10158.0,0.333,3.0,Hypertension
40087,McClain,OK,10.55,37.15,17.5,57.45,38.3,12655.11,80150.0,7.05,2.19,1.0,8.76,42393.0,0.231,2.0,Uninsured
40089,McCurtain,OK,14.4,40.6,20.1,52.35,42.65,14340.73,47046.0,20.84,3.32,7.81,6.63,31003.0,0.396,4.0,Poverty
40091,McIntosh,OK,15.45,44.8,20.25,53.8,44.85,14505.36,43467.0,21.68,3.78,2.55,3.18,19159.0,0.453,4.0,Hypertension
40093,Major,OK,11.9,37.5,17.85,59.35,42.05,12115.65,67621.0,11.37,2.9,0.03,10.33,7678.0,0.283,3.0,Uninsured
40095,Marshall,OK,13.95,40.3,18.8,53.5,39.55,13896.34,53734.0,18.55,2.43,0.99,18.74,15494.0,0.367,4.0,Hypertension
40097,Mayes,OK,13.35,40.8,19.75,53.95,41.7,13927.41,56552.0,16.78,2.82,0.38,3.98,39324.0,0.356,4.0,Hypertension
40099,Murray,OK,12.8,39.85,18.4,58.85,41.5,14522.7,60213.0,14.09,1.76,1.24,7.36,13837.0,0.317,3.0,Hypertension
40101,Muskogee,OK,14.3,41.05,20.55,56.05,41.6,16272.78,50289.0,16.99,2.32,9.96,7.14,66606.0,0.37,4.0,Hypertension
40103,Noble,OK,11.9,38.5,18.25,59.1,41.7,14706.02,66813.0,10.52,1.47,1.13,4.43,10981.0,0.272,3.0,Hypertension
40105,Nowata,OK,13.75,40.6,19.6,54.75,40.4,11523.91,50960.0,15.64,2.57,1.46,3.93,9460.0,0.354,4.0,Hypertension
40107,Okfuskee,OK,16.0,43.75,20.55,51.8,45.7,15898.36,45429.0,24.2,2.42,6.49,4.61,11349.0,0.453,4.0,Hypertension
40109,Oklahoma,OK,12.3,36.5,17.55,57.2,37.8,14476.78,62505.0,15.49,1.93,14.71,18.32,795822.0,0.293,3.0,Poverty
40111,Okmulgee,OK,14.3,41.8,20.1,55.85,45.15,13752.72,50819.0,17.23,2.16,7.46,4.71,36900.0,0.375,4.0,Hypertension
40113,Osage,OK,12.9,42.4,18.3,59.45,46.4,14894.83,58189.0,12.06,1.93,10.6,4.23,46004.0,0.329,3.0,Hypertension
40115,Ottawa,OK,14.2,39.2,20.4,55.0,42.0,12645.96,46186.0,19.61,2.9,1.17,6.14,30472.0,0.373,4.0,Poverty
40117,Pawnee,OK,12.9,39.25,19.05,57.0,39.65,17905.52,56279.0,14.79,3.19,0.57,3.77,15682.0,0.332,3.0,Hypertension
40119,Payne,OK,10.75,33.1,18.55,56.9,35.95,13739.24,46658.0,21.4,2.32,3.87,5.04,82058.0,0.273,3.0,Poverty
40121,Pittsburg,OK,13.05,40.9,18.95,55.55,40.2,12984.64,53054.0,17.98,2.56,2.34,5.83,43758.0,0.355,4.0,Hypertension
40123,Pontotoc,OK,11.6,38.6,18.35,57.65,40.1,14770.27,59457.0,12.85,4.18,2.45,6.02,38116.0,0.306,3.0,Uninsured
40125,Pottawatomie,OK,12.25,39.4,19.65,56.25,41.3,14322.91,58270.0,15.06,2.02,3.23,5.78,72734.0,0.312,3.0,Hypertension
40127,Pushmataha,OK,15.7,43.2,20.35,54.0,39.1,13976.12,42274.0,21.34,4.13,1.15,4.26,10845.0,0.448,4.0,Hypertension
40129,Roger Mills,OK,12.95,40.2,18.1,58.35,40.45,15043.38,57574.0,13.47,1.14,0.09,8.03,3423.0,0.313,3.0,Hypertension
40131,Rogers,OK,11.5,35.8,17.45,60.75,40.0,14417.8,75312.0,9.37,1.92,0.93,5.31,95870.0,0.245,2.0,Uninsured
40133,Seminole,OK,14.9,42.25,21.0,52.15,45.2,14644.53,43239.0,21.87,3.62,4.25,5.7,23592.0,0.425,4.0,Hypertension
40135,Sequoyah,OK,15.15,42.15,21.05,54.85,47.1,13723.59,47494.0,19.3,2.99,1.77,4.94,39538.0,0.41,4.0,Hypertension
40137,Stephens,OK,12.8,40.75,18.75,58.2,39.15,15344.12,57065.0,16.59,1.69,1.67,8.38,43140.0,0.334,3.0,Hypertension
40139,Texas,OK,13.45,37.25,16.95,49.7,44.3,11928.04,55682.0,20.02,1.47,6.15,47.75,21144.0,0.334,3.0,Poverty
40141,Tillman,OK,14.55,40.3,18.05,54.2,44.1,12417.22,46306.0,16.34,0.77,7.24,28.6,7013.0,0.351,4.0,Diabetes
40143,Tulsa,OK,11.25,34.7,18.1,59.25,35.8,14192.05,65229.0,14.18,1.99,9.87,13.67,668923.0,0.256,2.0,Uninsured
40145,Wagoner,OK,11.1,36.9,17.15,57.7,35.95,14214.69,75082.0,9.12,1.76,3.42,7.28,82269.0,0.244,2.0,Hypertension
40147,Washington,OK,12.1,37.15,17.9,58.55,42.55,12263.49,59426.0,13.61,1.96,2.64,6.63,52579.0,0.285,3.0,Hypertension
40149,Washita,OK,12.1,37.65,18.0,57.8,39.5,16020.17,60600.0,12.12,1.64,1.4,10.53,10930.0,0.279,3.0,Hypertension
40151,Woods,OK,10.9,35.8,18.1,60.1,37.8,13213.63,50724.0,16.57,1.26,3.12,7.48,8661.0,0.262,2.0,Poverty
40153,Woodward,OK,11.4,37.85,17.8,54.6,41.55,15084.41,61207.0,14.15,2.51,1.58,13.94,20411.0,0.287,3.0,Hypertension
41001,Baker,OR,11.7,34.35,18.05,62.85,37.75,8874.08,51657.0,13.34,0.76,1.17,4.94,16685.0,0.245,2.0,Poverty
41003,Benton,OR,9.3,27.55,17.95,62.65,27.1,8546.25,72882.0,17.89,0.67,1.18,8.07,95615.0,0.176,1.0,Poverty
41005,Clackamas,OR,9.55,29.7,17.2,63.9,33.85,9449.42,95740.0,7.52,0.79,0.87,9.33,420925.0,0.148,1.0,Uninsured
41007,Clatsop,OR,11.05,33.45,18.1,61.1,34.8,9451.97,68025.0,10.14,0.66,0.92,9.08,41190.0,0.212,2.0,Uninsured
41009,Columbia,OR,10.85,32.15,18.8,61.4,33.3,8813.81,83265.0,9.0,0.96,0.46,6.03,52865.0,0.197,1.0,Uninsured
41011,Coos,OR,12.2,36.15,18.8,61.6,34.15,11220.03,57563.0,15.83,0.4,0.51,7.11,64908.0,0.275,3.0,Poverty
41013,Crook,OR,10.85,33.8,18.25,61.75,36.05,10843.63,74969.0,7.86,2.04,0.32,8.02,24987.0,0.214,2.0,Uninsured
41015,Curry,OR,12.8,37.0,18.2,67.05,38.5,9866.96,64300.0,12.33,0.08,0.38,7.8,23404.0,0.272,3.0,Hypertension
41017,Deschutes,OR,9.2,30.5,16.35,61.7,27.0,10593.12,82042.0,9.06,0.76,0.42,8.47,199352.0,0.155,1.0,Uninsured
41019,Douglas,OR,12.4,35.35,19.1,57.15,37.7,8834.63,56440.0,14.7,0.71,0.26,6.31,111322.0,0.27,3.0,Poverty
41021,Gilliam,OR,12.5,35.85,18.95,59.1,35.6,7554.8,58409.0,12.66,0.0,0.0,8.37,1983.0,0.259,2.0,Diabetes
41023,Grant,OR,12.3,35.7,18.65,60.8,33.75,11665.52,56045.0,16.08,1.73,0.11,4.31,7237.0,0.288,3.0,Poverty
41025,Harney,OR,13.0,37.6,19.95,58.25,38.9,11927.93,45462.0,11.87,1.16,0.31,5.46,7496.0,0.288,3.0,Hypertension
41027,Hood River,OR,10.35,30.0,16.65,61.25,31.4,7620.46,80254.0,6.5,0.92,0.96,30.84,23965.0,0.161,1.0,Uninsured
41029,Jackson,OR,11.35,33.0,18.95,58.25,32.9,9796.8,67690.0,13.09,0.64,0.64,14.02,222604.0,0.227,2.0,Poverty
41031,Jefferson,OR,12.2,33.1,18.8,59.45,35.5,11576.69,69345.0,12.1,1.48,0.71,20.77,24659.0,0.246,2.0,Uninsured
41033,Josephine,OR,12.8,34.7,19.5,57.55,33.9,9467.76,56068.0,15.89,0.95,0.57,8.12,87994.0,0.28,3.0,Poverty
41035,Klamath,OR,12.65,36.95,19.6,59.35,38.0,9020.18,57219.0,17.55,1.08,0.64,14.24,69506.0,0.303,3.0,Poverty
41037,Lake,OR,12.85,36.55,18.7,59.0,37.6,10176.81,54663.0,18.35,0.35,0.26,9.44,8201.0,0.3,3.0,Poverty
41039,Lane,OR,10.05,31.6,19.35,56.4,34.75,8723.48,65157.0,15.78,0.65,1.06,9.58,382218.0,0.208,1.0,Poverty
41041,Lincoln,OR,12.5,36.15,18.2,61.6,35.7,8829.97,57794.0,14.53,0.49,0.38,9.79,50334.0,0.275,3.0,Poverty
41043,Linn,OR,11.05,32.3,19.45,60.8,40.1,9174.37,69523.0,11.72,1.66,0.46,9.94,128598.0,0.221,2.0,Uninsured
41045,Malheur,OR,13.2,34.95,19.25,54.2,41.4,9586.18,48371.0,16.73,1.28,0.87,34.99,31538.0,0.296,3.0,Poverty
41047,Marion,OR,11.9,32.05,18.75,61.25,43.5,9560.55,70926.0,12.63,0.91,1.2,27.84,345815.0,0.23,2.0,Poverty
41049,Morrow,OR,13.6,33.8,19.75,53.95,39.3,10695.86,64975.0,16.64,0.77,0.67,38.31,12140.0,0.289,3.0,Diabetes
41051,Multnomah,OR,9.3,28.1,18.2,62.05,28.7,9496.83,83668.0,11.98,0.52,5.44,12.31,808098.0,0.151,1.0,Poverty
41053,Polk,OR,10.25,30.05,18.05,63.2,32.95,9591.5,77353.0,11.58,0.84,0.74,15.05,87600.0,0.182,1.0,Uninsured
41055,Sherman,OR,12.3,35.8,19.2,60.3,36.65,7301.97,57171.0,15.53,0.05,0.37,5.05,1900.0,0.269,3.0,Poverty
41057,Tillamook,OR,11.6,33.2,17.95,61.4,32.1,8743.34,63098.0,12.14,0.18,0.53,10.76,27345.0,0.224,2.0,Poverty
41059,Umatilla,OR,11.95,31.55,18.7,58.55,37.8,9553.97,70322.0,11.1,0.68,0.77,28.05,79904.0,0.218,2.0,Diabetes
41061,Union,OR,11.15,33.6,19.35,60.8,36.3,9784.36,61946.0,14.93,1.14,0.98,5.2,26286.0,0.242,2.0,Poverty
41063,Wallowa,OR,10.65,33.65,17.1,61.2,34.15,9881.7,62238.0,9.09,0.15,1.01,3.76,7439.0,0.196,1.0,Uninsured
41065,Wasco,OR,12.1,32.7,18.65,57.6,37.95,9275.56,61316.0,11.45,1.09,0.31,19.93,26639.0,0.235,2.0,Diabetes
41067,Washington,OR,9.55,29.15,16.3,60.6,32.2,9638.56,100121.0,8.09,0.63,2.3,17.39,599541.0,0.146,1.0,Uninsured
41069,Wheeler,OR,13.55,38.35,18.35,60.6,36.35,9879.06,50774.0,9.74,0.07,0.0,6.11,1407.0,0.282,3.0,Diabetes
41071,Yamhill,OR,10.45,31.5,17.4,60.2,37.15,8856.25,80125.0,10.8,0.95,0.62,16.57,107674.0,0.194,1.0,Uninsured
42001,Adams,PA,,,,62.7,,12221.05,78975.0,7.56,1.32,1.62,7.35,104604.0,,,
42003,Allegheny,PA,,,,64.6,,11978.3,72537.0,10.81,0.46,12.69,2.35,1245310.0,,,
42005,Armstrong,PA,,,,62.8,,11178.95,61011.0,10.26,0.53,1.05,0.85,65538.0,,,
42007,Beaver,PA,,,,64.95,,11830.96,67194.0,10.26,0.43,6.04,1.93,167629.0,,,
42009,Bedford,PA,,,,62.25,,11986.35,58337.0,10.65,1.42,0.73,1.26,47613.0,,,
42011,Berks,PA,,,,60.45,,12600.02,74617.0,11.46,1.11,4.92,23.21,428483.0,,,
42013,Blair,PA,,,,62.65,,12029.81,59386.0,12.83,1.02,1.9,1.4,122640.0,,,
42015,Bradford,PA,,,,63.35,,10210.04,60650.0,12.98,1.29,0.76,1.57,60159.0,,,
42017,Bucks,PA,,,,67.05,,12614.07,107826.0,5.55,0.45,3.9,5.92,645163.0,,,
42019,Butler,PA,,,,66.85,,11031.83,82932.0,7.67,0.27,1.12,1.74,194562.0,,,
42021,Cambria,PA,,,,63.55,,13217.94,54221.0,13.69,0.36,3.66,1.85,133263.0,,,
42023,Cameron,PA,,,,61.7,,11847.57,46186.0,14.86,0.07,0.04,2.01,4536.0,,,
42025,Carbon,PA,,,,62.55,,12807.35,64538.0,11.61,0.66,2.43,5.98,65018.0,,,
42027,Centre,PA,,,,63.85,,11502.44,70087.0,14.95,1.33,3.25,3.12,158665.0,,,
42029,Chester,PA,,,,69.4,,11818.64,118574.0,5.81,1.08,5.46,7.62,536474.0,,,
42031,Clarion,PA,,,,61.05,,9846.72,58690.0,13.18,1.95,1.62,1.12,37489.0,,,
42033,Clearfield,PA,,,,64.8,,11951.65,56982.0,12.89,0.78,2.32,2.9,79707.0,,,
42035,Clinton,PA,,,,61.2,,12007.48,59011.0,12.6,2.81,1.3,1.73,37860.0,,,
42037,Columbia,PA,,,,62.1,,11955.19,59457.0,14.34,1.01,1.85,3.42,64924.0,,,
42039,Crawford,PA,,,,63.5,,11304.06,58734.0,12.17,2.45,1.53,1.49,83876.0,,,
42041,Cumberland,PA,,,,69.25,,12101.43,82849.0,7.35,1.08,4.32,4.62,261269.0,,,
42043,Dauphin,PA,,,,64.7,,12263.09,71046.0,11.97,1.15,18.45,10.44,286108.0,,,
42045,Delaware,PA,,,,61.9,,12986.64,86390.0,9.31,0.67,22.01,4.33,575312.0,,,
42047,Elk,PA,,,,64.25,,11926.3,61672.0,8.85,0.06,0.71,0.84,30886.0,,,
42049,Erie,PA,,,,64.3,,11293.68,59396.0,14.66,0.41,6.96,4.67,270495.0,,,
42051,Fayette,PA,,,,60.8,,11908.2,55579.0,15.64,0.56,4.23,1.39,128417.0,,,
42053,Forest,PA,,,,61.65,,11194.46,46188.0,12.66,0.04,15.89,7.3,6959.0,,,
42055,Franklin,PA,,,,64.8,,12391.38,71808.0,8.88,2.74,3.43,6.48,156084.0,,,
42057,Fulton,PA,,,,62.15,,11885.22,63153.0,10.66,1.22,1.35,1.35,14545.0,,,
42059,Greene,PA,,,,63.25,,11877.86,66283.0,11.76,0.6,2.74,1.6,35781.0,,,
42061,Huntingdon,PA,,,,65.4,,11124.32,61300.0,10.02,0.94,4.67,2.11,44123.0,,,
42063,Indiana,PA,,,,62.45,,10752.64,57170.0,12.11,1.93,2.26,1.55,83394.0,,,
42065,Jefferson,PA,,,,61.3,,11199.96,56607.0,13.84,2.67,0.43,0.98,44326.0,,,
42067,Juniata,PA,,,,60.45,,11128.83,61915.0,8.85,5.54,1.18,4.19,23535.0,,,
42069,Lackawanna,PA,,,,66.1,,12470.55,63739.0,12.52,0.65,2.71,9.01,215672.0,,,
42071,Lancaster,PA,,,,62.75,,11487.85,81458.0,7.99,3.89,4.03,11.23,553202.0,,,
42073,Lawrence,PA,,,,59.9,,11943.07,57585.0,12.02,0.99,3.87,1.71,85907.0,,,
42075,Lebanon,PA,,,,62.3,,11653.39,72532.0,10.62,3.04,2.1,14.47,143258.0,,,
42077,Lehigh,PA,,,,62.6,,12378.9,74973.0,11.65,0.75,6.97,27.19,374110.0,,,
42079,Luzerne,PA,,,,61.3,,12693.91,60836.0,14.39,0.82,5.22,15.07,325396.0,,,
42081,Lycoming,PA,,,,65.05,,11148.45,63437.0,11.77,1.37,4.59,2.26,114022.0,,,
42083,McKean,PA,,,,61.65,,10115.6,57861.0,13.21,0.58,2.03,2.16,40459.0,,,
42085,Mercer,PA,,,,61.15,,12124.25,57353.0,12.67,1.33,5.58,1.6,110600.0,,,
42087,Mifflin,PA,,,,62.15,,11362.57,58012.0,16.41,5.25,0.62,1.79,46146.0,,,
42089,Monroe,PA,,,,64.45,,11762.31,80656.0,11.13,1.24,14.7,17.83,168128.0,,,
42091,Montgomery,PA,,,,66.15,,12654.78,107441.0,6.11,0.63,9.14,5.67,856399.0,,,
42093,Montour,PA,,,,65.25,,11104.18,72626.0,8.31,1.24,2.35,2.85,18165.0,,,
42095,Northampton,PA,,,,64.05,,12847.18,82201.0,8.83,0.46,5.75,14.7,314299.0,,,
42097,Northumberland,PA,,,,63.95,,12383.04,55952.0,11.9,1.22,2.63,4.25,91340.0,,,
42099,Perry,PA,,,,67.2,,10900.97,76103.0,8.08,3.48,0.85,2.36,45941.0,,,
42101,Philadelphia,PA,,,,64.9,,13596.72,57537.0,22.08,0.95,40.1,15.67,1593208.0,,,
42103,Pike,PA,,,,65.85,,10691.7,76416.0,9.92,0.78,6.05,11.95,58996.0,,,
42105,Potter,PA,,,,66.3,,9650.08,56491.0,12.05,1.6,0.47,1.56,16390.0,,,
42107,Schuylkill,PA,,,,64.1,,12467.93,63574.0,11.75,1.23,2.9,6.15,143201.0,,,
42109,Snyder,PA,,,,60.75,,12154.2,65914.0,7.79,3.68,0.85,2.34,39797.0,,,
42111,Somerset,PA,,,,63.0,,11799.28,57357.0,10.18,1.47,1.98,1.54,73802.0,,,
42113,Sullivan,PA,,,,65.1,,11093.12,62910.0,11.72,0.44,2.69,2.35,5880.0,,,
42115,Susquehanna,PA,,,,63.0,,10780.55,63968.0,11.04,0.84,0.35,1.92,38540.0,,,
42117,Tioga,PA,,,,64.65,,9972.36,59707.0,11.96,0.71,0.89,1.35,41186.0,,,
42119,Union,PA,,,,63.6,,11746.86,64914.0,8.7,3.23,6.57,5.61,42908.0,,,
42121,Venango,PA,,,,63.15,,11775.32,59278.0,13.11,0.7,1.21,1.12,50475.0,,,
42123,Warren,PA,,,,63.1,,11579.13,57925.0,11.4,0.75,0.77,1.37,38492.0,,,
42125,Washington,PA,,,,65.85,,11560.35,74403.0,9.25,0.47,3.22,1.87,209631.0,,,
42127,Wayne,PA,,,,62.3,,10916.24,59240.0,10.29,0.69,3.13,4.92,51227.0,,,
42129,Westmoreland,PA,,,,68.4,,11827.53,69454.0,9.53,0.3,2.49,1.36,354414.0,,,
42131,Wyoming,PA,,,,62.95,,10979.16,67968.0,10.87,0.38,0.91,2.15,26219.0,,,
42133,York,PA,,,,63.7,,12422.92,79183.0,8.43,0.73,6.01,8.52,457051.0,,,
44001,Bristol,RI,8.85,29.9,15.15,73.0,25.8,11874.67,105875.0,6.7,0.15,1.02,3.41,50658.0,0.128,1.0,Uninsured
44003,Kent,RI,10.7,34.15,16.5,73.25,32.85,12079.28,85732.0,7.44,0.38,2.02,6.29,170168.0,0.196,1.0,Uninsured
44005,Newport,RI,9.05,31.65,14.8,73.45,27.65,11655.1,96319.0,7.46,0.3,3.97,5.97,85442.0,0.149,1.0,Uninsured
44007,Providence,RI,11.1,32.0,18.15,68.35,33.55,11338.16,72579.0,13.05,0.73,8.94,24.47,657984.0,0.216,2.0,Poverty
44009,Washington,RI,8.05,30.45,15.05,74.75,27.5,11870.56,99510.0,7.5,0.15,1.12,3.57,129998.0,0.122,1.0,Uninsured
45001,Abbeville,SC,15.05,40.45,18.55,63.95,37.8,11913.44,49759.0,15.4,1.58,26.15,1.81,24368.0,0.364,4.0,Diabetes
45003,Aiken,SC,12.6,36.2,16.3,64.9,34.45,11453.93,63212.0,13.92,0.84,24.85,6.16,169865.0,0.277,3.0,Diabetes
45005,Allendale,SC,19.75,47.45,19.0,62.2,46.8,13674.7,37096.0,24.22,0.25,71.89,3.72,8073.0,0.522,4.0,Diabetes
45007,Anderson,SC,12.2,35.85,18.3,66.7,36.25,12690.68,62347.0,14.06,1.6,14.94,4.19,204592.0,0.276,3.0,Poverty
45009,Bamberg,SC,17.55,44.05,18.65,62.2,42.55,12665.84,43920.0,20.92,2.7,60.57,1.65,13311.0,0.469,4.0,Diabetes
45011,Barnwell,SC,17.65,43.05,19.65,61.25,44.25,14548.59,42470.0,24.77,1.06,44.24,2.81,20653.0,0.465,4.0,Diabetes
45013,Beaufort,SC,11.0,34.2,14.1,68.55,30.15,11130.88,81260.0,10.05,1.34,16.24,11.24,189071.0,0.223,2.0,Uninsured
45015,Berkeley,SC,12.4,35.55,16.9,68.6,37.85,12547.84,77874.0,10.72,1.42,23.34,7.29,231419.0,0.26,2.0,Diabetes
45017,Calhoun,SC,15.1,41.2,16.9,66.05,40.7,12115.77,55550.0,18.34,0.62,38.91,4.17,14145.0,0.374,4.0,Diabetes
45019,Charleston,SC,10.7,30.85,14.75,71.7,29.95,12441.48,78795.0,11.94,1.21,24.79,5.41,409840.0,0.201,1.0,Uninsured
45021,Cherokee,SC,13.95,37.85,19.25,63.6,38.8,11601.07,47011.0,17.65,0.88,19.67,4.92,56200.0,0.33,3.0,Diabetes
45023,Chester,SC,15.3,41.05,19.3,63.1,37.8,12916.36,50022.0,18.82,1.45,36.07,2.36,32171.0,0.387,4.0,Diabetes
45025,Chesterfield,SC,16.45,41.9,19.15,61.05,45.1,12391.97,46326.0,20.07,1.38,30.78,4.88,43536.0,0.418,4.0,Diabetes
45027,Clarendon,SC,17.3,44.4,18.6,63.5,38.2,13342.19,48677.0,18.7,0.87,45.57,3.37,31163.0,0.439,4.0,Diabetes
45029,Colleton,SC,15.55,41.05,18.65,61.25,39.2,12948.98,46795.0,16.23,2.86,34.83,3.83,38561.0,0.393,4.0,Diabetes
45031,Darlington,SC,16.05,42.1,18.5,63.65,45.6,12746.74,44317.0,19.82,0.64,41.01,2.37,63025.0,0.404,4.0,Diabetes
45033,Dillon,SC,18.8,45.3,20.8,61.45,45.3,12620.16,42454.0,31.21,1.41,46.37,3.15,28255.0,0.535,4.0,Diabetes
45035,Dorchester,SC,12.1,34.05,16.5,64.25,35.2,13388.82,73686.0,12.13,1.74,25.44,6.11,162139.0,0.254,2.0,Uninsured
45037,Edgefield,SC,14.9,38.0,17.65,63.85,39.8,12291.75,60033.0,15.56,0.95,32.51,6.88,26181.0,0.338,4.0,Diabetes
45039,Fairfield,SC,17.95,45.0,18.35,63.8,45.65,12051.35,44521.0,18.46,0.61,55.94,2.63,20942.0,0.45,4.0,Diabetes
45041,Florence,SC,14.35,40.6,18.15,66.55,40.65,12909.54,56088.0,17.4,0.94,42.83,2.94,137015.0,0.356,4.0,Hypertension
45043,Georgetown,SC,14.25,38.9,15.45,70.9,32.15,11474.32,59782.0,15.85,0.85,29.55,3.24,63594.0,0.334,3.0,Diabetes
45045,Greenville,SC,11.45,34.1,16.4,67.0,32.5,11999.92,71328.0,10.66,1.32,17.22,9.87,528251.0,0.232,2.0,Uninsured
45047,Greenwood,SC,14.2,38.6,17.7,64.2,37.15,11971.25,47553.0,16.59,0.73,31.73,6.52,69309.0,0.333,3.0,Diabetes
45049,Hampton,SC,18.65,44.35,19.05,60.0,41.6,12657.16,40157.0,19.13,1.38,52.72,4.92,18890.0,0.468,4.0,Diabetes
45051,Horry,SC,12.9,37.85,17.8,67.6,32.35,12315.6,59880.0,12.87,1.53,12.35,6.27,356578.0,0.296,3.0,Hypertension
45053,Jasper,SC,15.1,39.8,16.65,65.55,35.2,10502.09,60452.0,17.2,1.15,37.34,14.1,29444.0,0.364,4.0,Diabetes
45055,Kershaw,SC,13.45,37.6,17.35,64.5,36.45,12023.87,61343.0,14.36,0.89,22.89,5.16,65779.0,0.304,3.0,Diabetes
45057,Lancaster,SC,12.7,34.4,16.55,64.15,35.95,12377.06,72186.0,11.83,0.89,19.72,6.25,97611.0,0.257,2.0,Diabetes
45059,Laurens,SC,14.3,38.2,18.55,63.7,36.3,13200.69,52077.0,18.21,1.43,23.07,5.6,67456.0,0.346,4.0,Diabetes
45061,Lee,SC,18.5,46.0,19.25,60.1,43.9,13125.43,39099.0,25.65,0.79,62.87,2.59,16557.0,0.502,4.0,Diabetes
45063,Lexington,SC,11.4,35.15,16.7,67.55,36.05,12422.36,71280.0,11.48,1.11,15.05,6.48,295934.0,0.241,2.0,Uninsured
45065,McCormick,SC,17.1,44.95,15.8,67.7,37.6,10141.81,55569.0,14.93,0.23,43.46,0.62,9612.0,0.416,4.0,Diabetes
45067,Marion,SC,19.85,46.5,20.05,58.5,45.25,12876.91,35972.0,27.13,2.1,56.32,3.27,29212.0,0.549,4.0,Diabetes
45069,Marlboro,SC,18.95,46.9,20.05,60.9,40.95,13313.19,34275.0,25.33,0.78,49.4,3.45,26585.0,0.515,4.0,Diabetes
45071,Newberry,SC,14.6,39.75,17.7,63.15,38.35,11334.0,56706.0,15.03,0.9,30.12,8.13,37918.0,0.343,4.0,Diabetes
45073,Oconee,SC,13.35,35.85,16.9,65.15,38.2,11439.49,56710.0,15.54,1.07,6.74,5.82,78775.0,0.297,3.0,Diabetes
45075,Orangeburg,SC,17.35,44.85,18.75,64.15,42.65,12125.34,41020.0,24.03,0.63,61.49,2.47,84159.0,0.466,4.0,Diabetes
45077,Pickens,SC,11.75,34.45,18.2,63.3,36.35,12197.66,57628.0,15.93,1.02,6.25,4.16,131106.0,0.262,2.0,Poverty
45079,Richland,SC,13.0,36.75,16.55,69.05,35.25,12148.57,59850.0,15.67,1.05,47.29,5.43,416161.0,0.298,3.0,Poverty
45081,Saluda,SC,15.05,39.1,17.35,61.25,43.55,10998.1,51041.0,17.67,3.33,23.05,16.12,18952.0,0.382,4.0,Diabetes
45083,Spartanburg,SC,12.8,36.85,17.6,66.05,37.9,11614.62,61955.0,14.07,1.54,20.29,7.58,330119.0,0.293,3.0,Diabetes
45085,Sumter,SC,14.8,40.0,17.85,64.4,42.95,12605.56,53970.0,15.99,0.55,45.86,4.29,105199.0,0.349,4.0,Diabetes
45087,Union,SC,17.05,44.0,19.75,62.5,43.9,12434.95,42305.0,20.71,1.48,29.14,1.83,27158.0,0.447,4.0,Diabetes
45089,Williamsburg,SC,18.35,46.8,18.8,62.7,45.05,13361.24,40848.0,22.35,0.66,63.62,2.95,30879.0,0.489,4.0,Diabetes
45091,York,SC,11.05,33.95,16.3,63.8,37.05,11890.78,80158.0,8.3,0.76,18.9,6.3,282987.0,0.208,1.0,Uninsured
46003,Aurora,SD,11.0,31.9,15.65,65.3,36.55,12821.85,71490.0,4.94,1.27,1.27,6.64,2590.0,0.182,1.0,Uninsured
46005,Beadle,SD,12.35,32.7,15.95,59.45,35.4,10416.9,63813.0,9.49,1.92,0.59,11.76,19089.0,0.238,2.0,Uninsured
46007,Bennett,SD,18.0,37.85,20.7,54.7,42.75,12659.61,44821.0,29.22,9.82,0.18,9.29,3391.0,0.541,4.0,Uninsured
46009,Bon Homme,SD,11.75,34.35,15.9,57.5,37.25,11475.56,57554.0,8.98,1.17,1.64,2.91,7018.0,0.23,2.0,Uninsured
46011,Brookings,SD,9.1,27.05,15.55,65.15,37.6,11016.11,64438.0,11.33,0.84,1.07,3.87,34631.0,0.14,1.0,Uninsured
46013,Brown,SD,10.35,29.9,15.25,64.65,35.3,12470.04,70379.0,10.25,0.83,2.45,3.82,38278.0,0.177,1.0,Uninsured
46015,Brule,SD,11.75,33.7,16.15,59.15,38.35,10656.67,64821.0,13.47,2.23,1.32,1.79,5247.0,0.257,2.0,Uninsured
46017,Buffalo,SD,18.1,36.75,22.7,49.8,48.75,16505.49,42917.0,36.2,9.68,0.0,8.28,1859.0,0.566,4.0,Poverty
46019,Butte,SD,11.25,33.0,16.5,60.25,35.75,9540.51,58106.0,8.11,3.45,0.0,4.25,10369.0,0.23,2.0,Uninsured
46021,Campbell,SD,11.45,34.15,14.15,63.0,33.35,8447.53,66932.0,5.61,0.26,0.0,3.98,1534.0,0.198,1.0,Diabetes
46023,Charles Mix,SD,13.85,35.55,17.65,56.75,40.7,13097.83,60729.0,22.03,5.38,0.13,3.97,9302.0,0.377,4.0,Uninsured
46025,Clark,SD,11.5,32.85,15.65,60.6,34.2,10229.55,59340.0,9.15,0.6,0.55,4.09,3837.0,0.21,2.0,Uninsured
46027,Clay,SD,9.2,27.25,17.05,63.25,37.25,10360.21,55963.0,17.86,0.46,1.73,2.21,14953.0,0.17,1.0,Poverty
46029,Codington,SD,11.05,30.9,15.8,62.75,36.05,11655.84,65747.0,10.77,1.37,0.6,3.44,28402.0,0.203,1.0,Uninsured
46031,Corson,SD,19.1,39.05,21.55,49.0,43.9,10789.56,48125.0,43.19,3.94,0.1,0.36,3906.0,0.576,4.0,Poverty
46033,Custer,SD,11.4,34.3,14.0,62.2,33.75,11010.19,75943.0,8.14,2.56,0.38,4.25,8515.0,0.233,2.0,Uninsured
46035,Davison,SD,11.05,33.05,15.9,61.35,38.3,9570.53,55606.0,14.55,1.23,0.5,3.84,19966.0,0.235,2.0,Poverty
46037,Day,SD,12.6,34.6,15.95,62.05,35.0,12040.81,57558.0,14.38,1.26,0.13,2.46,5485.0,0.272,3.0,Poverty
46039,Deuel,SD,10.5,31.3,15.3,61.1,33.35,11414.88,76997.0,5.68,1.28,0.09,3.68,4298.0,0.172,1.0,Uninsured
46041,Dewey,SD,18.0,38.25,21.0,53.65,43.75,17284.71,55077.0,30.5,5.08,0.36,1.02,5275.0,0.503,4.0,Diabetes
46043,Douglas,SD,11.85,34.25,15.8,62.4,35.5,10699.52,75048.0,13.96,8.64,1.66,2.09,2823.0,0.328,3.0,Uninsured
46045,Edmunds,SD,10.75,32.55,15.0,60.1,33.7,10747.67,76806.0,7.03,0.02,0.35,1.79,4014.0,0.179,1.0,Uninsured
46047,Fall River,SD,13.65,37.5,15.85,60.9,37.8,11453.47,54886.0,18.58,2.9,0.0,4.0,7079.0,0.347,4.0,Poverty
46049,Faulk,SD,12.6,34.75,16.55,60.2,36.55,13895.25,56734.0,23.08,1.12,0.0,1.87,2140.0,0.312,3.0,Poverty
46051,Grant,SD,11.1,32.55,14.85,62.95,37.4,11518.26,70851.0,9.61,1.53,0.19,4.65,7533.0,0.212,2.0,Uninsured
46053,Gregory,SD,12.15,34.45,16.1,61.25,36.25,12318.45,48272.0,12.63,0.68,0.9,1.93,3983.0,0.25,2.0,Diabetes
46055,Haakon,SD,11.65,33.65,15.75,59.4,34.05,12243.07,53109.0,10.43,1.14,1.82,0.06,1755.0,0.23,2.0,Uninsured
46057,Hamlin,SD,9.55,29.1,15.5,64.9,34.85,11013.09,76995.0,7.18,3.5,0.23,5.34,6196.0,0.169,1.0,Uninsured
46059,Hand,SD,10.35,31.8,14.65,63.55,34.15,12140.73,72857.0,7.54,1.46,0.13,4.88,3075.0,0.184,1.0,Uninsured
46061,Hanson,SD,11.0,31.8,16.35,64.25,36.2,8506.69,86827.0,6.01,2.03,0.0,0.03,3443.0,0.193,1.0,Uninsured
46063,Harding,SD,9.85,30.8,14.55,63.55,35.2,5441.94,71484.0,6.38,0.34,0.0,1.96,1176.0,0.152,1.0,Uninsured
46065,Hughes,SD,9.9,29.85,14.95,63.1,33.95,11047.67,83750.0,9.41,1.72,0.04,3.4,17812.0,0.173,1.0,Uninsured
46067,Hutchinson,SD,10.7,31.95,15.3,63.05,34.5,11350.68,69139.0,9.47,0.59,0.0,2.53,7401.0,0.191,1.0,Uninsured
46069,Hyde,SD,11.9,33.6,16.25,62.4,35.55,10332.32,69712.0,6.44,1.44,1.52,3.94,1319.0,0.218,2.0,Uninsured
46071,Jackson,SD,17.85,39.05,21.25,54.05,41.35,16934.12,26078.0,37.28,4.3,0.28,0.81,2838.0,0.53,4.0,Poverty
46073,Jerauld,SD,11.6,34.0,14.65,63.3,35.75,10513.25,66607.0,8.88,0.71,0.0,7.35,1836.0,0.22,2.0,Uninsured
46075,Jones,SD,12.4,35.85,15.5,62.35,35.45,6790.35,61250.0,14.81,4.87,1.39,0.0,1006.0,0.316,3.0,Uninsured
46077,Kingsbury,SD,10.6,31.9,15.3,63.55,35.7,10036.68,65964.0,9.09,1.04,0.0,2.84,5172.0,0.192,1.0,Uninsured
46079,Lake,SD,10.55,32.5,14.45,66.35,32.85,11813.88,74884.0,9.24,0.24,0.37,2.8,11207.0,0.188,1.0,Uninsured
46081,Lawrence,SD,10.1,30.05,14.8,63.6,32.9,9689.36,62977.0,10.73,1.22,0.71,3.77,26047.0,0.18,1.0,Uninsured
46083,Lincoln,SD,8.45,28.1,13.8,67.9,34.85,11984.91,92317.0,6.38,0.53,2.29,2.67,65801.0,0.11,1.0,Uninsured
46085,Lyman,SD,14.5,36.25,17.8,56.95,40.4,7649.84,60284.0,24.71,6.16,0.0,1.21,3719.0,0.413,4.0,Uninsured
46087,McCook,SD,9.9,30.25,14.9,63.3,36.0,11552.1,74873.0,8.12,1.33,0.26,4.43,5714.0,0.166,1.0,Uninsured
46089,McPherson,SD,12.45,35.5,15.6,61.25,35.45,11725.0,58529.0,12.39,1.16,1.87,1.02,2251.0,0.266,3.0,Diabetes
46091,Marshall,SD,11.1,32.3,15.05,61.4,35.8,13481.08,74018.0,7.31,0.39,0.16,8.55,4363.0,0.188,1.0,Uninsured
46093,Meade,SD,9.05,30.25,16.05,60.35,30.65,10957.39,70256.0,7.19,1.35,1.82,4.54,29970.0,0.148,1.0,Uninsured
46095,Mellette,SD,19.7,40.65,21.3,48.5,45.9,9916.71,41397.0,47.01,1.11,0.25,0.65,1989.0,0.587,4.0,Poverty
46097,Miner,SD,11.5,33.65,15.75,64.1,35.95,11565.82,62037.0,10.21,1.08,0.56,2.9,2312.0,0.225,2.0,Uninsured
46099,Minnehaha,SD,10.3,31.1,15.85,63.4,37.25,11521.86,73110.0,8.48,1.49,6.25,5.57,197742.0,0.183,1.0,Uninsured
46101,Moody,SD,10.85,31.2,14.95,62.65,33.6,12575.9,71469.0,9.44,2.27,0.79,4.84,6346.0,0.205,1.0,Uninsured
46102,Oglala Lakota,SD,22.45,40.7,25.1,42.1,47.35,17629.81,32279.0,55.1,10.33,0.06,5.27,13695.0,0.763,4.0,Poverty
46103,Pennington,SD,11.0,32.25,15.4,63.3,33.7,10613.34,67823.0,11.9,1.69,1.34,5.65,110386.0,0.221,2.0,Uninsured
46105,Perkins,SD,12.15,33.9,15.8,58.65,36.05,10654.77,64410.0,11.75,2.02,0.0,0.44,2970.0,0.255,2.0,Uninsured
46107,Potter,SD,11.05,33.1,14.85,65.3,35.05,12985.23,71786.0,6.73,2.71,1.51,0.0,2587.0,0.214,2.0,Uninsured
46109,Roberts,SD,14.55,36.3,17.8,58.7,43.25,11405.44,59022.0,20.36,4.89,0.46,0.98,10242.0,0.381,4.0,Uninsured
46111,Sanborn,SD,11.1,32.5,15.65,61.2,36.15,9734.71,65806.0,8.47,1.69,0.0,3.83,2373.0,0.208,1.0,Uninsured
46115,Spink,SD,11.2,33.2,15.35,59.1,36.1,10816.36,65795.0,10.43,0.8,1.12,3.27,6355.0,0.215,2.0,Uninsured
46117,Stanley,SD,9.8,30.4,14.8,61.35,35.2,11052.73,82298.0,3.22,0.0,0.3,4.4,2979.0,0.13,1.0,Uninsured
46119,Sully,SD,10.7,33.25,14.6,64.8,34.85,11004.46,66875.0,8.42,0.76,5.46,0.0,1318.0,0.197,1.0,Uninsured
46121,Todd,SD,21.8,40.1,24.25,42.55,49.75,14267.92,33792.0,51.26,3.43,0.01,4.19,9353.0,0.662,4.0,Poverty
46123,Tripp,SD,13.45,36.0,17.05,56.4,37.4,11227.21,56758.0,20.94,1.64,0.64,1.02,5607.0,0.331,3.0,Poverty
46125,Turner,SD,10.55,31.5,15.4,61.65,33.95,12431.91,72312.0,8.98,1.02,0.58,2.33,8687.0,0.187,1.0,Uninsured
46127,Union,SD,9.6,29.6,14.4,63.3,31.1,10737.46,82036.0,8.14,1.24,0.43,4.14,16700.0,0.156,1.0,Uninsured
46129,Walworth,SD,11.8,33.1,15.55,61.75,34.5,11435.56,57697.0,12.94,2.76,2.18,2.05,5317.0,0.256,2.0,Uninsured
46135,Yankton,SD,10.6,32.25,15.1,60.85,38.55,10350.36,68847.0,7.42,1.55,1.24,5.27,23311.0,0.192,1.0,Uninsured
46137,Ziebach,SD,18.4,39.2,21.55,46.45,47.4,13439.78,46023.0,41.34,3.67,0.0,6.76,2455.0,0.554,4.0,Poverty
47001,Anderson,TN,12.8,39.15,20.65,59.25,41.95,11825.48,60633.0,15.08,0.8,3.16,3.44,77337.0,0.307,3.0,Hypertension
47003,Bedford,TN,12.9,38.25,20.65,59.3,44.4,12188.65,59955.0,12.22,2.51,6.47,13.57,50533.0,0.306,3.0,Hypertension
47005,Benton,TN,14.75,41.85,21.8,57.15,40.65,12415.61,47737.0,17.79,0.67,1.91,1.81,15933.0,0.371,4.0,Hypertension
47007,Bledsoe,TN,15.55,42.5,21.95,54.45,41.6,13156.23,51783.0,23.95,1.72,5.7,3.02,14816.0,0.428,4.0,Poverty
47009,Blount,TN,12.0,37.75,19.35,63.2,36.2,11462.94,70935.0,8.46,1.74,2.64,3.85,135951.0,0.262,2.0,Hypertension
47011,Bradley,TN,12.45,38.9,20.2,56.55,41.5,12893.58,60692.0,12.98,1.48,4.83,6.9,108859.0,0.296,3.0,Hypertension
47013,Campbell,TN,14.15,40.5,22.45,54.1,42.4,11925.15,48258.0,18.97,0.9,0.3,1.68,39397.0,0.359,4.0,Hypertension
47015,Cannon,TN,13.2,38.9,21.25,58.7,42.8,13273.4,57651.0,14.97,1.84,2.48,2.74,14481.0,0.322,3.0,Hypertension
47017,Carroll,TN,13.8,39.5,21.0,59.4,42.95,12834.08,49700.0,15.86,0.85,8.88,3.1,28381.0,0.331,3.0,Hypertension
47019,Carter,TN,14.2,41.4,21.25,58.85,37.95,12536.88,47994.0,17.57,1.3,2.17,2.71,56315.0,0.364,4.0,Hypertension
47021,Cheatham,TN,11.45,36.15,19.45,61.65,39.15,11772.68,77014.0,9.23,1.26,1.92,3.84,41184.0,0.24,2.0,Hypertension
47023,Chester,TN,13.2,38.65,21.6,59.8,39.5,11243.54,57471.0,14.58,0.97,10.32,2.94,17392.0,0.31,3.0,Hypertension
47025,Claiborne,TN,13.65,40.15,21.55,59.2,42.3,11845.49,42406.0,17.52,0.31,0.85,1.5,32092.0,0.335,3.0,Hypertension
47027,Clay,TN,15.4,42.85,21.7,57.65,39.9,11919.08,39572.0,21.97,1.0,0.7,2.78,7592.0,0.412,4.0,Hypertension
47029,Cocke,TN,15.2,41.85,22.35,58.4,40.05,11710.44,45110.0,19.78,1.15,1.2,2.84,36186.0,0.393,4.0,Hypertension
47031,Coffee,TN,12.8,39.4,20.65,59.5,39.45,13424.19,57424.0,16.7,1.4,3.87,5.22,58080.0,0.322,3.0,Hypertension
47033,Crockett,TN,14.15,40.2,20.7,58.95,42.15,12343.94,59136.0,15.39,1.86,11.06,11.54,13955.0,0.35,4.0,Hypertension
47035,Cumberland,TN,14.5,43.15,20.15,58.95,39.65,10709.12,56002.0,12.5,0.96,0.93,3.22,61552.0,0.354,4.0,Hypertension
47037,Davidson,TN,11.45,33.85,19.0,59.7,32.4,12523.17,71863.0,13.91,1.71,26.33,10.6,709786.0,0.25,2.0,Uninsured
47039,Decatur,TN,15.65,42.55,21.85,56.55,42.9,15496.47,48466.0,18.88,0.67,2.35,3.55,11483.0,0.396,4.0,Hypertension
47041,DeKalb,TN,14.45,40.9,21.55,56.7,40.15,11510.44,46907.0,19.79,0.7,1.73,8.4,20209.0,0.369,4.0,Hypertension
47043,Dickson,TN,11.75,35.7,20.15,59.5,37.35,12033.29,68492.0,10.72,1.5,3.95,4.22,54563.0,0.251,2.0,Uninsured
47045,Dyer,TN,13.75,40.5,21.35,61.6,39.4,13792.01,53150.0,16.07,1.38,13.28,3.75,36818.0,0.343,4.0,Hypertension
47047,Fayette,TN,13.95,41.25,18.7,62.55,38.85,11820.72,81074.0,9.57,0.84,27.02,3.16,42228.0,0.316,3.0,Hypertension
47049,Fentress,TN,14.95,41.6,21.9,54.65,44.7,12551.61,47884.0,19.7,1.08,0.32,1.85,18642.0,0.386,4.0,Hypertension
47051,Franklin,TN,12.7,38.4,20.3,61.45,35.4,12754.45,57933.0,13.65,1.02,4.89,3.76,42980.0,0.296,3.0,Hypertension
47053,Gibson,TN,13.6,39.35,20.8,58.85,39.5,12270.88,55455.0,13.6,1.45,15.98,3.02,50455.0,0.322,3.0,Hypertension
47055,Giles,TN,13.8,40.0,20.75,62.7,39.85,12728.32,56877.0,13.09,0.56,9.14,3.3,30317.0,0.318,3.0,Hypertension
47057,Grainger,TN,13.9,39.8,21.15,55.3,40.95,11243.86,47098.0,17.41,0.69,1.35,3.65,23648.0,0.34,4.0,Hypertension
47059,Greene,TN,13.75,39.1,20.9,58.35,40.6,11540.15,51975.0,15.13,1.06,1.73,3.25,70399.0,0.326,3.0,Hypertension
47061,Grundy,TN,14.8,41.4,22.4,56.9,40.5,12801.93,47948.0,17.87,1.54,0.36,1.59,13550.0,0.378,4.0,Hypertension
47063,Hamblen,TN,14.05,39.25,21.2,57.55,40.4,11282.45,49656.0,16.85,1.21,3.3,12.29,64531.0,0.341,4.0,Diabetes
47065,Hamilton,TN,11.85,36.45,18.4,63.95,34.5,13051.88,69069.0,11.94,0.93,17.89,6.23,367193.0,0.258,2.0,Hypertension
47067,Hancock,TN,17.95,45.8,24.45,55.0,42.8,11949.78,31809.0,31.33,0.31,0.55,0.7,6726.0,0.513,4.0,Poverty
47069,Hardeman,TN,16.15,44.2,21.2,57.0,43.75,12233.24,43566.0,13.77,1.02,39.72,1.99,25519.0,0.396,4.0,Hypertension
47071,Hardin,TN,14.95,41.65,21.9,57.45,38.05,12035.79,46902.0,18.99,1.64,3.39,2.63,26824.0,0.388,4.0,Hypertension
47073,Hawkins,TN,14.2,40.45,21.2,58.1,40.9,11238.36,53647.0,16.65,0.61,1.04,1.78,57107.0,0.346,4.0,Hypertension
47075,Haywood,TN,18.6,48.0,21.9,59.35,46.6,15806.11,44890.0,21.62,0.96,50.24,4.3,17806.0,0.501,4.0,Diabetes
47077,Henderson,TN,14.0,40.35,21.2,55.5,38.7,16804.43,51576.0,17.68,2.04,8.15,2.7,27845.0,0.36,4.0,Hypertension
47079,Henry,TN,14.75,41.0,21.05,59.8,38.15,11627.13,48025.0,17.74,1.06,7.41,2.84,32305.0,0.368,4.0,Hypertension
47081,Hickman,TN,12.95,39.25,21.1,60.55,38.25,12975.85,54669.0,13.32,1.4,3.5,2.88,24996.0,0.308,3.0,Hypertension
47083,Houston,TN,13.2,39.35,21.0,59.9,39.35,18801.65,51544.0,12.92,0.9,3.4,2.84,8253.0,0.306,3.0,Hypertension
47085,Humphreys,TN,13.45,39.4,21.2,59.85,41.0,13528.08,54185.0,11.73,1.54,1.25,2.72,19032.0,0.312,3.0,Hypertension
47087,Jackson,TN,14.9,40.9,21.5,57.3,39.2,12418.29,42357.0,19.32,0.59,0.69,2.42,11730.0,0.373,4.0,Diabetes
47089,Jefferson,TN,12.2,37.85,20.4,60.2,37.25,11314.34,60393.0,10.76,0.8,1.68,3.87,55017.0,0.267,3.0,Hypertension
47091,Johnson,TN,15.45,42.55,21.55,60.65,39.85,11339.13,47571.0,19.27,1.65,3.65,2.25,17982.0,0.404,4.0,Hypertension
47093,Knox,TN,11.55,35.7,19.25,66.15,33.8,12055.66,68580.0,12.08,0.8,8.25,4.76,481406.0,0.247,2.0,Hypertension
47095,Lake,TN,18.4,47.55,23.6,53.1,47.25,12683.1,32064.0,18.57,0.49,25.67,2.9,6898.0,0.476,4.0,Diabetes
47097,Lauderdale,TN,16.15,43.85,22.25,56.45,47.2,14602.95,46702.0,16.36,0.58,34.38,2.88,25171.0,0.402,4.0,Hypertension
47099,Lawrence,TN,13.65,39.7,21.9,58.95,41.4,14144.83,51038.0,15.82,3.22,1.42,2.54,44377.0,0.353,4.0,Hypertension
47101,Lewis,TN,13.4,39.0,21.55,52.85,39.15,12634.24,44613.0,18.51,2.41,1.18,2.63,12637.0,0.348,4.0,Poverty
47103,Lincoln,TN,13.25,39.05,20.2,59.85,40.4,12722.71,61374.0,11.73,1.54,6.22,3.85,35365.0,0.306,3.0,Hypertension
47105,Loudon,TN,12.95,39.95,18.3,64.8,36.5,11605.07,75008.0,11.74,0.62,1.39,9.56,55507.0,0.298,3.0,Hypertension
47107,McMinn,TN,13.9,40.4,21.0,60.95,46.8,11657.31,57982.0,13.28,1.25,3.48,4.52,53532.0,0.331,3.0,Hypertension
47109,McNairy,TN,14.55,41.3,21.85,58.75,39.35,11988.29,46920.0,16.46,0.93,5.87,2.44,25895.0,0.36,4.0,Hypertension
47111,Macon,TN,13.65,37.75,22.3,56.1,42.85,13113.97,51215.0,16.25,0.43,0.7,5.33,25365.0,0.313,3.0,Diabetes
47113,Madison,TN,15.15,41.95,20.0,59.85,44.05,12118.86,55280.0,17.42,1.22,37.19,4.28,98644.0,0.382,4.0,Hypertension
47115,Marion,TN,14.4,40.65,21.25,56.45,40.4,12318.08,58139.0,16.09,0.33,2.9,2.11,28852.0,0.345,4.0,Hypertension
47117,Marshall,TN,12.65,38.05,20.5,60.25,39.75,12176.86,65325.0,15.34,0.72,4.71,6.03,34567.0,0.297,3.0,Hypertension
47119,Maury,TN,11.7,37.2,19.4,62.5,35.0,11862.98,71500.0,8.76,1.71,10.86,6.61,102002.0,0.254,2.0,Hypertension
47121,Meigs,TN,14.05,41.4,21.5,59.25,40.6,11504.06,59434.0,15.3,0.79,2.38,1.21,12839.0,0.345,4.0,Hypertension
47123,Monroe,TN,14.05,41.55,21.5,58.1,38.95,10984.48,52123.0,15.56,0.74,1.85,4.57,46489.0,0.347,4.0,Hypertension
47125,Montgomery,TN,11.3,35.1,19.65,61.45,38.45,10984.51,67890.0,11.67,1.2,20.17,10.71,222305.0,0.24,2.0,Uninsured
47127,Moore,TN,13.0,39.2,19.95,57.45,38.6,11070.85,69250.0,9.76,1.13,3.66,0.47,6558.0,0.289,3.0,Hypertension
47129,Morgan,TN,13.6,40.15,21.45,58.25,43.2,11073.01,51971.0,18.45,0.68,4.91,1.64,21124.0,0.342,4.0,Hypertension
47131,Obion,TN,14.6,40.7,21.35,58.7,40.2,13766.4,50638.0,15.87,1.16,10.55,5.09,30670.0,0.356,4.0,Hypertension
47133,Overton,TN,14.05,40.5,21.9,55.8,40.75,11634.4,46580.0,17.01,1.12,1.25,1.86,22576.0,0.35,4.0,Hypertension
47135,Perry,TN,14.7,41.35,22.05,58.05,39.95,12185.43,55978.0,13.9,2.42,0.36,1.01,8432.0,0.366,4.0,Hypertension
47137,Pickett,TN,16.2,43.6,21.65,59.55,41.85,12879.01,44317.0,20.69,0.06,0.28,2.22,5042.0,0.416,4.0,Hypertension
47139,Polk,TN,13.4,40.4,21.1,59.1,43.35,11382.96,53775.0,12.61,1.74,0.41,2.24,17620.0,0.324,3.0,Hypertension
47141,Putnam,TN,12.05,36.45,20.65,56.9,38.15,12241.32,54371.0,15.59,1.16,2.22,6.73,80157.0,0.281,3.0,Poverty
47143,Rhea,TN,14.25,40.55,21.4,57.75,42.45,11464.72,55568.0,15.3,1.18,1.72,5.5,33031.0,0.347,4.0,Hypertension
47145,Roane,TN,12.9,39.5,19.85,62.3,36.9,11199.42,66460.0,12.02,0.23,2.7,2.23,53777.0,0.291,3.0,Hypertension
47147,Robertson,TN,11.9,36.6,19.9,59.5,36.7,12876.98,74440.0,10.19,1.28,7.18,7.69,73297.0,0.255,2.0,Hypertension
47149,Rutherford,TN,11.0,34.45,19.4,59.15,38.0,11917.65,78291.0,9.67,1.42,15.23,9.13,343727.0,0.224,2.0,Uninsured
47151,Scott,TN,15.3,41.95,23.75,55.3,43.25,12714.47,39744.0,25.09,2.35,0.32,0.23,21917.0,0.432,4.0,Poverty
47153,Sequatchie,TN,14.9,41.35,21.7,55.9,39.3,13082.36,53038.0,21.91,2.09,0.53,3.95,16065.0,0.403,4.0,Poverty
47155,Sevier,TN,12.95,37.75,20.55,59.95,38.25,10720.08,60103.0,13.07,1.25,0.94,6.89,98455.0,0.295,3.0,Hypertension
47157,Shelby,TN,15.25,42.0,19.45,61.5,39.65,12989.48,59621.0,17.8,1.74,53.78,6.78,926440.0,0.391,4.0,Hypertension
47159,Smith,TN,12.35,36.85,20.75,57.25,38.8,11545.84,57677.0,14.72,0.72,1.88,3.19,20034.0,0.28,3.0,Hypertension
47161,Stewart,TN,12.5,38.25,20.15,58.25,37.9,11963.7,57257.0,11.27,2.19,0.74,3.58,13724.0,0.292,3.0,Hypertension
47163,Sullivan,TN,13.55,38.75,20.3,60.5,37.75,11778.57,54357.0,14.97,0.34,1.99,2.23,158722.0,0.312,3.0,Hypertension
47165,Sumner,TN,11.35,35.2,18.9,63.5,40.4,13140.59,81883.0,9.3,1.2,8.42,5.66,196845.0,0.231,2.0,Uninsured
47167,Tipton,TN,13.25,40.35,20.45,60.05,43.85,12755.21,70674.0,10.65,1.31,18.51,2.94,61116.0,0.308,3.0,Hypertension
47169,Trousdale,TN,12.0,36.6,21.15,59.55,39.2,15074.5,62018.0,9.0,0.54,11.8,2.93,11596.0,0.244,2.0,Hypertension
47171,Unicoi,TN,14.55,41.45,21.0,58.7,39.2,11676.05,49855.0,16.14,0.4,0.3,5.87,17845.0,0.354,4.0,Hypertension
47173,Union,TN,13.15,38.4,21.25,58.6,40.0,10268.64,57094.0,15.66,0.75,0.55,1.98,19860.0,0.31,3.0,Hypertension
47175,Van Buren,TN,13.9,40.95,21.1,55.65,38.95,13483.03,44730.0,16.37,3.83,0.13,0.91,6182.0,0.375,4.0,Hypertension
47177,Warren,TN,14.3,39.85,21.35,56.75,42.15,12387.84,52948.0,16.56,2.3,2.78,9.49,41163.0,0.359,4.0,Hypertension
47179,Washington,TN,12.0,35.35,20.15,61.2,35.9,11380.58,58507.0,15.18,0.87,3.7,3.88,133282.0,0.267,3.0,Poverty
47181,Wayne,TN,14.1,40.25,21.4,55.9,40.35,13038.65,49360.0,17.38,1.0,4.81,2.36,16325.0,0.35,4.0,Hypertension
47183,Weakley,TN,13.35,37.55,21.8,58.5,40.1,13579.53,47769.0,17.59,0.97,7.87,3.0,32946.0,0.318,3.0,Poverty
47185,White,TN,14.0,40.25,21.65,56.9,39.55,12011.7,48220.0,16.79,2.21,1.8,2.92,27420.0,0.357,4.0,Hypertension
47187,Williamson,TN,9.25,33.05,15.55,65.45,29.05,11110.96,125943.0,4.15,0.67,3.91,5.1,248897.0,0.15,1.0,Uninsured
47189,Wilson,TN,10.55,34.05,18.15,60.1,30.95,12596.32,89462.0,8.16,1.28,7.02,5.04,149096.0,0.205,1.0,Uninsured
48001,Anderson,TX,13.45,37.8,18.6,53.75,39.7,12974.01,57445.0,12.25,2.5,19.33,18.33,58077.0,0.312,3.0,Diabetes
48003,Andrews,TX,12.8,32.25,18.05,53.35,36.65,12163.36,86458.0,11.86,6.5,2.27,57.93,18362.0,0.299,3.0,Uninsured
48005,Angelina,TX,13.95,39.6,20.1,54.95,40.9,15375.2,57055.0,15.63,3.35,12.61,22.97,86608.0,0.358,4.0,Hypertension
48007,Aransas,TX,13.65,38.5,17.0,57.1,36.2,12442.0,58168.0,17.64,2.96,0.84,28.9,24048.0,0.35,4.0,Poverty
48009,Archer,TX,11.3,34.9,18.1,58.0,34.8,14976.01,69954.0,12.19,3.28,0.58,8.61,8649.0,0.262,2.0,Uninsured
48011,Armstrong,TX,11.0,34.2,17.3,61.15,33.3,13816.2,70417.0,5.7,0.1,0.84,9.41,1912.0,0.19,1.0,Hypertension
48013,Atascosa,TX,14.7,35.7,17.3,51.95,42.2,13637.17,67442.0,13.84,3.34,1.01,65.66,49403.0,0.334,3.0,Diabetes
48015,Austin,TX,13.25,36.45,17.6,58.3,37.4,12726.11,73556.0,11.82,3.04,8.98,28.19,30406.0,0.302,3.0,Uninsured
48017,Bailey,TX,14.9,34.5,17.95,54.15,39.15,14948.17,69830.0,12.33,13.6,0.51,67.92,6902.0,0.423,4.0,Uninsured
48019,Bandera,TX,13.25,37.25,16.95,60.05,35.45,11014.08,70965.0,14.01,2.04,0.95,20.5,21182.0,0.308,3.0,Diabetes
48021,Bastrop,TX,12.7,34.4,17.3,57.1,40.15,12672.34,80151.0,11.64,4.07,6.35,41.22,98435.0,0.287,3.0,Uninsured
48023,Baylor,TX,13.25,37.75,18.75,60.85,36.3,19520.18,52716.0,11.37,4.03,1.47,11.22,3475.0,0.319,3.0,Uninsured
48025,Bee,TX,14.25,34.9,17.35,50.2,39.35,13546.64,50283.0,15.18,1.65,6.45,59.81,30977.0,0.31,3.0,Diabetes
48027,Bell,TX,12.8,33.65,18.75,58.3,43.35,11180.65,62858.0,14.21,2.14,23.86,26.18,372821.0,0.277,3.0,Uninsured
48029,Bexar,TX,13.85,33.5,16.7,57.1,34.15,13333.2,67275.0,14.89,2.42,7.6,61.02,2014059.0,0.299,3.0,Diabetes
48031,Blanco,TX,11.15,34.1,15.85,60.5,34.4,12380.54,79717.0,9.67,2.7,0.2,20.0,11608.0,0.236,2.0,Uninsured
48033,Borden,TX,11.25,34.85,16.4,62.85,33.1,14833.21,80625.0,1.6,0.0,1.46,7.58,686.0,0.179,1.0,Hypertension
48035,Bosque,TX,12.4,35.8,17.7,60.2,36.0,11975.39,63868.0,11.32,2.65,2.03,19.63,18404.0,0.277,3.0,Uninsured
48037,Bowie,TX,12.95,37.2,19.1,57.8,36.8,14253.6,56628.0,16.3,2.26,25.3,8.11,92747.0,0.316,3.0,Poverty
48039,Brazoria,TX,11.65,34.05,16.2,59.2,36.05,15148.67,91972.0,7.28,2.4,15.25,31.91,374600.0,0.23,2.0,Uninsured
48041,Brazos,TX,11.1,30.85,18.7,56.5,31.1,12813.58,57562.0,22.48,1.96,10.91,26.3,234548.0,0.264,2.0,Poverty
48043,Brewster,TX,11.65,32.45,14.95,59.7,33.2,9490.69,47747.0,15.28,1.3,0.34,45.53,9454.0,0.245,2.0,Poverty
48045,Briscoe,TX,15.4,39.25,18.7,51.4,39.65,17160.65,35446.0,24.11,0.78,4.19,35.19,1290.0,0.394,4.0,Poverty
48047,Brooks,TX,19.0,37.2,17.8,47.95,42.9,16494.12,30566.0,30.83,4.72,0.62,89.45,7059.0,0.51,4.0,Diabetes
48049,Brown,TX,12.7,35.45,18.45,56.0,35.05,13664.71,53792.0,12.64,2.5,3.47,23.28,38159.0,0.284,3.0,Uninsured
48051,Burleson,TX,12.5,36.2,17.5,56.3,35.85,13154.79,71745.0,12.28,1.67,12.09,21.61,17958.0,0.276,3.0,Uninsured
48053,Burnet,TX,11.9,34.75,17.05,62.8,35.35,12574.53,71482.0,7.66,2.02,1.32,22.74,49684.0,0.238,2.0,Uninsured
48055,Caldwell,TX,14.05,34.0,17.7,52.85,42.3,16353.82,66779.0,13.32,4.28,4.56,55.07,46141.0,0.317,3.0,Uninsured
48057,Calhoun,TX,13.45,34.3,16.7,55.25,34.95,14883.2,62267.0,9.07,1.89,2.88,50.04,20127.0,0.266,3.0,Diabetes
48059,Callahan,TX,11.7,35.25,18.25,61.2,36.1,13364.54,63906.0,8.67,1.77,1.19,10.68,13869.0,0.24,2.0,Uninsured
48061,Cameron,TX,17.9,33.45,16.65,47.1,40.65,13938.34,47435.0,25.17,4.96,0.68,89.98,421854.0,0.441,4.0,Diabetes
48063,Camp,TX,14.9,38.7,19.5,54.55,40.1,13173.98,53968.0,21.44,5.41,15.02,26.76,12543.0,0.415,4.0,Uninsured
48065,Carson,TX,10.5,33.15,17.4,60.75,33.9,14931.38,83199.0,7.45,2.83,1.19,10.64,5801.0,0.209,1.0,Uninsured
48067,Cass,TX,13.85,39.15,19.7,56.85,39.3,14551.94,54303.0,18.23,2.27,15.06,5.26,28637.0,0.354,4.0,Hypertension
48069,Castro,TX,14.6,34.6,17.0,50.75,38.55,15201.32,59886.0,12.3,3.74,1.44,65.36,7381.0,0.321,3.0,Diabetes
48071,Chambers,TX,10.75,32.0,18.0,57.95,34.8,15871.42,106103.0,13.62,2.11,7.12,25.21,47037.0,0.227,2.0,Uninsured
48073,Cherokee,TX,13.65,36.75,19.05,54.55,35.8,13892.88,56971.0,15.44,3.38,13.14,24.3,50824.0,0.331,3.0,Uninsured
48075,Childress,TX,12.0,34.0,18.35,55.05,36.7,13276.0,56063.0,11.83,1.24,7.05,37.35,6781.0,0.246,2.0,Uninsured
48077,Clay,TX,11.5,35.4,17.95,61.1,34.85,15919.55,75227.0,8.99,4.58,0.26,7.1,10290.0,0.267,3.0,Uninsured
48079,Cochran,TX,17.85,38.55,19.95,47.35,42.7,10575.07,41597.0,25.31,2.14,6.8,60.85,2529.0,0.449,4.0,Diabetes
48081,Coke,TX,13.85,37.8,18.25,56.6,36.65,16134.21,40230.0,15.85,1.42,1.66,23.06,3305.0,0.325,3.0,Diabetes
48083,Coleman,TX,13.35,37.5,18.25,58.4,37.2,14301.39,51034.0,16.92,5.38,3.24,18.29,7808.0,0.358,4.0,Uninsured
48085,Collin,TX,9.3,30.05,14.65,58.8,31.95,14293.12,113255.0,6.28,2.0,10.45,15.65,1079153.0,0.153,1.0,Uninsured
48087,Collingsworth,TX,14.1,37.2,18.7,55.65,39.2,18743.45,52045.0,21.75,10.89,7.47,29.32,2865.0,0.446,4.0,Uninsured
48089,Colorado,TX,13.25,36.5,17.15,57.45,36.45,13810.07,63352.0,7.24,3.49,12.1,31.4,20582.0,0.286,3.0,Uninsured
48091,Comal,TX,10.2,32.0,15.2,60.9,34.75,12388.0,93744.0,6.05,1.92,2.3,28.62,165201.0,0.18,1.0,Uninsured
48093,Comanche,TX,13.1,36.35,17.75,58.0,36.9,13335.83,57383.0,13.3,2.59,0.43,29.18,13651.0,0.301,3.0,Uninsured
48095,Concho,TX,13.45,36.85,17.3,58.2,37.4,12806.76,55750.0,11.9,1.51,4.2,38.76,3235.0,0.294,3.0,Diabetes
48097,Cooke,TX,11.9,34.95,18.15,58.3,36.15,15584.57,66374.0,13.09,3.26,3.19,19.03,41860.0,0.277,3.0,Uninsured
48099,Coryell,TX,10.9,31.65,19.25,57.65,37.65,12296.18,63281.0,8.55,1.39,13.65,19.6,82927.0,0.196,1.0,Uninsured
48101,Cottle,TX,16.35,40.55,18.7,56.55,40.55,9831.22,47625.0,24.1,0.67,6.62,23.62,1647.0,0.418,4.0,Diabetes
48103,Crane,TX,14.75,33.85,17.7,54.5,39.85,13837.48,71364.0,3.71,2.63,2.35,65.9,4636.0,0.267,3.0,Diabetes
48105,Crockett,TX,14.95,34.9,17.25,55.05,37.65,12677.58,64103.0,9.12,0.44,0.37,58.6,2949.0,0.282,3.0,Diabetes
48107,Crosby,TX,15.85,37.2,18.4,53.95,40.75,13796.1,50268.0,23.11,4.3,3.03,56.78,5157.0,0.417,4.0,Diabetes
48109,Culberson,TX,17.75,37.8,17.9,52.5,40.55,19674.02,35924.0,22.01,0.0,0.18,81.34,2181.0,0.406,4.0,Diabetes
48111,Dallam,TX,14.65,35.15,18.9,52.05,39.65,14262.75,71969.0,8.37,5.72,0.07,47.9,7165.0,0.327,3.0,Uninsured
48113,Dallas,TX,12.5,33.3,17.0,54.7,35.7,14714.67,70732.0,13.82,4.01,22.5,40.95,2604053.0,0.286,3.0,Uninsured
48115,Dawson,TX,15.3,36.05,18.6,49.6,39.7,14841.05,45268.0,21.26,3.92,8.05,58.56,12342.0,0.387,4.0,Diabetes
48117,Deaf Smith,TX,16.2,35.25,18.45,48.65,41.0,12391.52,51942.0,15.6,4.5,1.43,75.38,18585.0,0.376,4.0,Diabetes
48119,Delta,TX,12.3,36.15,19.0,59.4,37.05,14209.11,68491.0,13.94,1.17,8.75,9.45,5278.0,0.275,3.0,Poverty
48121,Denton,TX,9.75,29.4,15.8,58.15,33.45,13985.53,104180.0,7.32,1.98,10.41,19.75,914870.0,0.16,1.0,Uninsured
48123,DeWitt,TX,14.55,37.35,17.95,54.05,37.55,13966.94,61100.0,14.92,2.16,7.81,36.37,19826.0,0.336,4.0,Diabetes
48125,Dickens,TX,14.45,38.3,17.7,59.2,37.8,14633.32,46638.0,11.66,3.5,1.91,38.15,1570.0,0.34,4.0,Diabetes
48127,Dimmit,TX,22.45,41.1,19.6,41.3,47.25,16632.19,27374.0,42.97,0.89,0.6,87.96,8672.0,0.616,4.0,Diabetes
48129,Donley,TX,12.45,36.1,18.75,59.0,35.05,13264.6,51711.0,10.13,3.18,6.58,12.46,3298.0,0.28,3.0,Uninsured
48131,Duval,TX,17.9,37.0,17.8,50.55,41.7,18264.46,50697.0,20.25,1.68,0.85,88.69,9960.0,0.411,4.0,Diabetes
48133,Eastland,TX,12.75,35.9,18.85,56.3,35.85,14242.82,52902.0,15.37,2.16,2.42,17.34,17812.0,0.298,3.0,Poverty
48135,Ector,TX,13.2,31.35,17.75,52.25,40.05,14257.13,70566.0,15.59,6.77,4.96,63.59,162300.0,0.319,3.0,Uninsured
48137,Edwards,TX,16.5,39.25,16.9,52.3,38.55,9753.63,40809.0,22.83,1.45,1.01,49.49,1380.0,0.413,4.0,Diabetes
48139,Ellis,TX,11.25,33.55,17.4,60.8,37.05,14258.66,93248.0,8.11,3.87,12.57,27.52,195509.0,0.238,2.0,Uninsured
48141,El Paso,TX,15.35,33.05,17.45,52.8,34.2,11301.41,55417.0,19.19,3.31,3.21,82.95,863832.0,0.35,4.0,Diabetes
48143,Erath,TX,10.9,31.4,19.1,57.25,34.6,12895.71,59654.0,15.58,2.91,1.41,21.81,42788.0,0.242,2.0,Uninsured
48145,Falls,TX,14.95,38.85,19.7,53.9,40.15,12230.12,45172.0,14.11,4.54,20.65,24.78,17013.0,0.374,4.0,Uninsured
48147,Fannin,TX,12.3,35.6,18.9,58.3,39.15,14976.45,65835.0,11.75,2.09,6.03,12.64,36052.0,0.27,3.0,Uninsured
48149,Fayette,TX,11.95,34.95,16.6,60.05,34.15,13398.44,72881.0,9.98,3.14,5.97,22.04,24564.0,0.262,2.0,Uninsured
48151,Fisher,TX,12.65,36.0,17.2,59.55,36.1,14614.76,60461.0,12.01,1.28,3.07,32.8,3680.0,0.272,3.0,Diabetes
48153,Floyd,TX,15.7,36.5,17.9,51.5,39.4,12991.73,49321.0,18.86,3.9,5.53,59.28,5386.0,0.386,4.0,Diabetes
48155,Foard,TX,15.9,40.8,19.85,53.75,40.55,18490.37,41944.0,21.02,1.77,0.28,13.58,1075.0,0.409,4.0,Diabetes
48157,Fort Bend,TX,11.55,31.05,14.45,56.45,29.75,14350.09,109987.0,6.87,2.47,20.31,25.12,832607.0,0.206,1.0,Uninsured
48159,Franklin,TX,11.45,34.9,17.3,63.5,35.4,12686.72,67915.0,8.53,4.04,4.54,15.53,10445.0,0.255,2.0,Uninsured
48161,Freestone,TX,13.3,38.1,18.55,59.85,38.2,12761.73,55902.0,11.74,1.51,14.98,16.82,19599.0,0.299,3.0,Hypertension
48163,Frio,TX,15.9,34.05,17.75,49.25,41.0,15062.93,56042.0,16.74,0.64,4.33,79.42,18151.0,0.329,3.0,Diabetes
48165,Gaines,TX,12.05,31.5,19.85,52.0,36.3,15590.81,73299.0,12.58,8.85,1.81,42.62,21523.0,0.307,3.0,Uninsured
48167,Galveston,TX,11.55,34.2,16.95,59.75,33.9,14980.65,83913.0,10.83,2.6,12.27,25.91,350801.0,0.248,2.0,Uninsured
48169,Garza,TX,14.7,35.25,18.3,47.9,39.9,13496.17,56215.0,11.56,1.1,9.42,46.8,5735.0,0.298,3.0,Diabetes
48171,Gillespie,TX,11.55,35.1,15.75,60.85,33.25,10453.99,70162.0,8.95,4.62,0.22,24.39,26953.0,0.266,3.0,Uninsured
48173,Glasscock,TX,10.4,31.2,15.6,58.65,33.8,10243.12,112188.0,5.24,10.49,0.0,31.27,1068.0,0.259,2.0,Uninsured
48175,Goliad,TX,13.6,36.35,17.35,55.6,37.05,14538.5,58125.0,9.84,0.87,5.32,35.86,7092.0,0.277,3.0,Diabetes
48177,Gonzales,TX,14.85,36.65,18.45,53.2,39.6,12818.62,64255.0,12.87,2.86,6.35,52.22,19736.0,0.334,3.0,Diabetes
48179,Gray,TX,13.15,36.15,18.75,53.85,38.5,14159.33,54563.0,15.59,3.09,4.67,30.44,21272.0,0.316,3.0,Uninsured
48181,Grayson,TX,11.55,34.1,18.35,58.6,33.9,15636.96,66608.0,11.21,3.55,5.52,14.58,137008.0,0.259,2.0,Uninsured
48183,Gregg,TX,12.9,36.45,19.15,59.05,37.0,15452.23,63811.0,16.02,3.1,19.51,19.63,124245.0,0.316,3.0,Uninsured
48185,Grimes,TX,13.35,36.6,18.35,56.1,37.1,13816.67,63484.0,12.63,4.77,11.92,24.75,29442.0,0.326,3.0,Uninsured
48187,Guadalupe,TX,12.2,32.75,16.65,58.8,34.55,13254.29,88111.0,8.6,1.81,8.55,38.98,173828.0,0.23,2.0,Uninsured
48189,Hale,TX,15.3,35.9,18.4,49.3,39.2,13028.38,50721.0,17.21,3.42,4.05,61.58,32525.0,0.362,4.0,Diabetes
48191,Hall,TX,15.55,38.9,18.3,56.6,39.55,15072.83,43873.0,18.23,2.32,6.53,35.19,2847.0,0.382,4.0,Diabetes
48193,Hamilton,TX,12.8,37.2,18.15,55.25,36.35,12260.5,54890.0,16.7,1.92,0.95,14.07,8244.0,0.312,3.0,Poverty
48195,Hansford,TX,12.95,33.4,17.5,57.35,37.1,13470.53,62350.0,8.24,4.61,0.21,49.03,5270.0,0.274,3.0,Uninsured
48197,Hardeman,TX,13.55,37.05,18.75,56.45,37.8,15747.19,60455.0,11.01,2.15,3.28,28.55,3541.0,0.299,3.0,Diabetes
48199,Hardin,TX,11.4,34.6,19.15,58.7,33.85,15379.82,70164.0,13.27,2.9,6.17,6.53,56576.0,0.263,2.0,Uninsured
48201,Harris,TX,13.2,32.85,16.45,53.6,37.2,15238.52,70789.0,15.61,3.82,18.9,43.93,4726177.0,0.301,3.0,Uninsured
48203,Harrison,TX,12.85,36.8,19.1,59.1,39.0,14501.29,63427.0,15.84,3.4,20.57,13.89,69098.0,0.32,3.0,Uninsured
48205,Hartley,TX,11.4,33.55,16.6,57.25,34.4,13120.09,78065.0,5.03,6.22,7.38,27.19,5369.0,0.25,2.0,Uninsured
48207,Haskell,TX,13.6,36.7,18.4,55.8,36.75,14583.23,52786.0,14.29,2.29,5.97,28.64,5408.0,0.314,3.0,Diabetes
48209,Hays,TX,10.5,29.75,16.75,59.3,34.9,12909.86,79990.0,12.53,2.16,3.88,40.33,245351.0,0.202,1.0,Uninsured
48211,Hemphill,TX,10.65,31.7,16.5,59.2,32.95,12543.99,67798.0,6.05,4.15,1.78,35.63,3371.0,0.208,1.0,Uninsured
48213,Henderson,TX,12.9,37.3,18.9,58.7,35.5,13946.19,59778.0,14.51,2.96,5.58,13.97,82627.0,0.314,3.0,Uninsured
48215,Hidalgo,TX,17.55,33.75,18.1,53.3,44.6,13313.13,49371.0,27.4,5.54,0.62,92.5,873167.0,0.453,4.0,Diabetes
48217,Hill,TX,12.85,36.05,18.55,58.3,36.95,13344.59,60669.0,12.95,2.89,6.28,21.89,36138.0,0.296,3.0,Uninsured
48219,Hockley,TX,13.5,34.0,18.05,53.15,36.25,13718.73,53283.0,14.56,3.64,2.92,50.22,21495.0,0.308,3.0,Uninsured
48221,Hood,TX,10.85,34.0,16.6,60.95,33.3,13359.46,80013.0,8.75,2.79,1.03,13.11,62459.0,0.227,2.0,Uninsured
48223,Hopkins,TX,12.3,35.25,18.85,55.45,37.6,14489.16,63766.0,13.17,3.05,7.32,17.85,37008.0,0.284,3.0,Uninsured
48225,Houston,TX,15.15,40.3,19.1,53.2,38.2,13783.93,51043.0,15.26,2.11,24.28,12.27,22107.0,0.369,4.0,Diabetes
48227,Howard,TX,13.4,34.3,18.1,51.75,38.3,12923.99,67243.0,12.84,1.86,5.87,44.65,34488.0,0.282,3.0,Diabetes
48229,Hudspeth,TX,15.85,35.35,19.0,42.95,41.05,7317.71,35163.0,18.62,6.22,0.72,79.63,3329.0,0.402,4.0,Uninsured
48231,Hunt,TX,11.75,34.55,18.75,53.7,36.8,14925.09,66885.0,11.89,2.26,7.83,18.57,101596.0,0.256,2.0,Uninsured
48233,Hutchinson,TX,11.95,34.0,18.45,58.15,35.15,14142.67,62211.0,10.26,2.9,2.34,24.5,20595.0,0.254,2.0,Uninsured
48235,Irion,TX,11.85,34.35,17.05,59.95,35.05,18394.12,54708.0,7.43,6.79,0.0,27.74,1561.0,0.28,3.0,Uninsured
48237,Jack,TX,12.6,35.95,19.3,53.65,37.85,16542.68,58861.0,12.76,3.23,3.95,17.9,8588.0,0.294,3.0,Uninsured
48239,Jackson,TX,13.4,35.95,18.25,58.2,37.9,15572.15,67176.0,11.79,2.15,5.9,33.78,15010.0,0.292,3.0,Diabetes
48241,Jasper,TX,14.6,40.0,20.4,53.65,41.15,14289.22,48818.0,22.07,3.12,15.24,7.09,33032.0,0.399,4.0,Poverty
48243,Jeff Davis,TX,17.15,42.0,16.5,57.05,37.95,10698.43,38125.0,24.1,1.66,1.31,19.73,1992.0,0.452,4.0,Diabetes
48245,Jefferson,TX,14.9,38.6,18.9,55.5,41.25,15342.66,57294.0,17.06,3.3,33.29,22.58,254942.0,0.373,4.0,Diabetes
48247,Jim Hogg,TX,21.5,39.85,18.4,44.8,45.2,22298.95,42292.0,28.24,4.72,0.54,89.73,4830.0,0.56,4.0,Diabetes
48249,Jim Wells,TX,17.1,35.95,17.55,48.95,40.7,17302.42,46626.0,22.35,3.54,0.73,80.31,39060.0,0.418,4.0,Diabetes
48251,Johnson,TX,11.45,32.95,18.2,55.95,33.25,14762.42,77058.0,10.42,3.39,4.51,23.59,182690.0,0.243,2.0,Uninsured
48253,Jones,TX,12.95,36.05,18.45,52.85,38.75,13762.79,59361.0,9.74,2.42,10.93,28.36,19758.0,0.278,3.0,Uninsured
48255,Karnes,TX,14.2,35.6,17.95,51.75,39.1,14441.17,57798.0,15.91,2.2,6.52,56.18,14805.0,0.323,3.0,Diabetes
48257,Kaufman,TX,11.35,32.9,18.15,59.45,37.8,14827.09,84075.0,9.67,3.15,15.19,24.75,149773.0,0.235,2.0,Uninsured
48259,Kendall,TX,9.95,31.95,15.05,61.35,34.2,12382.44,104196.0,5.02,2.47,0.78,25.05,45376.0,0.176,1.0,Uninsured
48261,Kenedy,TX,16.7,35.4,17.5,42.65,37.9,19868.99,45455.0,2.59,0.0,0.0,96.55,116.0,0.28,3.0,Diabetes
48263,Kent,TX,11.1,34.15,16.25,62.6,32.8,12275.78,68553.0,7.24,1.26,0.94,13.54,635.0,0.21,2.0,Uninsured
48265,Kerr,TX,12.75,35.75,16.65,59.55,34.85,11470.22,66713.0,12.11,3.9,1.65,28.17,52810.0,0.298,3.0,Uninsured
48267,Kimble,TX,14.15,38.55,17.7,59.55,37.15,11483.62,62386.0,12.23,3.64,1.74,26.3,4316.0,0.34,4.0,Uninsured
48269,King,TX,14.5,40.0,18.6,52.2,37.8,8372.01,59375.0,27.78,0.0,0.0,32.87,216.0,0.394,4.0,Poverty
48271,Kinney,TX,14.5,36.35,16.1,56.3,37.6,12961.61,52386.0,14.54,0.0,0.0,64.36,3157.0,0.305,3.0,Diabetes
48273,Kleberg,TX,14.7,32.8,17.7,51.95,38.55,13618.24,52487.0,28.79,1.82,3.04,73.47,30860.0,0.368,4.0,Poverty
48275,Knox,TX,14.05,37.2,18.35,53.85,37.9,14787.85,48750.0,10.98,1.86,5.97,34.92,3333.0,0.306,3.0,Diabetes
48277,Lamar,TX,13.1,37.55,19.7,58.8,38.6,14899.1,58246.0,15.74,3.47,12.72,8.79,50149.0,0.33,3.0,Uninsured
48279,Lamb,TX,15.45,36.15,18.1,48.15,40.2,13016.16,54519.0,17.15,4.37,3.48,56.94,13024.0,0.375,4.0,Diabetes
48281,Lampasas,TX,12.5,35.35,18.15,58.5,34.95,11747.76,73269.0,9.4,2.04,4.43,20.16,21829.0,0.26,2.0,Uninsured
48283,La Salle,TX,16.05,34.5,18.2,45.25,39.85,16924.29,62798.0,24.16,1.34,3.33,87.44,6965.0,0.376,4.0,Diabetes
48285,Lavaca,TX,12.85,36.7,18.0,56.9,36.55,15548.29,58530.0,9.99,1.38,5.26,19.96,20379.0,0.272,3.0,Diabetes
48287,Lee,TX,13.9,37.7,18.6,55.8,39.7,12961.1,66448.0,12.87,1.86,10.53,24.77,17543.0,0.315,3.0,Diabetes
48289,Leon,TX,13.35,37.55,18.6,57.75,36.3,12010.37,57363.0,14.3,5.09,7.53,15.65,15928.0,0.344,4.0,Uninsured
48291,Liberty,TX,13.85,35.45,20.05,53.95,40.05,16617.58,59605.0,16.48,5.38,8.49,31.77,93523.0,0.35,4.0,Uninsured
48293,Limestone,TX,14.6,39.05,18.9,53.3,39.8,14272.19,53102.0,20.7,2.36,17.01,22.92,22222.0,0.379,4.0,Poverty
48295,Lipscomb,TX,13.45,35.7,17.45,56.15,36.8,13722.98,71625.0,13.46,8.03,0.39,34.27,3038.0,0.357,4.0,Uninsured
48297,Live Oak,TX,15.2,38.0,18.3,52.0,39.9,12082.68,55949.0,18.3,2.37,2.45,40.74,11374.0,0.37,4.0,Diabetes
48299,Llano,TX,12.9,38.1,16.35,63.1,36.25,13136.14,64241.0,11.18,1.78,0.61,11.66,21637.0,0.293,3.0,Hypertension
48303,Lubbock,TX,11.7,31.1,17.95,58.4,36.25,14108.62,61911.0,16.52,2.19,7.15,36.84,311509.0,0.251,2.0,Poverty
48305,Lynn,TX,14.3,35.9,18.45,53.15,38.55,15694.47,52996.0,18.53,3.38,1.49,45.54,5619.0,0.351,4.0,Diabetes
48307,McCulloch,TX,13.7,36.7,18.05,56.6,36.55,13265.08,53214.0,13.16,3.08,0.85,32.9,7638.0,0.318,3.0,Uninsured
48309,McLennan,TX,12.35,34.1,18.45,58.1,35.45,13151.23,59781.0,17.18,2.25,14.1,27.08,261090.0,0.287,3.0,Poverty
48311,McMullen,TX,15.95,38.65,18.0,50.5,38.85,15900.64,60313.0,14.93,8.21,0.0,60.15,670.0,0.43,4.0,Uninsured
48313,Madison,TX,13.0,36.0,18.95,55.95,37.55,14891.81,65768.0,10.35,2.35,16.03,24.73,13556.0,0.281,3.0,Uninsured
48315,Marion,TX,15.45,41.75,19.4,59.4,39.1,15507.49,48040.0,15.54,1.16,21.9,4.62,9668.0,0.376,4.0,Diabetes
48317,Martin,TX,11.8,31.9,17.9,54.65,35.8,14625.92,70217.0,16.7,3.33,1.28,51.45,5228.0,0.27,3.0,Uninsured
48319,Mason,TX,12.15,35.75,15.7,61.1,33.9,10323.23,77583.0,4.93,2.3,0.08,19.25,3959.0,0.239,2.0,Uninsured
48321,Matagorda,TX,15.15,37.3,18.0,56.2,39.45,16684.03,56412.0,21.51,4.36,9.86,44.21,36251.0,0.399,4.0,Diabetes
48323,Maverick,TX,17.95,34.7,17.9,46.35,44.25,14281.73,48497.0,23.31,4.96,0.15,95.06,57806.0,0.442,4.0,Diabetes
48325,Medina,TX,13.4,35.25,16.45,56.6,39.55,13116.14,73060.0,9.81,2.42,2.5,53.11,51432.0,0.28,3.0,Diabetes
48327,Menard,TX,14.85,38.35,16.95,54.9,37.05,13922.17,40945.0,21.95,10.54,0.05,34.22,1964.0,0.465,4.0,Uninsured
48329,Midland,TX,11.1,31.15,17.0,56.25,35.85,12246.46,90123.0,10.64,3.56,6.83,47.07,169393.0,0.227,2.0,Uninsured
48331,Milam,TX,13.4,37.15,18.15,55.4,37.2,14059.35,56985.0,13.98,3.15,10.71,27.26,25080.0,0.321,3.0,Uninsured
48333,Mills,TX,12.0,35.55,16.85,59.7,33.3,12894.93,59315.0,6.6,1.02,0.67,24.64,4501.0,0.23,2.0,Hypertension
48335,Mitchell,TX,13.4,35.65,18.25,51.0,38.75,12795.19,49869.0,11.65,1.02,8.07,41.06,8947.0,0.278,3.0,Diabetes
48337,Montague,TX,11.95,35.45,18.85,56.65,35.0,14973.94,63336.0,12.74,1.89,0.79,11.58,20197.0,0.266,3.0,Uninsured
48339,Montgomery,TX,10.9,31.0,16.6,59.2,31.6,15011.66,95946.0,8.76,2.48,5.6,25.84,629989.0,0.203,1.0,Uninsured
48341,Moore,TX,14.8,34.45,18.4,48.85,39.05,11378.36,59041.0,13.34,4.95,4.23,58.46,21284.0,0.34,4.0,Uninsured
48343,Morris,TX,14.2,39.4,19.45,56.85,39.05,13459.28,51532.0,15.38,1.09,22.5,11.12,11993.0,0.337,4.0,Diabetes
48345,Motley,TX,12.6,37.0,17.6,60.85,35.5,17898.77,66528.0,9.4,1.64,2.04,13.65,1223.0,0.27,3.0,Hypertension
48347,Nacogdoches,TX,13.1,35.05,19.8,54.1,34.3,13577.37,51153.0,20.6,2.21,17.62,20.43,64768.0,0.322,3.0,Poverty
48349,Navarro,TX,14.4,36.8,19.3,55.6,38.3,14266.69,56261.0,16.09,2.61,11.6,29.22,52834.0,0.34,4.0,Diabetes
48351,Newton,TX,16.35,42.3,21.55,51.9,42.7,15324.97,38871.0,23.87,4.45,18.42,4.1,12333.0,0.467,4.0,Diabetes
48353,Nolan,TX,15.25,38.0,19.2,49.75,40.65,13557.96,47437.0,15.21,3.52,4.79,39.41,14657.0,0.368,4.0,Diabetes
48355,Nueces,TX,15.15,35.1,16.75,54.7,39.85,13625.07,64027.0,16.92,2.07,3.7,64.88,353245.0,0.339,4.0,Diabetes
48357,Ochiltree,TX,13.8,34.35,18.1,53.6,39.4,11694.14,62240.0,12.09,6.65,0.83,56.14,9924.0,0.333,3.0,Uninsured
48359,Oldham,TX,12.3,34.3,18.45,56.15,35.7,11662.02,71103.0,14.65,1.29,6.77,26.16,2171.0,0.266,3.0,Poverty
48361,Orange,TX,11.65,35.05,19.4,59.9,38.3,14663.4,71910.0,11.79,2.83,8.76,8.91,84761.0,0.263,2.0,Uninsured
48363,Palo Pinto,TX,13.0,35.8,19.1,55.4,39.4,13964.22,65242.0,15.66,4.25,2.61,20.48,28569.0,0.323,3.0,Uninsured
48365,Panola,TX,12.55,36.65,18.85,59.25,37.45,13948.09,58205.0,13.66,4.23,12.55,9.36,22540.0,0.312,3.0,Uninsured
48367,Parker,TX,9.95,32.2,17.35,63.4,35.25,13570.45,95721.0,7.8,2.56,1.4,13.66,151188.0,0.192,1.0,Uninsured
48369,Parmer,TX,14.25,33.6,17.0,51.25,37.2,15036.84,65575.0,9.42,8.03,0.68,65.06,9809.0,0.337,4.0,Uninsured
48371,Pecos,TX,16.25,35.85,17.45,51.1,40.05,11111.18,59325.0,19.36,2.38,4.54,70.11,15114.0,0.377,4.0,Diabetes
48373,Polk,TX,13.95,38.0,19.5,56.85,38.75,11834.43,57315.0,15.15,2.36,8.08,15.57,50536.0,0.334,3.0,Diabetes
48375,Potter,TX,14.85,36.95,19.35,52.75,41.9,13213.95,47974.0,19.53,3.49,10.35,39.57,117905.0,0.373,4.0,Diabetes
48377,Presidio,TX,20.0,39.4,17.25,47.15,41.75,7951.4,29012.0,39.96,11.17,0.0,79.33,6168.0,0.65,4.0,Poverty
48379,Rains,TX,12.2,36.25,17.85,56.6,35.7,13419.15,60291.0,10.92,2.24,2.65,9.81,12257.0,0.271,3.0,Uninsured
48381,Randall,TX,10.4,31.95,17.4,60.6,35.25,13127.65,78038.0,9.24,1.23,3.3,23.95,141489.0,0.191,1.0,Uninsured
48383,Reagan,TX,14.1,33.7,16.55,53.05,38.9,11357.62,70319.0,7.13,4.26,2.6,70.74,3308.0,0.287,3.0,Uninsured
48385,Real,TX,15.45,39.9,18.2,54.2,38.25,13040.26,46842.0,22.47,1.06,1.31,25.58,2830.0,0.394,4.0,Diabetes
48387,Red River,TX,14.7,40.45,19.55,56.95,38.6,15248.72,44583.0,19.87,4.02,15.62,7.76,11627.0,0.403,4.0,Diabetes
48389,Reeves,TX,17.55,35.55,17.9,48.2,40.85,16616.36,57487.0,19.28,2.54,2.85,75.41,14022.0,0.398,4.0,Diabetes
48391,Refugio,TX,15.8,37.55,17.85,53.55,39.9,18688.69,54304.0,15.9,2.07,6.65,51.7,6718.0,0.363,4.0,Diabetes
48393,Roberts,TX,10.25,32.95,17.1,60.85,33.75,7684.27,62667.0,14.66,0.52,0.39,13.87,764.0,0.214,2.0,Poverty
48395,Robertson,TX,13.85,37.7,18.5,59.15,37.95,14102.52,59410.0,14.07,2.84,20.84,22.17,16912.0,0.33,3.0,Diabetes
48397,Rockwall,TX,9.05,29.8,15.7,61.05,34.75,13897.86,121303.0,4.14,2.35,7.74,19.45,110631.0,0.14,1.0,Uninsured
48399,Runnels,TX,13.25,35.25,17.6,55.8,36.0,17822.36,55424.0,11.52,2.78,2.99,35.19,9858.0,0.29,3.0,Uninsured
48401,Rusk,TX,13.05,37.35,18.8,58.2,37.5,15095.99,61661.0,12.16,3.15,15.55,17.87,52755.0,0.308,3.0,Uninsured
48403,Sabine,TX,13.85,40.0,18.6,57.85,35.65,14271.84,47061.0,17.08,2.24,4.99,5.1,9980.0,0.355,4.0,Hypertension
48405,San Augustine,TX,18.05,44.85,21.1,56.05,43.7,14425.17,45888.0,26.43,3.55,22.26,8.12,7920.0,0.517,4.0,Diabetes
48407,San Jacinto,TX,14.55,39.15,19.4,56.9,39.05,15355.26,54839.0,17.28,3.46,9.3,14.99,27666.0,0.373,4.0,Diabetes
48409,San Patricio,TX,14.65,36.75,17.8,54.1,41.3,13567.11,63842.0,15.52,2.24,1.56,58.67,68942.0,0.337,4.0,Diabetes
48411,San Saba,TX,13.1,35.9,17.95,57.25,36.4,13288.92,54087.0,12.74,4.01,1.64,31.03,5779.0,0.31,3.0,Uninsured
48413,Schleicher,TX,13.35,34.15,16.3,55.25,36.2,12557.45,53774.0,14.43,7.19,1.62,54.28,2474.0,0.34,4.0,Uninsured
48415,Scurry,TX,13.0,34.15,17.8,57.4,38.35,14355.45,58932.0,10.41,5.37,3.64,42.07,16883.0,0.298,3.0,Uninsured
48417,Shackelford,TX,10.9,33.65,17.05,60.9,33.8,13823.73,60924.0,11.17,2.68,0.67,12.57,3134.0,0.236,2.0,Uninsured
48419,Shelby,TX,15.05,39.6,20.1,54.9,41.2,13570.39,49231.0,23.08,4.19,16.18,19.07,24157.0,0.419,4.0,Poverty
48421,Sherman,TX,12.05,32.5,16.6,55.75,35.55,10914.96,66169.0,8.2,2.65,0.17,42.83,2414.0,0.233,2.0,Uninsured
48423,Smith,TX,12.45,34.9,18.1,59.15,37.7,14409.56,69053.0,12.27,3.02,17.05,20.38,234667.0,0.279,3.0,Uninsured
48425,Somervell,TX,11.05,33.65,17.3,60.65,34.1,12668.18,87899.0,7.14,1.61,1.95,18.01,9337.0,0.209,1.0,Uninsured
48427,Starr,TX,20.25,37.05,19.35,42.9,45.4,18496.12,35979.0,33.17,7.22,0.12,96.24,65716.0,0.566,4.0,Diabetes
48429,Stephens,TX,12.8,35.6,18.3,54.55,36.65,13800.52,44712.0,15.84,1.79,2.85,25.11,9260.0,0.295,3.0,Poverty
48431,Sterling,TX,9.95,29.9,16.35,59.5,33.2,19112.57,63558.0,1.72,11.71,0.14,33.48,1392.0,0.238,2.0,Uninsured
48433,Stonewall,TX,13.65,37.9,18.0,55.6,36.25,21969.64,66591.0,6.84,9.92,0.45,26.82,1331.0,0.364,4.0,Uninsured
48435,Sutton,TX,15.7,36.15,17.05,54.05,38.45,13983.38,56778.0,16.47,3.23,0.15,74.62,3345.0,0.365,4.0,Diabetes
48437,Swisher,TX,16.05,38.4,18.95,49.9,40.95,15917.51,40290.0,26.89,4.76,8.13,45.54,6989.0,0.451,4.0,Poverty
48439,Tarrant,TX,11.55,31.25,17.5,57.5,33.15,14555.75,78872.0,10.86,3.23,17.26,29.81,2113854.0,0.233,2.0,Uninsured
48441,Taylor,TX,11.25,32.85,18.35,56.35,35.0,14594.44,61806.0,13.95,2.41,8.03,25.53,143029.0,0.246,2.0,Uninsured
48443,Terrell,TX,12.7,34.5,14.15,59.35,34.05,8255.75,52813.0,6.38,1.39,0.0,46.98,862.0,0.237,2.0,Diabetes
48445,Terry,TX,15.75,36.55,18.85,51.6,40.95,14818.48,42694.0,20.85,4.63,4.52,56.98,11816.0,0.403,4.0,Diabetes
48447,Throckmorton,TX,13.2,38.15,18.0,54.5,35.9,16243.59,55221.0,13.97,4.59,0.21,12.93,1439.0,0.339,4.0,Uninsured
48449,Titus,TX,14.8,36.45,19.05,52.9,38.7,12785.54,57634.0,18.13,4.24,9.6,44.97,31301.0,0.37,4.0,Diabetes
48451,Tom Green,TX,12.4,33.75,17.65,60.4,37.15,13850.43,67215.0,11.18,2.99,3.94,41.78,119276.0,0.265,2.0,Uninsured
48453,Travis,TX,9.25,27.3,15.7,60.25,30.25,12993.0,92731.0,11.05,1.9,8.3,33.33,1289054.0,0.154,1.0,Uninsured
48455,Trinity,TX,14.1,39.25,19.1,58.15,37.75,16027.58,51165.0,14.02,2.74,8.39,11.55,13735.0,0.344,4.0,Diabetes
48457,Tyler,TX,14.0,39.5,20.05,56.0,39.05,14289.28,50898.0,15.95,2.04,10.56,7.16,19962.0,0.346,4.0,Hypertension
48459,Upshur,TX,12.65,36.25,19.65,57.25,37.45,13855.59,60456.0,14.3,3.26,7.49,9.29,41261.0,0.304,3.0,Uninsured
48461,Upton,TX,15.7,36.4,18.9,50.6,41.05,24815.01,55284.0,19.95,2.77,2.19,56.3,3284.0,0.379,4.0,Diabetes
48463,Uvalde,TX,15.15,34.6,17.25,50.5,40.55,11621.78,55000.0,23.32,3.72,1.14,72.25,24833.0,0.382,4.0,Poverty
48465,Val Verde,TX,15.65,33.15,17.15,48.35,38.3,11694.68,57250.0,15.55,4.02,1.23,82.44,47693.0,0.346,4.0,Diabetes
48467,Van Zandt,TX,12.05,35.85,18.95,58.7,35.95,13848.61,62334.0,12.92,3.0,2.78,12.39,60053.0,0.282,3.0,Uninsured
48469,Victoria,TX,13.7,33.9,17.8,57.3,37.4,14205.4,66308.0,16.3,2.96,5.48,48.45,91209.0,0.312,3.0,Diabetes
48471,Walker,TX,13.55,36.95,19.25,53.45,39.95,14956.61,47193.0,15.34,1.8,21.92,18.43,77182.0,0.315,3.0,Diabetes
48473,Waller,TX,11.65,32.45,18.45,58.2,37.6,13990.23,71643.0,11.99,4.52,24.75,30.86,57463.0,0.262,2.0,Uninsured
48475,Ward,TX,13.95,34.05,18.05,52.65,37.7,15465.74,70771.0,13.48,1.96,6.35,55.67,11347.0,0.294,3.0,Diabetes
48477,Washington,TX,11.95,35.7,17.2,61.8,36.35,11367.06,70043.0,11.14,3.49,18.04,17.35,35807.0,0.276,3.0,Uninsured
48479,Webb,TX,16.45,32.3,17.0,45.85,42.45,13564.21,59984.0,21.13,5.09,0.49,95.44,267282.0,0.39,4.0,Diabetes
48481,Wharton,TX,13.95,36.1,17.85,53.9,40.25,16113.37,59712.0,14.41,4.19,12.93,43.0,41614.0,0.335,3.0,Uninsured
48483,Wheeler,TX,13.25,36.65,18.7,57.9,37.25,18086.21,58158.0,17.99,4.9,2.65,25.5,4980.0,0.351,4.0,Uninsured
48485,Wichita,TX,11.85,34.45,18.7,56.25,35.75,16644.0,58862.0,14.26,1.95,10.02,20.38,129584.0,0.265,2.0,Uninsured
48487,Wilbarger,TX,15.35,38.25,19.8,52.95,39.75,16112.91,50769.0,17.54,0.06,7.64,30.36,12795.0,0.348,4.0,Diabetes
48489,Willacy,TX,18.9,36.7,18.35,47.3,43.8,13734.02,42839.0,24.78,3.85,0.89,88.33,20308.0,0.468,4.0,Diabetes
48491,Williamson,TX,9.65,28.9,15.55,63.2,32.35,13364.27,102851.0,6.29,1.75,6.76,25.04,617396.0,0.148,1.0,Uninsured
48493,Wilson,TX,12.05,32.1,16.5,57.05,35.1,11982.19,89708.0,10.15,1.97,1.59,40.75,50381.0,0.232,2.0,Uninsured
48495,Winkler,TX,13.7,33.2,17.5,54.1,37.55,15965.6,89155.0,12.49,7.02,5.54,62.62,7582.0,0.329,3.0,Uninsured
48497,Wise,TX,11.1,32.85,18.3,57.55,33.95,15579.83,85385.0,8.89,2.92,1.43,20.39,70062.0,0.225,2.0,Uninsured
48499,Wood,TX,12.6,36.85,18.0,58.25,34.55,13468.93,61748.0,12.12,2.09,4.0,10.78,45341.0,0.286,3.0,Uninsured
48501,Yoakum,TX,13.25,32.3,17.35,50.85,37.9,14679.1,80317.0,13.58,4.97,1.57,67.93,7630.0,0.3,3.0,Uninsured
48503,Young,TX,12.1,35.3,18.05,58.0,37.2,15865.04,65565.0,15.46,2.99,1.84,19.68,17903.0,0.291,3.0,Uninsured
48505,Zapata,TX,20.45,37.8,18.9,44.4,44.1,14121.24,35061.0,36.77,3.42,0.09,94.68,13896.0,0.554,4.0,Diabetes
48507,Zavala,TX,22.0,40.0,19.35,44.55,47.85,13229.82,49243.0,30.79,1.15,0.72,93.8,9700.0,0.546,4.0,Diabetes
49001,Beaver,UT,9.35,28.65,17.15,61.3,28.75,10327.3,80268.0,6.83,2.84,0.14,12.94,7102.0,0.154,1.0,Uninsured
49003,Box Elder,UT,9.1,28.55,18.0,60.4,32.65,11674.77,72769.0,8.1,2.12,0.41,9.87,58291.0,0.148,1.0,Uninsured
49005,Cache,UT,8.65,26.65,17.2,57.05,29.1,12176.17,72719.0,13.16,1.31,0.69,10.99,134428.0,0.143,1.0,Poverty
49007,Carbon,UT,11.8,31.6,18.45,60.5,35.05,12475.91,53734.0,16.31,1.05,1.11,13.76,20338.0,0.244,2.0,Poverty
49009,Daggett,UT,11.45,34.8,17.1,63.15,32.95,8332.17,61250.0,7.21,0.0,0.0,2.82,638.0,0.208,1.0,Hypertension
49011,Davis,UT,8.3,27.15,17.1,62.4,32.7,12484.2,101285.0,6.0,1.54,1.25,10.47,363032.0,0.109,1.0,Uninsured
49013,Duchesne,UT,10.6,30.45,18.85,53.85,31.6,10148.7,70821.0,13.27,3.31,0.37,8.51,19779.0,0.223,2.0,Uninsured
49015,Emery,UT,10.3,32.0,17.9,60.1,30.65,10837.31,67056.0,11.68,1.04,0.08,6.84,9898.0,0.2,1.0,Uninsured
49017,Garfield,UT,10.25,31.5,16.35,61.25,28.75,9194.32,56481.0,15.37,1.68,0.12,7.44,5121.0,0.219,2.0,Poverty
49019,Grand,UT,10.25,31.05,17.05,60.4,28.25,10020.67,59171.0,15.55,2.72,0.02,10.87,9680.0,0.227,2.0,Uninsured
49021,Iron,UT,9.55,28.0,18.25,56.6,36.1,10460.36,63005.0,13.96,2.06,0.75,9.68,58068.0,0.179,1.0,Uninsured
49023,Juab,UT,8.95,28.5,18.3,58.75,32.75,13414.26,88048.0,8.45,1.93,0.64,5.74,11943.0,0.145,1.0,Uninsured
49025,Kane,UT,10.35,32.15,16.5,62.25,33.35,10933.9,70327.0,12.52,0.93,0.17,5.4,7814.0,0.204,1.0,Poverty
49027,Millard,UT,10.95,31.85,17.7,54.85,34.3,10315.39,69403.0,11.05,3.98,0.25,12.72,13027.0,0.236,2.0,Uninsured
49029,Morgan,UT,7.8,27.15,15.85,64.05,25.05,11339.78,120854.0,1.72,1.32,0.56,3.06,12367.0,0.078,1.0,Uninsured
49031,Piute,UT,13.1,36.05,18.5,55.3,33.5,9404.57,33359.0,20.69,0.17,0.17,4.25,1764.0,0.31,3.0,Poverty
49033,Rich,UT,10.5,31.35,17.3,59.65,32.85,8930.3,69250.0,7.98,2.71,0.0,10.07,2543.0,0.198,1.0,Uninsured
49035,Salt Lake,UT,8.6,27.8,17.35,64.15,29.9,12841.04,90011.0,7.99,2.23,1.82,19.07,1180643.0,0.135,1.0,Uninsured
49037,San Juan,UT,14.55,35.95,20.9,53.7,34.3,10820.14,52108.0,20.22,4.34,0.15,6.34,14524.0,0.373,4.0,Uninsured
49039,Sanpete,UT,10.35,28.5,18.55,55.4,29.7,11739.42,64356.0,13.49,2.21,0.9,9.49,28816.0,0.195,1.0,Uninsured
49041,Sevier,UT,9.8,31.3,18.1,59.0,36.5,11457.13,66972.0,11.54,1.74,0.54,5.65,21667.0,0.192,1.0,Uninsured
49043,Summit,UT,7.95,25.95,14.05,65.05,19.55,9930.15,126392.0,5.22,1.43,0.75,11.04,42524.0,0.09,1.0,Uninsured
49045,Tooele,UT,9.15,29.55,17.05,55.95,37.45,13280.33,95545.0,4.49,2.0,0.8,13.68,74032.0,0.138,1.0,Uninsured
49047,Uintah,UT,10.35,30.45,18.75,53.6,35.45,9487.53,67983.0,11.42,3.64,0.42,8.75,35951.0,0.214,2.0,Uninsured
49049,Utah,UT,7.85,25.45,16.4,61.7,30.65,12201.6,91263.0,8.64,2.14,0.61,12.47,666021.0,0.108,1.0,Uninsured
49051,Wasatch,UT,7.9,26.0,14.8,65.95,24.2,10546.47,104855.0,5.32,1.84,0.45,13.74,35009.0,0.094,1.0,Uninsured
49053,Washington,UT,9.75,31.7,16.3,61.2,33.6,12034.1,71976.0,8.71,3.68,0.58,11.12,183297.0,0.2,1.0,Uninsured
49055,Wayne,UT,11.5,34.3,17.7,59.6,34.25,8387.09,64870.0,8.37,3.28,0.0,1.82,2532.0,0.243,2.0,Uninsured
49057,Weber,UT,8.95,29.45,18.55,60.3,34.75,12076.06,82291.0,7.55,1.88,1.05,18.78,262960.0,0.147,1.0,Uninsured
50001,Addison,VT,7.35,29.35,15.8,67.15,27.7,9481.52,85870.0,6.88,0.12,1.04,2.5,37434.0,0.099,1.0,Uninsured
50003,Bennington,VT,8.65,31.9,17.2,66.25,30.65,9370.17,68558.0,10.87,0.61,0.96,2.39,37326.0,0.163,1.0,Uninsured
50005,Caledonia,VT,8.9,31.8,18.05,61.05,31.2,9565.91,62964.0,11.51,0.52,1.06,1.91,30418.0,0.168,1.0,Poverty
50007,Chittenden,VT,6.4,24.75,16.0,67.15,23.15,9130.43,89494.0,10.55,0.5,2.53,2.55,168309.0,0.071,1.0,Uninsured
50009,Essex,VT,10.55,35.0,18.35,63.1,34.15,9402.05,55247.0,13.2,0.25,0.03,1.54,5976.0,0.225,2.0,Poverty
50011,Franklin,VT,8.75,31.75,17.65,67.2,36.65,8919.64,73633.0,10.28,0.4,0.24,1.84,50101.0,0.159,1.0,Uninsured
50013,Grand Isle,VT,8.3,31.7,16.05,69.75,30.3,7136.23,86639.0,7.42,0.15,1.09,2.0,7335.0,0.135,1.0,Uninsured
50015,Lamoille,VT,7.55,27.3,16.3,63.8,29.05,10265.65,69886.0,8.38,0.61,1.2,1.96,25977.0,0.099,1.0,Uninsured
50017,Orange,VT,8.45,30.9,16.45,63.05,32.45,10026.46,74534.0,9.04,0.49,0.34,1.41,29439.0,0.142,1.0,Uninsured
50019,Orleans,VT,9.4,32.7,18.05,63.95,33.1,9946.12,63981.0,9.51,0.27,0.69,1.66,27459.0,0.172,1.0,Uninsured
50021,Rutland,VT,8.95,32.9,17.4,63.0,35.5,9726.03,62641.0,11.02,0.3,0.63,1.69,60585.0,0.173,1.0,Poverty
50023,Washington,VT,8.0,27.8,16.25,63.75,27.1,9136.06,77278.0,9.54,0.22,0.92,2.01,59768.0,0.112,1.0,Uninsured
50025,Windham,VT,8.5,29.0,16.8,66.15,25.95,9725.02,65473.0,12.13,0.25,1.13,2.57,45857.0,0.142,1.0,Poverty
50027,Windsor,VT,8.2,29.5,15.95,69.25,28.75,10524.67,69492.0,8.6,0.41,0.71,2.01,57832.0,0.125,1.0,Uninsured
51001,Accomack,VA,15.8,42.95,18.15,62.5,40.15,10199.46,52694.0,15.7,1.41,28.42,9.24,33367.0,0.394,4.0,Hypertension
51003,Albemarle,VA,9.45,30.35,14.75,69.3,28.6,9978.61,97708.0,6.56,0.76,8.86,5.9,112513.0,0.147,1.0,Uninsured
51005,Alleghany,VA,13.05,38.15,18.8,62.15,39.05,11171.0,52546.0,13.42,1.21,5.17,1.62,15159.0,0.3,3.0,Hypertension
51007,Amelia,VA,14.7,39.55,18.95,63.3,39.05,11986.33,63438.0,11.04,0.12,20.13,3.42,13309.0,0.317,3.0,Diabetes
51009,Amherst,VA,13.45,38.05,18.4,66.9,39.45,11510.76,64454.0,10.98,0.91,18.22,2.67,31426.0,0.292,3.0,Diabetes
51011,Appomattox,VA,13.25,38.3,18.35,63.85,38.85,11810.7,60041.0,13.69,1.1,18.11,2.17,16253.0,0.305,3.0,Hypertension
51013,Arlington,VA,8.25,26.55,13.2,67.4,25.25,10384.15,137387.0,6.58,0.51,9.33,15.58,235845.0,0.096,1.0,Uninsured
51015,Augusta,VA,11.75,34.9,17.8,64.3,40.8,10548.06,76124.0,7.72,1.06,4.4,3.43,77433.0,0.227,2.0,Uninsured
51017,Bath,VA,15.5,41.75,19.45,60.8,38.75,10864.47,55699.0,22.89,0.0,4.84,0.74,4177.0,0.4,4.0,Diabetes
51019,Bedford,VA,11.8,34.1,16.95,63.85,36.8,10559.36,74773.0,8.98,0.45,6.17,2.61,79761.0,0.222,2.0,Diabetes
51021,Bland,VA,12.15,36.45,17.8,63.3,36.35,12460.18,59901.0,9.04,0.62,4.02,0.79,6241.0,0.247,2.0,Hypertension
51023,Botetourt,VA,11.25,35.35,16.8,67.0,34.95,10996.22,77680.0,7.11,0.33,2.54,1.97,33734.0,0.212,2.0,Hypertension
51025,Brunswick,VA,16.65,43.1,18.9,62.55,43.55,11886.97,52678.0,14.69,0.19,54.58,2.6,15965.0,0.393,4.0,Diabetes
51027,Buchanan,VA,15.3,40.4,20.8,57.6,38.85,11329.57,39591.0,24.09,0.61,1.84,0.95,20246.0,0.399,4.0,Poverty
51029,Buckingham,VA,15.1,40.95,18.85,63.6,43.35,11308.21,59894.0,12.35,1.96,32.18,2.53,16869.0,0.358,4.0,Diabetes
51031,Campbell,VA,12.75,36.4,18.05,65.1,35.6,11267.55,59022.0,9.83,0.92,14.09,3.06,55518.0,0.263,2.0,Diabetes
51033,Caroline,VA,13.0,37.4,17.9,64.85,41.6,12001.35,83562.0,11.02,1.23,24.45,5.9,31181.0,0.283,3.0,Hypertension
51035,Carroll,VA,13.7,38.75,19.2,62.65,41.35,10764.99,49113.0,15.14,0.68,0.48,4.21,29126.0,0.318,3.0,Hypertension
51036,Charles City,VA,16.55,42.7,18.15,64.9,41.85,11827.2,65573.0,12.37,0.96,43.91,2.16,6760.0,0.385,4.0,Diabetes
51037,Charlotte,VA,16.3,41.3,19.8,62.7,42.55,10040.19,51548.0,19.93,0.76,26.11,2.59,11563.0,0.404,4.0,Diabetes
51041,Chesterfield,VA,11.6,34.95,16.5,65.9,36.25,12015.08,95757.0,6.6,1.35,23.63,9.86,366019.0,0.222,2.0,Uninsured
51043,Clarke,VA,10.65,33.3,15.9,67.3,32.7,10928.15,107475.0,5.3,0.47,4.57,6.62,14882.0,0.18,1.0,Uninsured
51045,Craig,VA,12.25,36.35,18.0,64.5,36.35,11165.71,66286.0,10.58,0.0,0.06,0.94,4898.0,0.249,2.0,Hypertension
51047,Culpeper,VA,11.85,35.35,17.25,62.25,38.35,11005.94,92359.0,7.1,2.15,13.38,12.39,52822.0,0.24,2.0,Uninsured
51049,Cumberland,VA,14.1,39.4,18.25,64.3,39.45,12953.39,56497.0,7.94,2.59,30.38,1.18,9697.0,0.315,3.0,Diabetes
51051,Dickenson,VA,14.75,40.2,20.6,60.4,39.05,9705.71,40143.0,21.73,0.6,0.72,1.05,14089.0,0.377,4.0,Poverty
51053,Dinwiddie,VA,13.25,38.0,18.1,65.0,40.4,12329.29,77225.0,10.74,0.78,30.78,3.94,28057.0,0.286,3.0,Hypertension
51057,Essex,VA,15.75,41.85,18.9,62.9,42.55,13888.06,52335.0,16.95,0.94,37.67,4.42,10602.0,0.387,4.0,Diabetes
51059,Fairfax,VA,10.1,28.4,12.45,64.65,23.9,10887.25,145165.0,5.93,1.29,9.87,16.53,1145354.0,0.146,1.0,Uninsured
51061,Fauquier,VA,10.55,31.7,15.9,69.85,32.55,10979.39,122785.0,5.79,1.67,6.61,9.86,73290.0,0.18,1.0,Uninsured
51063,Floyd,VA,11.7,35.3,17.5,65.75,32.6,10454.47,57146.0,9.35,0.77,3.02,2.94,15532.0,0.234,2.0,Hypertension
51065,Fluvanna,VA,11.25,34.4,16.8,67.85,38.95,10514.6,90766.0,5.69,1.37,12.97,4.18,27442.0,0.208,1.0,Uninsured
51067,Franklin,VA,13.05,37.05,17.8,64.7,34.85,10362.13,66275.0,12.85,0.98,7.73,2.99,54838.0,0.288,3.0,Diabetes
51069,Frederick,VA,10.7,32.7,16.75,66.45,37.4,10776.51,92443.0,6.65,1.27,4.24,10.13,92007.0,0.19,1.0,Uninsured
51071,Giles,VA,12.2,36.45,18.5,62.65,36.05,11412.16,61987.0,9.55,0.66,2.26,1.91,16711.0,0.25,2.0,Hypertension
51073,Gloucester,VA,11.35,35.2,17.1,63.95,35.6,11610.03,83750.0,7.32,0.31,8.16,4.1,38875.0,0.213,2.0,Hypertension
51075,Goochland,VA,10.45,34.2,14.85,71.05,32.9,10717.91,105600.0,4.05,0.41,14.46,3.25,24906.0,0.176,1.0,Uninsured
51077,Grayson,VA,15.3,40.9,19.5,60.85,41.15,10265.45,43348.0,17.58,1.33,5.55,3.91,15356.0,0.379,4.0,Diabetes
51079,Greene,VA,11.55,35.0,17.4,65.85,37.65,10070.68,81338.0,11.02,1.56,6.43,6.61,20631.0,0.244,2.0,Uninsured
51081,Greensville,VA,16.35,43.25,18.65,59.5,45.1,12330.14,51823.0,9.58,0.31,53.55,5.08,11373.0,0.366,4.0,Diabetes
51083,Halifax,VA,16.8,43.05,19.25,63.3,40.4,10314.84,49145.0,14.31,1.02,34.75,2.37,34013.0,0.402,4.0,Diabetes
51085,Hanover,VA,10.45,32.35,15.7,68.7,32.8,12517.22,104678.0,5.09,0.75,8.68,3.32,110513.0,0.171,1.0,Uninsured
51087,Henrico,VA,11.55,34.95,15.85,67.5,32.65,12446.0,82424.0,8.34,0.66,29.63,6.14,333120.0,0.223,2.0,Hypertension
51089,Henry,VA,15.7,41.7,19.35,61.35,42.05,11142.41,43694.0,15.83,0.31,22.92,6.05,50760.0,0.373,4.0,Diabetes
51091,Highland,VA,12.3,37.1,16.0,64.95,33.2,8897.03,57070.0,10.24,2.27,0.0,0.0,2247.0,0.276,3.0,Uninsured
51093,Isle of Wight,VA,12.3,36.05,16.85,65.65,36.35,11227.07,91680.0,9.69,1.71,22.1,4.03,38898.0,0.26,2.0,Uninsured
51095,James City,VA,10.8,34.2,15.0,70.0,32.3,11513.98,100711.0,7.2,0.7,12.63,6.37,78818.0,0.2,1.0,Uninsured
51097,King and Queen,VA,14.8,40.8,18.35,66.25,40.5,13180.93,70147.0,19.91,1.84,24.11,3.64,6681.0,0.386,4.0,Diabetes
51099,King George,VA,10.95,32.9,17.0,64.35,35.8,12424.29,103264.0,6.84,0.37,15.8,6.35,26985.0,0.188,1.0,Uninsured
51101,King William,VA,11.25,34.5,17.65,63.3,34.6,12840.32,79398.0,7.96,1.24,14.93,2.92,17845.0,0.218,2.0,Uninsured
51103,Lancaster,VA,14.85,42.3,16.3,67.65,35.8,11058.45,62674.0,13.7,1.51,27.57,2.31,10866.0,0.365,4.0,Hypertension
51105,Lee,VA,15.45,41.1,20.4,59.4,42.25,10936.01,41619.0,24.14,0.67,4.15,2.14,22287.0,0.407,4.0,Poverty
51107,Loudoun,VA,9.2,29.2,13.15,63.8,27.7,11648.33,170463.0,3.73,0.95,7.65,13.83,420773.0,0.123,1.0,Uninsured
51109,Louisa,VA,12.5,36.65,17.5,63.2,36.4,10740.95,76594.0,10.81,0.64,13.46,3.58,38106.0,0.262,2.0,Hypertension
51111,Lunenburg,VA,16.8,42.4,19.0,61.45,45.95,11376.94,54438.0,12.05,1.68,32.77,6.09,11988.0,0.393,4.0,Diabetes
51113,Madison,VA,11.95,35.65,17.45,65.8,37.75,10104.57,74586.0,7.83,0.47,7.86,3.44,13828.0,0.23,2.0,Hypertension
51115,Mathews,VA,12.65,37.3,16.65,67.05,35.2,11126.84,79054.0,6.77,0.71,8.98,3.06,8537.0,0.252,2.0,Hypertension
51117,Mecklenburg,VA,16.1,42.2,18.05,64.05,41.35,10868.85,51265.0,18.14,0.92,33.34,3.1,30367.0,0.4,4.0,Diabetes
51119,Middlesex,VA,13.65,38.8,16.35,71.65,38.05,10849.61,69389.0,9.22,1.1,14.79,3.13,10738.0,0.295,3.0,Hypertension
51121,Montgomery,VA,10.3,31.25,18.1,65.45,29.7,10801.74,65270.0,22.28,0.5,4.08,3.54,99373.0,0.238,2.0,Poverty
51125,Nelson,VA,13.15,38.05,16.7,65.7,35.2,10382.9,64028.0,13.2,1.31,12.39,4.58,14773.0,0.301,3.0,Hypertension
51127,New Kent,VA,10.9,33.4,16.35,69.3,34.75,11897.31,113120.0,3.82,0.54,13.13,4.0,23296.0,0.178,1.0,Uninsured
51131,Northampton,VA,15.7,41.7,17.05,66.4,39.8,9946.94,54693.0,16.35,1.75,31.68,9.45,12132.0,0.39,4.0,Diabetes
51133,Northumberland,VA,13.8,39.95,15.65,70.05,36.6,10842.66,64655.0,14.72,0.19,20.9,4.07,12007.0,0.322,3.0,Hypertension
51135,Nottoway,VA,15.6,41.3,18.8,61.85,43.45,12552.57,62366.0,16.96,2.24,38.08,5.01,15638.0,0.393,4.0,Diabetes
51137,Orange,VA,11.55,35.45,17.4,63.0,37.0,10935.63,87309.0,12.76,0.6,12.26,6.03,36593.0,0.246,2.0,Poverty
51139,Page,VA,12.4,36.4,18.95,64.65,34.5,12609.62,56760.0,9.94,1.07,1.78,2.37,23753.0,0.259,2.0,Hypertension
51141,Patrick,VA,13.9,38.3,18.75,62.75,39.85,10533.03,49180.0,11.12,0.34,5.62,3.27,17660.0,0.296,3.0,Diabetes
51143,Pittsylvania,VA,15.25,41.75,18.7,63.6,41.6,10564.86,52619.0,16.05,0.8,19.56,2.91,60541.0,0.372,4.0,Hypertension
51145,Powhatan,VA,10.75,34.45,16.65,64.75,35.95,11582.03,108089.0,4.28,0.63,8.8,2.47,30503.0,0.186,1.0,Uninsured
51147,Prince Edward,VA,13.9,37.1,20.25,63.8,39.25,10883.32,57304.0,13.63,0.65,29.92,3.61,21922.0,0.303,3.0,Diabetes
51149,Prince George,VA,11.9,35.05,18.15,67.2,39.05,12862.43,80318.0,7.13,0.6,31.09,9.66,42634.0,0.223,2.0,Diabetes
51153,Prince William,VA,11.1,32.35,15.0,64.0,34.0,11196.23,123193.0,5.98,1.79,20.69,24.97,481114.0,0.196,1.0,Uninsured
51155,Pulaski,VA,12.45,35.85,18.4,64.7,35.6,11562.06,59740.0,12.59,0.28,5.01,1.94,33841.0,0.261,2.0,Diabetes
51157,Rappahannock,VA,12.4,36.9,16.5,66.05,35.2,11173.01,98663.0,7.61,2.47,4.41,4.28,7422.0,0.266,3.0,Uninsured
51159,Richmond,VA,13.9,40.1,18.1,62.0,37.25,13301.57,62708.0,6.2,0.35,27.22,7.49,8968.0,0.287,3.0,Hypertension
51161,Roanoke,VA,10.75,33.35,16.6,65.7,34.4,11346.03,80872.0,6.9,0.66,6.11,3.52,96653.0,0.191,1.0,Uninsured
51163,Rockbridge,VA,12.05,36.45,17.2,65.0,34.15,10062.45,61903.0,8.75,0.41,4.35,2.14,22673.0,0.242,2.0,Hypertension
51165,Rockingham,VA,11.2,34.15,17.7,63.2,33.3,10591.62,73232.0,8.53,1.85,2.42,7.82,83905.0,0.224,2.0,Uninsured
51167,Russell,VA,13.75,39.0,19.8,61.15,39.45,11476.53,44088.0,19.12,1.18,2.02,0.69,25763.0,0.345,4.0,Poverty
51169,Scott,VA,14.25,39.4,19.7,58.45,38.3,10747.58,44535.0,16.36,1.0,1.17,1.5,21536.0,0.341,4.0,Diabetes
51171,Shenandoah,VA,12.55,35.4,18.35,61.8,36.25,12061.51,62149.0,12.41,0.67,2.74,8.01,44337.0,0.262,2.0,Diabetes
51173,Smyth,VA,13.6,37.45,19.75,60.25,38.05,12058.91,45061.0,18.32,0.47,1.78,2.26,29799.0,0.32,3.0,Poverty
51175,Southampton,VA,14.0,39.5,17.7,62.55,38.15,12064.39,67813.0,7.69,1.4,30.11,2.19,18003.0,0.301,3.0,Hypertension
51177,Spotsylvania,VA,11.85,35.05,16.75,65.25,40.15,13118.39,105068.0,7.31,1.11,16.78,11.32,141097.0,0.228,2.0,Uninsured
51179,Stafford,VA,10.45,31.1,15.85,67.55,35.45,12153.29,128036.0,5.25,1.24,18.99,14.92,157606.0,0.168,1.0,Uninsured
51181,Surry,VA,14.85,41.15,17.25,65.95,39.7,11072.47,68655.0,13.29,0.75,41.67,2.83,6546.0,0.347,4.0,Hypertension
51183,Sussex,VA,15.3,42.05,18.2,63.85,45.6,13219.48,59195.0,11.03,1.31,54.81,3.52,10866.0,0.356,4.0,Hypertension
51185,Tazewell,VA,14.15,39.7,19.75,61.65,40.45,11424.24,46508.0,17.42,0.69,4.04,1.16,40392.0,0.344,4.0,Hypertension
51187,Warren,VA,11.7,34.15,18.1,63.35,37.85,11094.85,79313.0,11.69,2.14,5.36,6.33,40800.0,0.25,2.0,Uninsured
51191,Washington,VA,12.05,36.2,17.6,61.95,38.35,11777.5,59116.0,11.68,0.8,1.72,1.63,53985.0,0.257,2.0,Hypertension
51193,Westmoreland,VA,15.75,40.65,18.3,63.35,41.1,12065.52,56647.0,15.88,0.9,24.39,6.81,18480.0,0.373,4.0,Diabetes
51195,Wise,VA,13.9,39.6,20.4,63.2,43.5,11389.33,47541.0,18.31,0.28,4.7,1.33,36105.0,0.339,4.0,Hypertension
51197,Wythe,VA,12.65,36.85,18.95,62.0,38.6,11651.93,53921.0,17.02,1.55,2.15,1.42,28275.0,0.304,3.0,Poverty
51199,York,VA,10.25,31.45,15.0,69.55,31.5,10941.86,105154.0,4.64,0.49,13.14,7.26,70238.0,0.156,1.0,Uninsured
51510,Alexandria,VA,9.85,30.2,14.45,66.3,31.6,11723.17,113179.0,8.73,0.99,21.35,16.56,157594.0,0.165,1.0,Uninsured
51520,Bristol,VA,13.3,37.9,19.2,63.25,39.25,12760.5,45250.0,16.67,1.4,6.26,2.61,17036.0,0.32,3.0,Poverty
51530,Buena Vista,VA,12.4,35.35,20.05,59.75,38.0,11966.58,48783.0,20.09,1.14,4.14,1.48,6639.0,0.3,3.0,Poverty
51540,Charlottesville,VA,10.95,31.6,17.1,65.3,34.1,10797.56,67177.0,22.15,0.64,17.16,5.84,46289.0,0.253,2.0,Poverty
51550,Chesapeake,VA,12.2,35.35,16.75,66.15,39.85,11629.08,92703.0,7.49,0.97,29.29,7.05,249377.0,0.236,2.0,Diabetes
51570,Colonial Heights,VA,11.4,34.45,17.15,66.45,37.55,13322.75,72216.0,10.06,2.64,17.22,7.25,18158.0,0.244,2.0,Uninsured
51580,Covington,VA,15.0,39.6,20.55,63.05,40.7,13630.29,45737.0,16.62,1.75,13.46,2.38,5722.0,0.364,4.0,Diabetes
51590,Danville,VA,18.25,45.15,20.05,58.4,42.0,11897.79,41484.0,24.35,0.67,50.2,4.91,42507.0,0.485,4.0,Diabetes
51595,Emporia,VA,18.3,44.85,19.9,58.75,44.65,15483.63,41442.0,16.53,0.63,60.56,4.68,5680.0,0.446,4.0,Diabetes
51600,Fairfax,VA,10.65,30.35,14.0,67.35,31.7,11551.03,128708.0,9.64,0.92,5.87,18.14,24242.0,0.183,1.0,Uninsured
51610,Falls Church,VA,8.35,27.85,12.7,68.2,28.85,10726.4,164536.0,2.32,0.0,4.59,11.25,14576.0,0.083,1.0,Uninsured
51620,Franklin,VA,16.6,42.75,19.35,60.85,44.0,13218.77,57537.0,18.38,0.38,51.4,3.28,8194.0,0.409,4.0,Diabetes
51630,Fredericksburg,VA,10.9,31.85,17.85,66.5,40.5,13604.92,83445.0,16.52,0.98,21.53,11.71,28258.0,0.231,2.0,Poverty
51640,Galax,VA,15.1,38.75,20.35,60.5,39.4,13258.44,44612.0,21.44,2.65,8.02,20.62,6687.0,0.391,4.0,Diabetes
51650,Hampton,VA,14.4,39.0,18.3,67.25,40.6,11656.98,64430.0,13.04,0.58,48.98,6.58,137217.0,0.321,3.0,Diabetes
51660,Harrisonburg,VA,12.05,31.65,19.9,58.95,36.55,11301.91,56050.0,23.41,1.68,7.49,20.78,51784.0,0.288,3.0,Poverty
51670,Hopewell,VA,16.9,42.25,21.05,58.6,45.85,13173.01,50661.0,21.12,1.09,43.3,8.86,23046.0,0.43,4.0,Diabetes
51678,Lexington,VA,9.15,28.8,18.65,68.7,32.4,10439.36,93651.0,9.47,0.22,5.17,5.08,7346.0,0.139,1.0,Uninsured
51680,Lynchburg,VA,11.75,34.5,19.1,63.4,38.4,11405.34,56243.0,15.2,0.73,27.57,4.66,79166.0,0.256,2.0,Poverty
51683,Manassas,VA,11.9,30.9,15.75,62.45,35.55,11053.73,110559.0,4.73,4.5,13.39,38.78,42620.0,0.221,2.0,Uninsured
51685,Manassas Park,VA,13.85,33.35,16.6,58.0,38.3,11976.49,91673.0,5.04,3.87,14.68,41.9,17123.0,0.266,3.0,Uninsured
51690,Martinsville,VA,17.25,42.85,20.05,61.3,44.8,12473.25,39127.0,23.76,2.25,45.41,6.99,13539.0,0.464,4.0,Diabetes
51700,Newport News,VA,13.4,37.6,18.1,64.6,41.15,12076.35,63355.0,14.08,1.14,41.16,9.88,185118.0,0.305,3.0,Diabetes
51710,Norfolk,VA,13.15,37.35,18.5,64.6,40.95,11948.9,60998.0,15.34,1.14,40.72,8.73,236973.0,0.305,3.0,Diabetes
51720,Norton,VA,14.0,38.35,20.7,62.05,40.75,11101.03,36974.0,28.6,0.87,2.04,0.0,3668.0,0.386,4.0,Poverty
51730,Petersburg,VA,18.1,44.9,20.0,62.1,46.6,14017.57,46930.0,21.87,1.67,77.26,5.31,33261.0,0.479,4.0,Diabetes
51735,Poquoson,VA,9.9,32.1,15.8,67.95,33.05,11328.8,114503.0,4.49,0.1,1.8,3.4,12479.0,0.151,1.0,Uninsured
51740,Portsmouth,VA,15.35,39.9,19.55,63.8,40.9,12034.2,57154.0,16.77,0.96,51.44,5.01,97384.0,0.365,4.0,Diabetes
51750,Radford,VA,11.45,32.5,22.05,60.15,37.45,11964.52,51039.0,27.48,0.26,8.91,3.24,16379.0,0.289,3.0,Poverty
51760,Richmond,VA,13.2,36.9,18.0,64.2,38.0,11701.58,59606.0,18.63,1.18,43.96,7.62,227171.0,0.318,3.0,Poverty
51770,Roanoke,VA,14.15,37.85,18.6,65.7,41.95,11428.65,51523.0,18.78,1.08,29.37,6.89,99213.0,0.341,4.0,Diabetes
51775,Salem,VA,11.2,33.65,17.7,67.65,35.7,11489.17,68402.0,8.62,1.02,7.89,3.77,25372.0,0.212,2.0,Uninsured
51790,Staunton,VA,11.8,34.75,17.8,67.1,36.5,11591.32,59731.0,10.8,0.95,10.71,3.8,25581.0,0.24,2.0,Uninsured
51800,Suffolk,VA,12.9,37.8,17.25,67.7,42.25,12040.39,87758.0,9.35,1.26,41.55,4.82,94856.0,0.277,3.0,Hypertension
51810,Virginia Beach,VA,11.75,34.25,16.55,65.7,36.65,11901.65,87544.0,7.88,1.0,18.89,8.77,457900.0,0.222,2.0,Uninsured
51820,Waynesboro,VA,12.3,35.7,18.25,61.5,38.6,11033.07,52519.0,15.94,1.75,10.58,9.29,22341.0,0.287,3.0,Poverty
51830,Williamsburg,VA,10.35,31.15,18.4,67.8,34.15,9907.16,66815.0,9.37,0.88,15.24,7.68,15486.0,0.182,1.0,Uninsured
51840,Winchester,VA,13.55,36.3,18.6,63.85,37.95,11195.48,62495.0,16.15,2.32,9.94,18.7,28103.0,0.319,3.0,Diabetes
53001,Adams,WA,13.2,32.3,18.3,55.05,37.95,10753.4,63105.0,20.68,1.22,0.21,64.47,20557.0,0.295,3.0,Poverty
53003,Asotin,WA,10.95,33.5,18.35,64.5,35.4,10604.18,63724.0,15.93,0.25,0.75,4.66,22370.0,0.234,2.0,Poverty
53005,Benton,WA,9.9,28.05,16.45,61.65,36.25,10627.24,83778.0,10.43,0.67,1.76,23.52,207560.0,0.155,1.0,Uninsured
53007,Chelan,WA,9.7,29.85,16.8,64.1,29.25,10384.47,71876.0,9.12,0.76,0.51,28.64,79076.0,0.159,1.0,Uninsured
53009,Clallam,WA,10.15,33.7,16.7,65.2,31.15,9429.46,66108.0,10.72,0.86,0.91,7.18,77333.0,0.203,1.0,Uninsured
53011,Clark,WA,9.0,29.65,18.6,66.6,35.15,9780.67,90115.0,8.79,0.84,2.01,10.75,504091.0,0.145,1.0,Uninsured
53013,Columbia,WA,10.45,32.3,17.2,66.05,32.55,12406.21,68825.0,9.22,0.15,0.9,8.17,3980.0,0.184,1.0,Uninsured
53015,Cowlitz,WA,10.35,32.9,19.45,61.6,40.4,9423.62,70912.0,11.98,0.74,0.75,9.81,110621.0,0.205,1.0,Poverty
53017,Douglas,WA,10.25,30.55,17.05,61.4,35.95,9846.22,79422.0,7.88,0.69,0.46,33.34,43189.0,0.167,1.0,Uninsured
53019,Ferry,WA,12.75,35.9,19.1,60.5,40.1,8483.59,50424.0,15.34,0.83,0.22,1.79,7260.0,0.284,3.0,Poverty
53021,Franklin,WA,11.05,28.45,17.6,57.9,35.3,10285.59,77877.0,13.05,1.94,2.3,53.88,96692.0,0.202,1.0,Uninsured
53023,Garfield,WA,9.9,33.35,16.7,62.4,30.95,17724.78,57958.0,11.0,0.17,0.95,3.77,2310.0,0.191,1.0,Poverty
53025,Grant,WA,11.15,31.9,18.0,56.3,38.95,9545.57,66387.0,14.14,0.57,1.03,42.82,99145.0,0.22,2.0,Poverty
53027,Grays Harbor,WA,12.05,35.9,19.45,63.55,36.9,9836.57,59105.0,14.28,0.44,1.4,10.82,75672.0,0.264,2.0,Poverty
53029,Island,WA,8.95,31.25,15.8,67.75,31.55,8693.39,82850.0,6.62,0.42,2.57,8.53,86510.0,0.142,1.0,Uninsured
53031,Jefferson,WA,10.55,34.25,15.4,67.8,28.9,9088.67,64796.0,13.55,0.42,0.42,4.11,33006.0,0.223,2.0,Poverty
53033,King,WA,7.25,26.45,14.7,63.8,22.5,10260.47,116340.0,8.33,0.51,6.52,10.15,2254371.0,0.087,1.0,Uninsured
53035,Kitsap,WA,9.05,31.35,16.5,65.1,31.9,9940.59,93675.0,8.02,0.71,2.71,8.52,275411.0,0.153,1.0,Uninsured
53037,Kittitas,WA,9.3,29.35,18.25,63.5,35.5,9493.16,66800.0,13.78,0.63,0.9,9.58,44424.0,0.169,1.0,Poverty
53039,Klickitat,WA,10.2,30.45,17.2,61.55,32.8,9360.87,66581.0,13.74,0.6,0.75,12.65,22798.0,0.192,1.0,Poverty
53041,Lewis,WA,10.85,33.45,18.6,58.95,38.9,10199.51,67247.0,12.12,0.4,0.62,11.15,82663.0,0.215,2.0,Poverty
53043,Lincoln,WA,10.0,32.5,17.1,61.8,37.7,10976.58,68172.0,11.5,0.46,0.53,3.88,11036.0,0.192,1.0,Poverty
53045,Mason,WA,10.7,33.25,17.95,66.0,35.85,10145.57,74388.0,12.7,0.52,1.04,11.06,66053.0,0.215,2.0,Poverty
53047,Okanogan,WA,11.85,34.25,18.2,59.05,32.65,9180.08,58218.0,18.55,0.68,1.35,21.78,42336.0,0.271,3.0,Poverty
53049,Pacific,WA,12.4,36.3,17.8,62.2,36.4,9597.69,58889.0,12.92,0.76,0.53,10.22,23396.0,0.269,3.0,Hypertension
53051,Pend Oreille,WA,11.3,33.9,18.25,64.45,38.75,9335.59,59353.0,12.75,1.72,0.22,4.66,13570.0,0.242,2.0,Uninsured
53053,Pierce,WA,10.25,31.55,18.3,63.1,36.85,10667.42,91486.0,8.48,0.72,7.11,11.91,918993.0,0.177,1.0,Uninsured
53055,San Juan,WA,8.95,31.3,14.65,62.45,24.75,8872.39,76745.0,10.85,0.79,0.61,6.83,18001.0,0.165,1.0,Uninsured
53057,Skagit,WA,9.65,30.3,16.6,60.65,33.1,10138.1,82029.0,11.82,0.65,0.91,19.25,129480.0,0.173,1.0,Poverty
53059,Skamania,WA,9.7,32.3,17.3,65.35,32.55,9137.29,84500.0,8.55,0.97,0.1,8.59,12118.0,0.176,1.0,Uninsured
53061,Snohomish,WA,8.7,28.6,16.0,65.2,30.35,9901.02,104083.0,7.51,0.74,3.46,11.09,828337.0,0.126,1.0,Uninsured
53063,Spokane,WA,9.65,29.8,17.85,66.05,34.75,10864.5,70394.0,11.99,0.49,1.91,6.45,538711.0,0.169,1.0,Poverty
53065,Stevens,WA,10.85,33.45,17.25,59.55,34.2,8856.03,62381.0,13.17,1.54,0.35,4.06,46774.0,0.231,2.0,Uninsured
53067,Thurston,WA,9.6,32.65,17.4,67.25,31.15,9509.85,88895.0,9.22,0.54,3.13,9.88,294272.0,0.176,1.0,Uninsured
53069,Wahkiakum,WA,12.2,36.95,17.8,61.25,39.25,8189.81,59167.0,13.61,1.34,0.98,7.35,4476.0,0.28,3.0,Hypertension
53071,Walla Walla,WA,9.9,30.0,17.25,60.95,34.75,9625.04,66635.0,10.29,0.62,1.92,22.3,62150.0,0.168,1.0,Uninsured
53073,Whatcom,WA,8.35,27.4,18.2,65.8,26.9,9847.38,77581.0,12.57,0.65,0.92,10.14,226523.0,0.134,1.0,Poverty
53075,Whitman,WA,8.65,27.1,19.95,62.25,30.7,11703.05,49345.0,20.78,0.53,1.97,6.71,47141.0,0.174,1.0,Poverty
53077,Yakima,WA,12.5,31.95,18.0,53.65,39.95,9247.89,64910.0,15.32,1.65,0.91,51.19,256143.0,0.26,2.0,Poverty
54001,Barbour,WV,15.35,43.75,23.5,61.55,43.55,12822.28,44341.0,21.11,0.0,1.38,1.17,15527.0,0.404,4.0,Hypertension
54003,Berkeley,WV,12.75,38.25,22.0,66.5,38.4,10222.49,73619.0,10.79,0.74,6.78,5.22,123283.0,0.279,3.0,Hypertension
54005,Boone,WV,15.2,44.25,22.85,60.1,46.45,12894.93,56182.0,16.32,0.38,0.27,0.33,21705.0,0.386,4.0,Hypertension
54007,Braxton,WV,16.75,44.9,23.4,61.65,41.4,12723.65,42245.0,17.56,0.38,1.05,1.1,12505.0,0.423,4.0,Hypertension
54009,Brooke,WV,13.6,40.8,20.7,62.65,40.15,13504.57,51963.0,10.53,0.39,1.49,1.04,22349.0,0.307,3.0,Hypertension
54011,Cabell,WV,14.05,38.45,22.4,65.45,44.9,12034.12,48944.0,19.22,0.84,4.35,1.5,93965.0,0.343,4.0,Poverty
54013,Calhoun,WV,18.1,46.35,23.95,59.95,40.6,12480.44,39031.0,33.49,1.45,0.05,0.3,6279.0,0.541,4.0,Poverty
54015,Clay,WV,16.5,44.4,23.65,63.5,41.75,10434.85,41530.0,24.19,0.26,0.06,0.1,8049.0,0.445,4.0,Hypertension
54017,Doddridge,WV,14.8,42.65,22.05,61.55,41.0,10609.57,56587.0,12.41,1.04,1.84,1.64,7847.0,0.356,4.0,Hypertension
54019,Fayette,WV,15.85,41.95,23.05,60.85,40.4,12066.62,50090.0,20.69,0.66,4.5,1.3,40545.0,0.404,4.0,Diabetes
54021,Gilmer,WV,15.0,42.75,21.7,60.75,43.35,11781.45,51552.0,8.25,0.36,13.59,3.95,7444.0,0.334,3.0,Hypertension
54023,Grant,WV,14.4,41.25,21.45,65.45,43.25,11672.22,52877.0,11.6,1.2,1.44,0.44,11034.0,0.337,4.0,Hypertension
54025,Greenbrier,WV,15.1,42.7,22.2,59.9,40.3,10798.27,45519.0,19.5,1.01,2.09,2.05,32995.0,0.394,4.0,Hypertension
54027,Hampshire,WV,14.65,41.7,21.5,62.55,39.0,11151.01,55222.0,16.93,1.95,0.51,1.59,23275.0,0.377,4.0,Hypertension
54029,Hancock,WV,14.55,42.25,21.45,69.5,43.95,13345.27,57515.0,13.19,1.31,2.12,1.62,28907.0,0.355,4.0,Hypertension
54031,Hardy,WV,16.6,44.35,22.35,60.9,41.7,11358.88,49205.0,17.17,0.6,4.43,4.7,14249.0,0.417,4.0,Hypertension
54033,Harrison,WV,14.1,40.05,21.2,64.95,40.15,12578.21,56184.0,13.41,0.81,1.31,1.8,65862.0,0.328,3.0,Hypertension
54035,Jackson,WV,15.3,43.0,21.7,61.8,42.65,12177.59,55173.0,19.43,0.12,0.15,1.12,27868.0,0.391,4.0,Hypertension
54037,Jefferson,WV,12.3,38.2,19.25,63.85,38.1,11729.44,93744.0,8.88,0.85,5.48,6.46,58043.0,0.263,2.0,Hypertension
54039,Kanawha,WV,14.0,43.05,21.95,64.25,40.3,12487.67,55226.0,16.15,0.47,6.68,1.17,179895.0,0.357,4.0,Hypertension
54041,Lewis,WV,15.15,41.0,22.65,62.4,40.1,11601.79,50552.0,16.62,0.33,0.13,1.35,16920.0,0.363,4.0,Diabetes
54043,Lincoln,WV,16.45,43.75,23.7,60.15,45.4,12221.16,50985.0,18.99,0.94,0.1,1.24,20410.0,0.422,4.0,Diabetes
54045,Logan,WV,16.2,44.4,24.25,57.85,44.85,12409.88,42194.0,23.13,1.13,1.76,1.06,32350.0,0.444,4.0,Hypertension
54047,McDowell,WV,19.5,47.8,24.9,58.5,46.15,10364.97,28235.0,29.89,1.3,14.2,2.04,18911.0,0.557,4.0,Diabetes
54049,Marion,WV,13.65,40.0,22.05,65.3,42.55,12633.82,59974.0,14.54,1.41,2.88,1.4,56194.0,0.331,3.0,Hypertension
54051,Marshall,WV,14.4,41.85,21.75,66.6,37.4,11960.98,58129.0,14.27,0.46,0.69,0.99,30509.0,0.346,4.0,Hypertension
54053,Mason,WV,15.1,42.2,22.8,60.5,41.25,11589.36,53058.0,15.78,0.26,0.31,1.28,25488.0,0.366,4.0,Hypertension
54055,Mercer,WV,15.4,42.0,22.4,65.3,40.9,11866.49,46409.0,18.26,0.76,5.9,1.3,59530.0,0.386,4.0,Hypertension
54057,Mineral,WV,13.45,39.6,20.75,64.25,39.35,11997.19,64728.0,13.47,0.36,2.43,1.06,26957.0,0.31,3.0,Hypertension
54059,Mingo,WV,18.1,46.45,25.35,54.8,43.25,11085.57,38305.0,28.46,0.17,2.49,0.27,23466.0,0.506,4.0,Diabetes
54061,Monongalia,WV,11.45,33.5,20.45,63.5,33.05,12687.78,60893.0,19.43,0.48,3.45,2.28,105988.0,0.261,2.0,Poverty
54063,Monroe,WV,15.5,43.2,21.9,62.6,41.15,10376.5,52392.0,13.09,0.8,0.68,1.96,12438.0,0.373,4.0,Hypertension
54065,Morgan,WV,14.5,42.2,21.25,63.05,39.0,11063.35,61021.0,10.49,1.22,0.16,1.92,17237.0,0.341,4.0,Hypertension
54067,Nicholas,WV,14.7,42.5,22.1,63.85,40.45,11217.47,48826.0,16.57,0.31,0.06,0.99,24624.0,0.366,4.0,Hypertension
54069,Ohio,WV,13.5,39.6,21.1,64.65,39.8,12075.22,55521.0,13.91,0.29,3.24,1.28,42224.0,0.312,3.0,Hypertension
54071,Pendleton,WV,15.4,42.95,21.15,66.6,36.65,12624.84,52458.0,16.07,0.65,3.33,1.46,6156.0,0.382,4.0,Hypertension
54073,Pleasants,WV,13.55,40.85,21.65,65.5,43.75,12283.07,59666.0,7.11,0.49,0.71,2.62,7622.0,0.292,3.0,Hypertension
54075,Pocahontas,WV,16.45,44.85,22.3,60.6,40.6,10709.02,41680.0,19.4,0.04,0.47,0.74,7940.0,0.423,4.0,Hypertension
54077,Preston,WV,13.95,40.4,22.0,63.55,37.5,12581.72,60136.0,12.29,0.36,6.15,2.33,34206.0,0.318,3.0,Hypertension
54079,Putnam,WV,12.7,40.7,20.5,64.1,38.05,13024.13,75725.0,10.86,0.75,0.88,1.29,57347.0,0.296,3.0,Hypertension
54081,Raleigh,WV,15.95,44.2,23.3,58.95,43.1,12426.37,47975.0,21.01,0.3,7.28,1.63,74303.0,0.42,4.0,Hypertension
54083,Randolph,WV,14.35,42.65,21.75,60.85,46.05,11927.29,51186.0,14.08,0.33,1.68,0.99,28005.0,0.349,4.0,Hypertension
54085,Ritchie,WV,15.6,43.35,22.9,60.45,42.65,12521.89,48973.0,19.82,0.47,0.38,0.31,8507.0,0.404,4.0,Hypertension
54087,Roane,WV,16.95,44.9,23.25,55.45,41.45,11044.24,41299.0,20.9,0.89,0.09,1.13,14027.0,0.447,4.0,Diabetes
54089,Summers,WV,16.85,44.3,23.15,62.2,39.8,11219.13,42991.0,19.62,1.39,4.71,2.34,11985.0,0.44,4.0,Diabetes
54091,Taylor,WV,14.25,41.65,22.05,63.45,41.8,11664.49,52946.0,16.4,0.19,1.17,0.97,16602.0,0.35,4.0,Hypertension
54093,Tucker,WV,14.4,43.0,20.7,67.35,39.15,10585.35,54053.0,9.47,0.58,0.06,0.13,6747.0,0.334,3.0,Hypertension
54095,Tyler,WV,15.2,43.45,21.9,60.45,42.65,12772.28,59167.0,11.83,0.17,0.73,1.64,8336.0,0.357,4.0,Hypertension
54097,Upshur,WV,14.9,41.95,22.6,60.55,36.85,12029.46,49663.0,16.79,0.46,1.65,1.4,23875.0,0.368,4.0,Hypertension
54099,Wayne,WV,15.0,42.95,22.95,66.1,42.6,10821.87,52694.0,16.67,1.89,0.88,0.74,38933.0,0.39,4.0,Hypertension
54101,Webster,WV,16.8,45.05,23.35,58.6,42.75,11039.68,43409.0,17.66,1.38,0.26,0.63,8362.0,0.435,4.0,Hypertension
54103,Wetzel,WV,14.75,41.8,22.6,63.8,42.4,12005.84,50715.0,16.61,0.69,0.08,1.12,14431.0,0.365,4.0,Hypertension
54105,Wirt,WV,15.7,43.1,22.4,63.15,42.6,11021.63,52776.0,20.11,0.33,1.19,0.0,5202.0,0.404,4.0,Hypertension
54107,Wood,WV,14.8,42.0,21.85,69.15,43.45,12973.17,54350.0,14.54,0.64,1.22,1.43,84272.0,0.357,4.0,Hypertension
54109,Wyoming,WV,16.5,45.9,23.7,59.3,44.35,12165.29,44510.0,24.19,0.48,0.51,0.86,21237.0,0.458,4.0,Hypertension
55001,Adams,WI,13.95,37.9,16.45,63.85,40.3,9973.56,55223.0,13.94,0.66,2.45,4.49,20730.0,0.311,3.0,Diabetes
55003,Ashland,WI,12.35,33.2,17.5,62.85,41.3,10903.66,57000.0,15.98,0.9,1.55,3.27,16041.0,0.262,2.0,Poverty
55005,Barron,WI,11.5,32.95,16.65,67.65,38.3,11156.92,59379.0,11.57,1.98,1.85,2.96,46683.0,0.236,2.0,Uninsured
55007,Bayfield,WI,11.55,35.55,15.5,67.45,39.0,9694.21,67266.0,10.34,0.75,1.02,2.41,16214.0,0.237,2.0,Hypertension
55009,Brown,WI,9.9,30.1,15.85,68.75,41.1,11223.01,74066.0,9.45,0.93,2.65,9.45,268393.0,0.168,1.0,Uninsured
55011,Buffalo,WI,11.1,32.8,16.35,66.5,39.5,11203.19,64238.0,8.16,0.62,0.32,2.57,13329.0,0.198,1.0,Uninsured
55013,Burnett,WI,12.75,35.3,16.3,65.2,38.9,9724.1,60466.0,11.54,1.09,0.69,2.11,16561.0,0.265,2.0,Diabetes
55015,Calumet,WI,9.4,28.9,15.65,66.75,33.05,11023.57,84151.0,5.83,0.38,0.97,4.7,52361.0,0.128,1.0,Uninsured
55017,Chippewa,WI,10.55,32.1,16.5,64.6,41.55,11213.46,69815.0,9.54,1.24,1.53,1.9,66254.0,0.197,1.0,Uninsured
55019,Clark,WI,11.35,31.3,17.7,62.95,38.0,11277.78,63187.0,12.01,9.63,0.7,5.55,34703.0,0.299,3.0,Uninsured
55021,Columbia,WI,10.15,30.2,16.15,65.25,33.4,9489.74,79271.0,7.32,1.31,1.67,3.87,58272.0,0.166,1.0,Uninsured
55023,Crawford,WI,11.95,34.45,17.0,65.7,37.5,11457.47,60823.0,11.78,1.48,1.87,1.84,16123.0,0.25,2.0,Uninsured
55025,Dane,WI,8.15,25.55,14.75,68.65,32.9,9496.1,84297.0,10.59,0.54,5.04,6.79,559891.0,0.107,1.0,Uninsured
55027,Dodge,WI,10.25,31.1,16.6,65.1,42.65,10228.73,71747.0,7.28,0.55,2.57,5.51,89032.0,0.167,1.0,Uninsured
55029,Door,WI,10.8,33.35,14.5,66.55,36.7,9864.65,68257.0,8.57,0.45,0.59,3.69,30038.0,0.198,1.0,Uninsured
55031,Douglas,WI,10.55,32.9,16.75,65.0,40.95,10829.65,64682.0,10.94,0.91,1.26,1.81,44092.0,0.206,1.0,Uninsured
55033,Dunn,WI,9.6,29.45,16.8,64.7,39.75,11967.8,69721.0,10.13,0.88,0.33,2.15,45221.0,0.16,1.0,Uninsured
55035,Eau Claire,WI,9.15,28.55,16.9,62.35,30.7,11249.95,70127.0,11.64,1.07,1.32,2.78,105697.0,0.155,1.0,Uninsured
55037,Florence,WI,11.75,34.95,15.65,67.6,37.15,9148.06,58049.0,9.64,0.87,0.44,0.44,4574.0,0.234,2.0,Uninsured
55039,Fond du Lac,WI,10.4,31.95,16.3,63.35,43.8,10856.02,70368.0,8.3,0.52,1.58,5.77,104027.0,0.18,1.0,Uninsured
55041,Forest,WI,14.35,38.55,18.95,63.6,45.9,10083.2,55552.0,13.61,1.19,0.3,2.53,9239.0,0.326,3.0,Diabetes
55043,Grant,WI,10.9,30.55,17.65,64.85,41.8,10101.55,63497.0,12.88,2.71,1.74,1.98,51842.0,0.222,2.0,Uninsured
55045,Green,WI,10.0,32.75,15.85,68.5,40.1,9031.73,76080.0,6.51,0.8,0.59,3.43,37066.0,0.173,1.0,Uninsured
55047,Green Lake,WI,11.9,33.9,16.9,64.95,40.4,9585.8,66395.0,12.53,2.89,1.07,5.44,19093.0,0.263,2.0,Uninsured
55049,Iowa,WI,9.95,30.25,15.95,65.95,38.45,9203.74,79226.0,7.89,0.65,0.83,2.12,23766.0,0.16,1.0,Uninsured
55051,Iron,WI,12.2,33.7,15.9,63.85,34.65,9330.54,55777.0,10.23,1.16,0.07,1.56,6136.0,0.238,2.0,Diabetes
55053,Jackson,WI,12.0,35.1,17.45,62.3,40.3,10950.7,64630.0,11.99,1.41,1.73,3.72,20958.0,0.256,2.0,Uninsured
55055,Jefferson,WI,9.8,29.15,16.0,63.75,40.8,9986.48,77018.0,7.36,0.44,1.16,7.48,85932.0,0.144,1.0,Uninsured
55057,Juneau,WI,12.55,36.25,17.35,60.45,41.9,9182.65,63455.0,14.0,0.54,2.46,3.33,26695.0,0.274,3.0,Diabetes
55059,Kenosha,WI,10.7,32.1,16.35,66.25,40.1,11950.14,76583.0,10.84,1.03,6.54,14.02,168693.0,0.203,1.0,Uninsured
55061,Kewaunee,WI,10.65,31.95,15.95,67.1,41.2,13119.2,77610.0,6.67,0.2,0.47,3.38,20570.0,0.174,1.0,Uninsured
55063,La Crosse,WI,9.7,29.2,16.55,68.45,38.25,10427.44,68731.0,11.33,0.86,1.51,2.22,120216.0,0.166,1.0,Uninsured
55065,Lafayette,WI,11.15,33.35,17.25,64.1,41.9,10046.94,69293.0,10.43,3.0,0.48,4.38,16716.0,0.237,2.0,Uninsured
55067,Langlade,WI,12.05,34.75,17.1,66.4,37.1,10097.81,55091.0,12.08,0.6,0.36,2.3,19512.0,0.247,2.0,Diabetes
55069,Lincoln,WI,11.3,34.3,16.9,66.7,42.45,11101.8,64314.0,10.17,0.85,0.63,2.01,28402.0,0.224,2.0,Uninsured
55071,Manitowoc,WI,10.7,33.4,15.8,64.2,39.0,10289.23,66412.0,9.85,0.83,1.07,4.68,81242.0,0.206,1.0,Uninsured
55073,Marathon,WI,9.85,31.9,15.45,62.0,36.15,10322.18,73248.0,8.22,1.05,0.56,3.08,137820.0,0.175,1.0,Uninsured
55075,Marinette,WI,11.9,33.9,16.5,67.15,37.7,10185.39,60347.0,9.42,0.43,0.45,2.2,41827.0,0.224,2.0,Diabetes
55077,Marquette,WI,12.35,35.7,16.7,65.15,43.2,8923.8,59748.0,10.35,0.95,0.47,3.84,15619.0,0.254,2.0,Diabetes
55078,Menominee,WI,16.75,36.65,20.0,60.15,45.4,10830.59,62194.0,19.86,6.73,0.19,8.37,4279.0,0.437,4.0,Uninsured
55079,Milwaukee,WI,12.75,34.65,17.1,68.1,38.7,12403.65,59319.0,17.45,0.79,26.1,16.08,933063.0,0.285,3.0,Poverty
55081,Monroe,WI,11.6,33.5,17.4,62.15,44.2,10377.7,66451.0,11.38,3.0,1.5,5.12,46208.0,0.25,2.0,Uninsured
55083,Oconto,WI,11.15,33.15,16.95,65.45,42.35,10214.49,73611.0,8.15,0.35,0.24,2.08,39048.0,0.199,1.0,Uninsured
55085,Oneida,WI,11.55,34.1,15.95,64.45,35.05,9450.5,66111.0,9.4,0.72,0.38,1.71,37799.0,0.222,2.0,Uninsured
55087,Outagamie,WI,9.6,31.65,15.9,66.2,36.5,10520.95,78705.0,6.79,0.91,1.45,4.72,190611.0,0.161,1.0,Uninsured
55089,Ozaukee,WI,8.95,27.45,14.25,68.3,30.35,11417.35,92258.0,4.4,0.5,1.39,3.36,91745.0,0.104,1.0,Uninsured
55091,Pepin,WI,10.7,32.3,15.95,67.05,36.5,12343.85,70833.0,7.74,1.34,0.29,2.31,7363.0,0.193,1.0,Uninsured
55093,Pierce,WI,9.35,29.85,16.0,64.35,33.75,11167.37,82996.0,9.21,0.62,0.55,2.52,42187.0,0.152,1.0,Uninsured
55095,Polk,WI,10.8,32.45,16.0,66.2,35.4,10515.97,74142.0,8.22,1.21,0.48,1.97,45128.0,0.197,1.0,Uninsured
55097,Portage,WI,9.15,28.0,16.45,66.9,35.8,9486.11,71301.0,9.98,0.53,0.88,3.63,70281.0,0.138,1.0,Uninsured
55099,Price,WI,12.4,34.85,16.4,63.2,42.35,10813.97,55822.0,13.37,0.96,0.17,2.1,14066.0,0.263,2.0,Diabetes
55101,Racine,WI,11.45,32.45,15.85,63.75,42.25,12600.97,72658.0,11.03,0.49,10.83,14.45,197068.0,0.214,2.0,Poverty
55103,Richland,WI,11.85,33.3,16.75,61.75,37.55,12110.02,61985.0,14.23,3.69,0.72,2.77,17256.0,0.273,3.0,Uninsured
55105,Rock,WI,11.3,31.35,16.5,64.35,41.8,11151.3,70630.0,9.68,0.65,4.64,9.47,163817.0,0.199,1.0,Uninsured
55107,Rusk,WI,12.75,35.15,17.2,64.3,41.0,10258.26,57473.0,11.2,1.04,0.73,2.12,14179.0,0.262,2.0,Diabetes
55109,St. Croix,WI,8.85,30.1,15.05,66.95,35.9,10743.68,97950.0,5.88,0.59,0.66,2.64,93752.0,0.13,1.0,Uninsured
55111,Sauk,WI,11.05,31.3,16.45,64.05,40.3,9201.82,72930.0,8.49,1.53,0.81,5.78,65664.0,0.197,1.0,Uninsured
55113,Sawyer,WI,12.8,36.2,16.5,63.0,34.25,10205.48,57519.0,12.92,1.09,0.83,2.8,18057.0,0.279,3.0,Diabetes
55115,Shawano,WI,11.3,32.4,17.0,63.45,40.3,10651.36,65493.0,9.88,1.2,0.53,3.14,40848.0,0.213,2.0,Uninsured
55117,Sheboygan,WI,10.4,32.85,16.05,62.7,36.5,10448.55,68969.0,7.49,0.7,1.97,6.92,117741.0,0.184,1.0,Uninsured
55119,Taylor,WI,11.15,33.65,17.15,62.8,44.2,10764.08,61360.0,8.72,1.95,0.23,2.45,19979.0,0.221,2.0,Uninsured
55121,Trempealeau,WI,11.05,32.45,16.65,64.95,41.2,11203.61,68474.0,7.27,2.16,0.46,9.25,30679.0,0.206,1.0,Uninsured
55123,Vernon,WI,11.3,33.0,16.95,61.9,38.75,10855.54,65177.0,14.39,6.89,0.21,1.71,30811.0,0.294,3.0,Uninsured
55125,Vilas,WI,11.35,35.6,15.35,67.3,38.35,9947.46,63726.0,9.66,0.73,0.49,2.62,23146.0,0.231,2.0,Hypertension
55127,Walworth,WI,10.2,30.6,15.75,66.75,38.85,11326.55,75172.0,9.31,0.75,0.8,11.36,105127.0,0.174,1.0,Uninsured
55129,Washburn,WI,12.05,35.15,16.2,65.7,35.35,10446.56,58504.0,12.2,0.97,0.55,1.94,16685.0,0.254,2.0,Diabetes
55131,Washington,WI,9.3,30.05,15.4,67.3,36.15,11548.44,91915.0,4.7,0.7,1.34,3.43,136842.0,0.133,1.0,Uninsured
55133,Waukesha,WI,9.35,30.8,13.55,69.2,33.25,11831.65,101639.0,4.89,0.48,1.59,5.14,407290.0,0.138,1.0,Uninsured
55135,Waupaca,WI,11.55,33.35,16.6,64.3,38.0,10605.14,69198.0,8.57,0.8,0.76,3.42,51822.0,0.214,2.0,Uninsured
55137,Waushara,WI,12.3,34.65,16.5,67.1,39.6,9219.72,61033.0,10.95,1.91,1.9,6.48,24672.0,0.258,2.0,Uninsured
55139,Winnebago,WI,10.55,31.1,16.4,67.9,40.3,10754.01,70041.0,10.35,0.8,2.58,4.5,171197.0,0.189,1.0,Uninsured
55141,Wood,WI,11.15,32.65,16.6,63.7,39.95,10290.62,63273.0,10.38,0.69,0.75,3.39,74138.0,0.209,1.0,Uninsured
56001,Albany,WY,8.35,27.75,16.5,56.5,28.8,12350.22,55887.0,21.48,0.71,0.99,9.91,37525.0,0.178,1.0,Poverty
56003,Big Horn,WY,11.2,32.55,16.8,51.3,33.85,13252.34,61262.0,10.87,1.57,0.44,9.68,11690.0,0.22,2.0,Uninsured
56005,Campbell,WY,9.5,28.85,16.8,52.65,35.6,10068.11,93315.0,9.38,4.64,0.38,8.85,46857.0,0.188,1.0,Uninsured
56007,Carbon,WY,11.8,32.4,16.4,50.75,38.45,10146.63,65196.0,13.33,3.35,1.4,18.66,14609.0,0.258,2.0,Uninsured
56009,Converse,WY,10.4,31.85,16.7,55.7,37.1,11297.05,79235.0,10.92,0.92,0.23,8.46,13729.0,0.196,1.0,Uninsured
56011,Crook,WY,9.95,30.65,15.85,56.75,32.35,9750.38,68876.0,6.27,0.87,0.0,2.84,7258.0,0.157,1.0,Uninsured
56013,Fremont,WY,11.25,32.85,17.05,51.15,34.0,11023.87,60030.0,13.51,4.54,0.55,7.77,39402.0,0.265,2.0,Uninsured
56015,Goshen,WY,11.0,32.7,15.85,55.45,37.15,10699.1,62356.0,8.61,1.83,0.62,11.2,12592.0,0.21,2.0,Uninsured
56017,Hot Springs,WY,12.25,34.1,16.15,54.35,35.3,12780.75,64031.0,15.6,1.73,0.0,4.12,4616.0,0.273,3.0,Poverty
56019,Johnson,WY,11.2,32.65,15.9,52.3,35.6,8812.51,60667.0,16.41,2.79,0.19,5.49,8536.0,0.259,2.0,Uninsured
56021,Laramie,WY,9.9,28.9,16.35,58.7,33.85,11488.33,76282.0,8.8,1.96,2.36,15.51,100316.0,0.166,1.0,Uninsured
56023,Lincoln,WY,10.15,31.6,15.8,54.85,35.1,10991.12,83033.0,7.01,3.41,0.06,5.04,19794.0,0.196,1.0,Uninsured
56025,Natrona,WY,10.35,28.65,16.75,57.15,36.5,11516.01,69104.0,8.96,1.49,0.39,9.14,79506.0,0.168,1.0,Uninsured
56027,Niobrara,WY,11.4,32.65,17.6,53.05,36.45,15142.72,54375.0,16.63,1.5,0.16,5.0,2460.0,0.251,2.0,Poverty
56029,Park,WY,10.2,30.45,15.2,60.65,31.65,10878.67,66754.0,9.36,1.25,0.61,6.01,29878.0,0.178,1.0,Uninsured
56031,Platte,WY,11.55,34.15,16.55,55.15,35.9,12099.4,64753.0,11.7,3.54,0.55,8.44,8618.0,0.261,2.0,Uninsured
56033,Sheridan,WY,9.65,30.9,15.65,62.6,30.55,8484.82,68898.0,8.45,1.32,0.28,4.72,31176.0,0.168,1.0,Uninsured
56035,Sublette,WY,9.8,30.8,15.1,55.85,33.1,8610.28,85960.0,8.02,2.24,0.02,7.01,8801.0,0.177,1.0,Uninsured
56037,Sweetwater,WY,10.55,29.95,17.45,53.9,36.15,9807.26,79375.0,11.49,2.03,1.25,16.21,42079.0,0.198,1.0,Uninsured
56039,Teton,WY,7.85,25.65,13.0,59.3,23.75,9738.06,108279.0,6.88,1.73,0.63,15.2,23346.0,0.097,1.0,Uninsured
56041,Uinta,WY,10.15,29.75,16.7,57.3,34.25,9348.27,78164.0,6.4,1.94,0.24,9.86,20546.0,0.165,1.0,Uninsured
56043,Washakie,WY,12.0,32.4,16.25,55.0,33.35,11287.97,61875.0,6.51,0.45,0.01,14.28,7725.0,0.201,1.0,Diabetes
56045,Weston,WY,11.15,31.5,16.4,53.0,35.6,12003.49,71800.0,12.08,4.05,0.09,3.54,6870.0,0.242,2.0,Uninsured
