County_Name,State,FIPS,Median_Income,Poverty_Rate_Pct,Uninsured_Rate_Pct,Pct_Black,Pct_Hispanic,Diabetes_Rate,Hypertension_Rate,Mental_Health_Poor_Days,Preventive_Screening_Rate,Medicare_Spending_Per_Beneficiary,Equity_Gap_Score,Equity_Quartile,Primary_Driver
Autauga,AL,01001,68315.0,11.28,0.47,19.56,3.17,12.35,40.1,17.5,66.4,12527.77,0.2853,3.0,Hypertension
Baldwin,AL,01003,71039.0,10.04,1.24,8.33,4.8,11.9,40.4,15.95,66.1,12887.13,0.2817,3.0,Hypertension
Barbour,AL,01005,39712.0,21.22,0.57,46.9,4.83,18.05,47.8,19.2,59.6,15833.86,0.4849,4.0,Hypertension
Bibb,AL,01007,50669.0,19.31,0.39,20.69,2.92,15.05,44.35,19.4,60.85,11909.65,0.3985,4.0,Hypertension
Blount,AL,01009,57440.0,14.01,0.59,1.23,9.68,12.55,38.6,18.2,63.5,13861.0,0.2918,3.0,Hypertension
Bullock,AL,01011,36136.0,26.02,0.43,68.91,8.78,22.95,54.5,20.700000000000003,55.9,12279.03,0.6373,4.0,Diabetes
Butler,AL,01013,44429.0,20.74,1.13,44.58,1.7,17.05,47.9,19.25,62.45,11568.04,0.472,4.0,Hypertension
Calhoun,AL,01015,54339.0,17.45,0.93,22.06,4.08,13.85,43.15,18.85,62.35,13525.14,0.3661,4.0,Hypertension
Chambers,AL,01017,48805.0,17.57,0.85,40.78,3.26,16.2,45.75,19.15,62.25,12705.05,0.4245,4.0,Hypertension
Cherokee,AL,01019,46621.0,14.03,0.26,4.02,1.91,13.9,41.7,18.6,66.2,12818.81,0.3339,3.0,Hypertension
Chilton,AL,01021,62471.0,14.23,0.53,9.43,8.12,13.05,41.05,18.75,62.2,14438.31,0.3184,3.0,Hypertension
Choctaw,AL,01023,43299.0,18.85,0.28,39.96,1.13,17.55,48.45,19.05,63.35,18898.91,0.4672,4.0,Hypertension
Clarke,AL,01025,47549.0,22.0,0.34,45.49,1.45,16.65,46.5,18.85,62.85,13126.37,0.4532,4.0,Hypertension
Clay,AL,01027,48074.0,17.17,0.17,12.6,3.08,14.7,44.1,19.0,63.5,11440.37,0.3785,4.0,Hypertension
Cleburne,AL,01029,51553.0,12.75,0.29,2.71,2.65,13.15,39.95,18.9,62.05,13000.96,0.3029,3.0,Hypertension
Coffee,AL,01031,62199.0,16.04,1.03,16.8,8.4,13.75,41.5,18.2,62.75,12382.26,0.3469,4.0,Hypertension
Colbert,AL,01033,56149.0,15.71,0.51,16.04,3.21,13.55,41.45,18.1,61.45,12809.79,0.3365,4.0,Hypertension
Conecuh,AL,01035,39888.0,18.33,0.88,48.47,0.69,19.45,50.6,19.55,62.1,13099.77,0.5184,4.0,Hypertension
Coosa,AL,01037,52279.0,10.67,0.94,30.21,2.75,16.05,45.45,18.2,65.5,12707.71,0.3884,4.0,Hypertension
Covington,AL,01039,48772.0,18.44,1.57,12.27,2.0,14.55,43.0,19.0,63.8,13253.66,0.3878,4.0,Hypertension
Crenshaw,AL,01041,48557.0,14.51,1.26,23.17,2.54,15.0,43.7,18.8,63.65,13161.6,0.3791,4.0,Hypertension
Cullman,AL,01043,58119.0,12.87,0.78,1.09,4.59,12.2,39.8,18.25,60.4,14454.93,0.2911,3.0,Hypertension
Dale,AL,01045,52813.0,17.12,0.56,21.06,7.01,14.75,42.4,19.05,61.3,12846.82,0.3707,4.0,Hypertension
Dallas,AL,01047,37180.0,26.69,0.45,69.06,1.12,20.25,52.2,19.35,61.3,13120.46,0.5783,4.0,Hypertension
DeKalb,AL,01049,47920.0,19.88,0.95,1.46,15.38,14.5,42.25,19.5,56.7,12631.87,0.3822,4.0,Hypertension
Elmore,AL,01051,73258.0,9.11,0.77,20.84,3.12,12.2,39.9,17.95,63.75,11467.15,0.2741,3.0,Hypertension
Escambia,AL,01053,41153.0,20.27,1.6,30.3,2.56,17.05,46.3,20.25,59.65,14509.95,0.4629,4.0,Hypertension
Etowah,AL,01055,52177.0,15.62,0.78,15.21,4.41,14.85,43.6,18.85,59.0,15379.81,0.3763,4.0,Hypertension
Fayette,AL,01057,45650.0,21.74,0.6,12.73,0.37,14.85,44.25,19.2,62.65,13214.19,0.4078,4.0,Hypertension
Franklin,AL,01059,47359.0,16.39,2.99,4.25,18.41,15.15,42.15,19.200000000000003,58.6,14485.84,0.3964,4.0,Hypertension
Geneva,AL,01061,47608.0,20.57,0.7,9.28,4.45,14.7,42.3,19.200000000000003,58.35,12988.69,0.3867,4.0,Hypertension
Greene,AL,01063,32796.0,32.49,2.12,81.82,0.31,24.1,56.1,20.25,60.8,11800.14,0.7153,4.0,Diabetes
Hale,AL,01065,35851.0,24.51,0.72,56.8,0.17,18.0,48.55,19.2,63.25,13496.62,0.5063,4.0,Hypertension
Henry,AL,01067,58395.0,15.09,0.69,25.32,2.71,14.75,44.25,18.05,60.75,13648.79,0.3759,4.0,Hypertension
Houston,AL,01069,55064.0,17.64,0.54,27.25,3.59,14.4,42.15,18.85,63.9,14348.8,0.3652,4.0,Hypertension
Jackson,AL,01071,46748.0,18.4,0.58,3.29,3.2,14.35,42.75,19.4,62.85,13231.98,0.3727,4.0,Hypertension
Jefferson,AL,01073,63595.0,15.45,0.88,42.72,4.16,14.3,41.35,17.15,69.6,13901.91,0.3509,4.0,Hypertension
Lamar,AL,01075,49565.0,15.17,0.17,11.0,0.55,14.8,44.05,19.35,61.15,13124.89,0.3705,4.0,Hypertension
Lauderdale,AL,01077,56081.0,12.92,0.95,9.88,2.97,11.95,37.75,18.05,63.8,12634.47,0.274,3.0,Hypertension
Lawrence,AL,01079,54786.0,15.65,0.35,10.18,2.5,14.0,41.5,19.05,61.1,12571.96,0.3426,4.0,Hypertension
Lee,AL,01081,59288.0,17.7,0.67,22.48,3.87,12.6,38.05,17.450000000000003,65.4,11025.21,0.3067,3.0,Poverty
Limestone,AL,01083,80146.0,10.83,0.64,13.16,6.32,11.7,39.0,16.75,65.15,12862.35,0.2659,3.0,Hypertension
Lowndes,AL,01085,33125.0,25.14,0.29,74.88,0.19,21.75,53.45,20.05,58.5,11296.49,0.6039,4.0,Diabetes
Macon,AL,01087,41206.0,21.5,1.1,78.87,2.36,18.85,49.5,19.25,65.85,11732.69,0.5173,4.0,Hypertension
Madison,AL,01089,78058.0,10.38,0.64,24.48,5.29,11.5,37.4,15.75,66.3,13485.68,0.2489,2.0,Hypertension
Marengo,AL,01091,42975.0,21.18,0.17,50.83,2.83,17.95,48.6,18.65,60.95,12442.86,0.4848,4.0,Hypertension
Marion,AL,01093,49743.0,16.12,0.78,3.81,2.71,13.9,42.6,19.15,59.2,13298.23,0.3553,4.0,Hypertension
Marshall,AL,01095,58272.0,16.33,0.67,2.8,15.06,13.45,39.6,18.3,62.15,12675.67,0.3259,3.0,Hypertension
Mobile,AL,01097,55352.0,17.24,0.78,36.26,3.04,15.1,41.35,17.65,65.0,14096.74,0.3718,4.0,Diabetes
Monroe,AL,01099,39965.0,22.57,0.53,42.31,0.22,17.65,48.0,19.6,62.55,12461.23,0.4855,4.0,Hypertension
Montgomery,AL,01101,56707.0,18.79,0.82,59.07,3.77,15.6,45.05,17.35,64.2,11598.47,0.4146,4.0,Hypertension
Morgan,AL,01103,61588.0,13.47,0.99,13.51,8.81,13.5,42.2,17.4,63.5,13847.87,0.3353,3.0,Hypertension
Perry,AL,01105,32332.0,29.23,0.0,70.81,0.97,22.55,54.4,20.75,60.4,11371.5,0.6406,4.0,Diabetes
Pickens,AL,01107,45339.0,20.42,0.74,39.66,5.22,16.6,45.95,18.85,62.3,12860.05,0.4449,4.0,Hypertension
Pike,AL,01109,42616.0,21.95,0.8,37.28,2.42,14.35,41.6,19.35,61.7,12663.07,0.3831,4.0,Hypertension
Randolph,AL,01111,49879.0,19.28,0.58,18.95,3.02,14.4,42.9,18.5,61.8,12637.15,0.3787,4.0,Hypertension
Russell,AL,01113,47420.0,21.78,0.53,44.88,5.86,16.3,45.2,19.200000000000003,63.75,11726.7,0.4387,4.0,Hypertension
St. Clair,AL,01115,73218.0,10.67,0.71,9.8,2.53,11.95,39.5,18.0,62.7,13995.59,0.2737,3.0,Hypertension
Shelby,AL,01117,90618.0,6.73,0.63,13.0,5.89,10.4,38.3,15.0,66.8,13898.12,0.2196,2.0,Hypertension
Sumter,AL,01119,31726.0,26.94,0.38,72.26,0.7,18.95,49.55,19.7,63.5,12687.61,0.5376,4.0,Hypertension
Talladega,AL,01121,52457.0,17.8,0.63,31.93,2.46,15.7,45.6,18.4,64.9,13559.23,0.4138,4.0,Hypertension
Tallapoosa,AL,01123,53282.0,16.55,0.6,26.56,2.45,14.75,44.65,18.0,61.25,13981.42,0.3847,4.0,Hypertension
Tuscaloosa,AL,01125,61645.0,15.72,0.47,32.05,4.0,12.2,39.85,18.2,62.15,13427.63,0.3017,3.0,Hypertension
Walker,AL,01127,52987.0,16.06,2.09,5.99,2.87,13.65,41.35,19.25,61.1,14279.36,0.3547,4.0,Hypertension
Washington,AL,01129,51184.0,15.65,0.4,23.38,1.69,15.15,44.1,18.65,62.7,14974.77,0.3813,4.0,Hypertension
Wilcox,AL,01131,38208.0,26.19,0.02,70.18,0.21,21.45,53.55,20.35,57.85,11994.24,0.6018,4.0,Diabetes
Winston,AL,01133,49494.0,17.83,1.36,1.11,3.25,14.6,43.2,19.35,60.9,13962.87,0.3852,4.0,Hypertension
Aleutians East,AK,02013,79961.0,12.59,3.58,5.37,11.89,12.85,33.5,13.0,41.6,7825.74,0.283,3.0,Uninsured
Aleutians West,AK,02016,100662.0,9.16,0.86,3.85,15.37,11.1,31.45,13.1,48.9,6553.49,0.1956,1.0,Uninsured
Anchorage,AK,02020,95731.0,9.43,1.93,5.32,9.69,8.85,31.45,16.1,58.15,9089.0,0.1694,1.0,Uninsured
Bethel,AK,02050,64094.0,24.74,2.24,1.16,2.15,14.25,38.6,21.25,45.4,6117.74,0.3871,4.0,Poverty
Bristol Bay,AK,02060,94167.0,7.73,0.59,0.35,8.67,10.2,33.75,15.950000000000001,56.65,7485.18,0.1876,1.0,Uninsured
Chugach,AK,02063,83068.0,4.84,2.61,1.61,5.91,8.8,31.55,14.75,61.05,9150.05,0.1545,1.0,Uninsured
Copper River,AK,02066,70606.0,11.06,5.51,0.04,6.54,10.15,35.25,16.0,55.4,4481.9,0.2619,2.0,Uninsured
Denali,AK,02068,87292.0,7.14,0.05,2.28,1.67,8.15,30.95,15.2,56.8,6044.51,0.1246,1.0,Uninsured
Dillingham,AK,02070,69412.0,15.76,3.83,1.57,3.34,12.75,34.15,19.25,50.5,22586.76,0.3033,3.0,Uninsured
Fairbanks North Star,AK,02090,81655.0,6.6,1.29,4.13,8.35,8.1,31.0,15.600000000000001,59.35,7531.22,0.1338,1.0,Uninsured
Haines,AK,02100,68276.0,5.82,1.49,0.0,8.18,9.25,34.3,14.4,58.65,11262.72,0.1755,1.0,Uninsured
Hoonah-Angoon,AK,02105,62344.0,11.55,2.88,0.39,9.88,12.6,38.0,16.45,56.35,11134.01,0.2995,3.0,Uninsured
Juneau,AK,02110,95711.0,6.78,1.38,1.07,7.16,8.35,30.95,15.15,58.65,8737.06,0.1395,1.0,Uninsured
Kenai Peninsula,AK,02122,76272.0,12.26,2.15,0.72,4.43,8.85,32.85,15.5,56.7,9564.59,0.1949,1.0,Uninsured
Ketchikan Gateway,AK,02130,82763.0,9.55,1.8,0.65,5.64,9.35,32.85,15.5,57.5,9942.77,0.1872,1.0,Uninsured
Kodiak Island,AK,02150,91138.0,7.86,2.0,0.92,8.8,9.55,30.6,14.6,54.4,9241.51,0.1685,1.0,Uninsured
Kusilvak,AK,02158,42663.0,33.87,3.38,0.84,0.91,17.25,40.0,24.0,42.05,6152.21,0.502,4.0,Poverty
Lake and Peninsula,AK,02164,61607.0,15.12,5.31,2.2,0.1,13.6,36.6,18.799999999999997,50.45,6558.53,0.3471,4.0,Uninsured
Matanuska-Susitna,AK,02170,86435.0,9.95,3.33,1.28,5.59,8.65,31.2,16.4,55.15,8785.07,0.1805,1.0,Uninsured
Nome,AK,02180,70121.0,20.37,3.01,1.03,2.01,13.35,34.55,20.3,49.55,15211.14,0.3298,3.0,Poverty
North Slope,AK,02185,83472.0,7.85,4.31,1.77,3.92,10.9,35.1,16.450000000000003,54.85,26513.63,0.2466,2.0,Uninsured
Northwest Arctic,AK,02188,77647.0,18.29,5.86,1.24,2.55,14.35,37.45,20.55,49.3,18493.14,0.3862,4.0,Uninsured
Petersburg,AK,02195,77826.0,4.53,1.04,1.16,9.07,9.5,32.9,15.05,56.65,12759.17,0.1591,1.0,Uninsured
Prince of Wales-Hyder,AK,02198,61779.0,15.16,3.59,0.38,4.07,12.5,36.3,17.700000000000003,53.35,9147.88,0.3094,3.0,Uninsured
Sitka,AK,02220,95261.0,6.75,2.58,0.69,7.4,9.15,31.85,14.75,59.85,14471.2,0.1712,1.0,Uninsured
Skagway,AK,02230,79583.0,6.22,0.23,3.07,2.46,8.45,31.65,15.05,57.7,6165.15,0.1322,1.0,Uninsured
Southeast Fairbanks,AK,02240,75378.0,13.04,2.15,0.89,7.13,9.6,34.15,16.35,55.15,6490.39,0.2206,2.0,Uninsured
Wrangell,AK,02275,61000.0,9.98,4.31,0.05,5.76,11.0,36.1,16.1,56.25,17549.05,0.2655,2.0,Uninsured
Yakutat,AK,02282,76875.0,9.93,4.43,2.13,6.56,12.15,37.15,16.75,55.05,6856.81,0.2935,3.0,Uninsured
Yukon-Koyukuk,AK,02290,47826.0,22.71,4.0,0.19,2.67,15.2,39.25,19.4,54.35,8439.98,0.4158,4.0,Poverty
Apache,AZ,04001,37483.0,31.88,6.38,0.89,7.02,16.4,34.35,21.75,48.2,11193.88,0.4672,4.0,Poverty
Cochise,AZ,04003,58421.0,13.99,1.46,3.98,35.7,12.15,35.45,16.15,53.9,10236.21,0.2708,3.0,Poverty
Coconino,AZ,04005,67266.0,15.57,2.05,1.53,14.73,9.55,27.7,18.2,53.35,10419.82,0.1841,1.0,Poverty
Gila,AZ,04007,55242.0,18.55,2.19,0.73,19.24,12.75,34.25,17.4,55.4,11783.96,0.3009,3.0,Poverty
Graham,AZ,04009,64089.0,16.2,1.27,1.97,33.51,11.15,31.75,17.6,50.45,10466.48,0.2356,2.0,Poverty
Greenlee,AZ,04011,73756.0,12.74,0.16,1.8,48.27,10.35,29.25,16.0,53.85,9951.93,0.1769,1.0,Poverty
La Paz,AZ,04012,46634.0,20.59,3.58,0.56,28.17,14.5,38.65,16.25,53.25,12332.97,0.3856,4.0,Poverty
Maricopa,AZ,04013,80675.0,11.36,2.09,5.7,31.66,10.1,29.7,15.100000000000001,58.5,13276.22,0.1885,1.0,Uninsured
Mohave,AZ,04015,53592.0,15.68,1.43,1.13,17.37,11.95,36.5,16.6,53.75,10814.12,0.2826,3.0,Poverty
Navajo,AZ,04017,50335.0,24.83,4.1,1.11,11.88,13.7,38.0,19.65,49.8,11142.32,0.3923,4.0,Poverty
Pima,AZ,04019,64323.0,14.56,1.55,3.46,38.09,10.25,32.1,16.8,58.2,11197.6,0.218,2.0,Poverty
Pinal,AZ,04021,73313.0,10.71,2.07,4.58,31.23,11.9,33.9,16.799999999999997,56.95,12997.55,0.2461,2.0,Uninsured
Santa Cruz,AZ,04023,51885.0,20.11,2.29,0.3,83.06,14.35,33.5,15.25,49.55,8571.05,0.3308,3.0,Poverty
Yavapai,AZ,04025,62430.0,12.09,1.78,0.65,15.17,10.05,32.5,15.3,58.75,10015.85,0.2082,1.0,Uninsured
Yuma,AZ,04027,56439.0,16.96,2.89,1.94,65.26,13.7,33.45,15.75,48.8,12241.7,0.3107,3.0,Diabetes
Arkansas,AR,05001,58695.0,16.54,1.19,25.72,3.81,13.65,42.35,20.0,58.2,11975.45,0.3553,4.0,Hypertension
Ashley,AR,05003,44804.0,23.08,0.23,24.84,6.12,16.25,45.75,20.799999999999997,56.75,15735.57,0.4449,4.0,Hypertension
Baxter,AR,05005,47403.0,13.37,0.31,0.24,2.67,12.65,41.6,18.9,60.55,12042.98,0.3094,3.0,Hypertension
Benton,AR,05007,85269.0,7.78,1.71,1.88,17.35,10.05,32.25,16.6,57.3,12416.04,0.1856,1.0,Uninsured
Boone,AR,05009,52275.0,12.93,0.59,0.33,2.89,11.75,37.65,19.299999999999997,60.15,11266.79,0.2663,3.0,Hypertension
Bradley,AR,05011,43688.0,15.01,1.75,26.02,16.0,15.95,45.8,19.9,55.95,14813.7,0.4175,4.0,Hypertension
Calhoun,AR,05013,60237.0,12.03,1.78,20.83,4.88,12.95,42.0,18.7,58.6,11391.63,0.3256,3.0,Hypertension
Carroll,AR,05015,56826.0,15.26,2.42,0.36,15.57,13.2,41.35,18.6,59.0,10997.86,0.3466,4.0,Hypertension
Chicot,AR,05017,36593.0,25.58,0.0,53.58,6.14,18.3,49.55,19.7,55.5,14067.9,0.5165,4.0,Hypertension
Clark,AR,05019,48071.0,17.76,1.03,24.02,5.09,12.9,40.95,20.4,59.45,11708.25,0.3366,4.0,Hypertension
Clay,AR,05021,44685.0,19.19,0.67,0.67,0.8,12.6,40.05,20.15,60.6,14499.12,0.3281,3.0,Hypertension
Cleburne,AR,05023,52780.0,13.9,1.09,0.38,2.73,12.9,40.4,19.35,64.0,12576.61,0.3152,3.0,Hypertension
Cleveland,AR,05025,48913.0,13.42,0.32,13.14,0.0,13.3,42.95,19.65,59.7,14620.93,0.3305,3.0,Hypertension
Columbia,AR,05027,47441.0,20.59,0.71,35.59,3.0,13.95,42.3,20.25,59.1,14147.7,0.3742,4.0,Hypertension
Conway,AR,05029,50282.0,20.75,0.73,11.02,4.38,14.0,43.65,20.0,57.45,12596.57,0.3857,4.0,Hypertension
Craighead,AR,05031,55169.0,18.47,1.25,16.24,5.47,11.4,38.8,19.6,58.95,13975.77,0.3011,3.0,Poverty
Crawford,AR,05033,56702.0,17.53,1.46,1.27,8.51,11.95,39.65,19.65,59.3,12338.78,0.3143,3.0,Hypertension
Crittenden,AR,05035,51860.0,19.41,0.91,50.07,2.97,15.65,46.05,20.6,60.2,14606.06,0.4265,4.0,Hypertension
Cross,AR,05037,48129.0,19.95,0.96,19.53,2.13,14.75,44.0,20.6,57.1,13638.9,0.3995,4.0,Hypertension
Dallas,AR,05039,40085.0,11.17,1.07,44.13,1.27,14.9,45.55,18.9,61.25,14276.97,0.3733,4.0,Hypertension
Desha,AR,05041,38067.0,26.97,1.13,47.64,6.75,19.15,49.75,21.7,54.05,14804.43,0.55,4.0,Hypertension
Drew,AR,05043,44968.0,20.3,0.73,26.89,4.03,14.35,43.25,20.25,59.9,13748.44,0.3866,4.0,Hypertension
Faulkner,AR,05045,61273.0,14.83,1.01,11.42,4.4,10.85,35.7,18.75,57.95,12973.1,0.2501,2.0,Poverty
Franklin,AR,05047,47695.0,19.88,0.59,0.56,3.61,13.15,41.55,20.700000000000003,55.95,11738.88,0.3507,4.0,Hypertension
Fulton,AR,05049,38917.0,15.11,3.87,0.19,0.57,14.75,44.35,20.5,56.35,11198.68,0.4082,4.0,Hypertension
Garland,AR,05051,54229.0,16.6,1.03,7.92,6.2,12.95,41.8,18.6,60.65,14087.37,0.3381,4.0,Hypertension
Grant,AR,05053,68598.0,13.39,0.45,2.57,3.21,10.9,37.7,18.549999999999997,60.8,13161.83,0.2531,2.0,Hypertension
Greene,AR,05055,54879.0,17.17,1.17,2.49,3.12,11.75,40.9,20.45,53.7,12977.61,0.3153,3.0,Hypertension
Hempstead,AR,05057,45049.0,22.64,1.95,30.97,13.58,15.1,43.35,19.7,58.0,12859.66,0.4231,4.0,Hypertension
Hot Spring,AR,05059,50260.0,18.39,0.84,11.48,3.77,12.75,40.9,19.450000000000003,59.0,14061.24,0.3347,3.0,Hypertension
Howard,AR,05061,44824.0,18.01,3.74,21.68,13.37,13.85,41.65,19.7,59.85,14837.9,0.3857,4.0,Hypertension
Independence,AR,05063,52361.0,18.79,1.48,1.92,7.11,12.4,39.25,19.9,56.05,14261.17,0.3251,3.0,Poverty
Izard,AR,05065,46159.0,18.21,0.87,1.81,2.69,13.95,43.55,20.0,58.0,12389.26,0.3736,4.0,Hypertension
Jackson,AR,05067,41929.0,17.62,0.75,12.16,3.18,14.55,42.9,21.45,54.9,14414.24,0.3752,4.0,Hypertension
Jefferson,AR,05069,46855.0,17.66,0.92,55.97,2.38,16.35,49.05,19.6,62.35,12871.95,0.4519,4.0,Hypertension
Johnson,AR,05071,42470.0,20.55,0.95,1.61,14.41,13.5,40.35,20.05,53.55,10406.9,0.3547,4.0,Poverty
Lafayette,AR,05073,40262.0,21.16,1.0,33.44,3.52,17.95,48.25,20.95,59.35,12808.45,0.4904,4.0,Hypertension
Lawrence,AR,05075,43606.0,17.17,1.48,1.4,1.77,13.2,41.4,21.15,56.85,14603.02,0.3466,4.0,Hypertension
Lee,AR,05077,33801.0,22.66,0.4,55.31,2.92,18.4,49.75,20.65,53.0,12905.41,0.5099,4.0,Hypertension
Lincoln,AR,05079,50526.0,11.38,1.45,29.84,4.46,13.65,43.05,19.45,56.55,13630.4,0.3388,4.0,Hypertension
Little River,AR,05081,58627.0,11.59,0.96,18.61,4.01,14.05,43.0,19.7,59.6,13933.93,0.3413,4.0,Hypertension
Logan,AR,05083,51131.0,14.29,1.05,1.58,3.16,12.85,41.55,19.65,58.25,12262.6,0.324,3.0,Hypertension
Lonoke,AR,05085,68078.0,11.68,1.49,5.53,4.83,10.7,37.75,19.15,61.55,12856.44,0.2523,2.0,Hypertension
Madison,AR,05087,51514.0,16.32,1.09,0.05,6.31,12.6,41.25,20.15,55.4,9549.4,0.3275,3.0,Hypertension
Marion,AR,05089,42891.0,17.57,0.43,0.52,2.51,13.75,40.7,19.45,63.3,9729.28,0.3423,4.0,Hypertension
Miller,AR,05091,47613.0,19.91,1.28,25.19,3.76,14.2,42.8,20.65,59.15,13812.74,0.3845,4.0,Hypertension
Mississippi,AR,05093,50012.0,21.31,1.01,34.78,4.73,14.3,44.9,20.55,55.3,12944.13,0.4052,4.0,Hypertension
Monroe,AR,05095,41786.0,23.46,1.9,43.52,0.0,16.7,48.05,20.2,56.5,12355.27,0.4874,4.0,Hypertension
Montgomery,AR,05097,47103.0,17.85,1.51,0.75,4.85,13.9,42.6,19.6,60.25,13159.8,0.3706,4.0,Hypertension
Nevada,AR,05099,43421.0,27.11,0.77,33.74,1.47,16.25,47.35,20.75,56.85,16304.51,0.4806,4.0,Hypertension
Newton,AR,05101,50699.0,11.24,1.1,0.14,1.82,13.1,42.55,19.3,59.05,8299.1,0.3217,3.0,Hypertension
Ouachita,AR,05103,47348.0,18.71,1.16,41.03,2.67,15.8,46.1,20.15,58.55,13344.64,0.4286,4.0,Hypertension
Perry,AR,05105,53980.0,15.18,1.76,2.33,3.3,12.45,40.25,19.3,56.8,12451.03,0.3191,3.0,Hypertension
Phillips,AR,05107,37458.0,30.21,1.09,62.23,2.16,19.45,52.3,21.299999999999997,58.55,11653.1,0.5882,4.0,Hypertension
Pike,AR,05109,49248.0,17.1,0.3,4.16,6.8,12.9,41.15,19.5,57.3,13187.3,0.3277,3.0,Hypertension
Poinsett,AR,05111,43440.0,20.51,1.0,4.3,3.57,13.35,40.6,21.2,58.7,15043.54,0.3542,4.0,Hypertension
Polk,AR,05113,48449.0,17.5,0.63,0.13,6.64,13.65,41.0,19.950000000000003,54.45,11680.98,0.3445,4.0,Hypertension
Pope,AR,05115,51678.0,16.9,1.48,2.48,9.93,12.05,37.5,19.65,58.65,12123.57,0.2977,3.0,Poverty
Prairie,AR,05117,47045.0,9.7,0.73,10.54,2.08,13.2,42.65,19.2,57.0,12634.64,0.3133,3.0,Hypertension
Pulaski,AR,05119,58326.0,16.26,1.25,37.35,6.36,12.2,40.85,17.9,62.05,12765.24,0.3192,3.0,Hypertension
Randolph,AR,05121,45993.0,18.9,1.64,1.39,2.45,13.45,41.0,21.1,58.1,12751.39,0.3576,4.0,Hypertension
St. Francis,AR,05123,39822.0,24.46,1.24,53.46,5.51,17.75,48.35,20.4,53.9,12655.63,0.5056,4.0,Hypertension
Saline,AR,05125,73236.0,9.43,0.73,8.42,5.43,10.4,37.75,17.75,58.5,12863.15,0.2292,2.0,Hypertension
Scott,AR,05127,45340.0,16.99,3.89,1.21,8.31,13.25,40.85,19.85,56.9,13906.25,0.3665,4.0,Hypertension
Searcy,AR,05129,42063.0,26.07,0.39,0.42,3.03,15.05,44.35,20.55,58.75,10835.37,0.43,4.0,Hypertension
Sebastian,AR,05131,54047.0,16.24,1.92,5.98,15.12,12.3,39.0,19.4,58.4,12642.5,0.314,3.0,Hypertension
Sevier,AR,05133,53567.0,19.76,3.1,4.73,34.3,14.45,38.9,19.8,54.2,13448.73,0.3779,4.0,Diabetes
Sharp,AR,05135,43332.0,15.64,0.17,1.0,2.56,13.95,42.15,20.299999999999997,57.8,13145.15,0.3446,4.0,Hypertension
Stone,AR,05137,37664.0,21.0,1.35,0.14,2.01,14.5,42.8,19.9,61.1,12522.96,0.3953,4.0,Hypertension
Union,AR,05139,49745.0,18.38,0.99,32.5,4.11,14.5,43.7,19.3,59.25,12322.13,0.386,4.0,Hypertension
Van Buren,AR,05141,45768.0,18.69,1.24,0.74,3.46,13.85,42.5,19.8,58.6,13040.57,0.3703,4.0,Hypertension
Washington,AR,05143,61985.0,14.66,2.39,3.46,17.31,10.4,35.5,18.55,58.55,12195.23,0.2538,2.0,Uninsured
White,AR,05145,51144.0,15.39,0.89,4.37,4.68,11.75,38.75,20.1,61.7,13903.2,0.2887,3.0,Hypertension
Woodruff,AR,05147,49608.0,18.31,0.64,27.5,0.5,16.0,45.6,20.6,56.9,13708.01,0.4214,4.0,Hypertension
Yell,AR,05149,55879.0,12.19,0.8,2.21,21.09,13.45,40.9,19.5,57.2,12708.19,0.3172,3.0,Hypertension
Alameda,CA,06001,122488.0,9.01,0.51,10.19,22.21,10.55,27.5,15.25,57.8,11272.17,0.1537,1.0,Uninsured
Alpine,CA,06003,101125.0,13.73,0.99,0.0,14.06,10.05,31.8,16.75,64.2,7984.31,0.203,1.0,Poverty
Amador,CA,06005,74853.0,7.26,0.56,1.74,15.13,10.2,33.45,17.2,60.9,10182.62,0.183,1.0,Uninsured
Butte,CA,06007,66085.0,17.8,0.62,1.81,17.96,10.3,31.35,19.35,59.95,12389.41,0.2194,2.0,Poverty
Calaveras,CA,06009,77526.0,12.95,0.7,0.99,13.57,11.15,33.0,18.2,60.4,10147.58,0.2238,2.0,Poverty
Colusa,CA,06011,69619.0,10.84,1.24,1.68,60.89,12.8,30.8,18.450000000000003,52.8,12245.67,0.2314,2.0,Diabetes
Contra Costa,CA,06013,120020.0,8.19,0.64,8.72,26.4,10.45,29.35,15.75,61.95,11480.06,0.1628,1.0,Uninsured
Del Norte,CA,06015,61149.0,13.05,1.51,2.72,20.42,11.35,33.4,19.05,58.0,9252.14,0.2386,2.0,Uninsured
El Dorado,CA,06017,99246.0,8.54,0.58,0.73,13.53,9.4,30.05,16.5,63.9,10062.68,0.1511,1.0,Uninsured
Fresno,CA,06019,67756.0,19.21,0.81,4.47,54.23,12.55,31.55,18.4,52.45,12940.91,0.2674,3.0,Poverty
Glenn,CA,06021,64033.0,15.13,2.68,0.36,43.33,11.85,31.1,18.85,55.05,12571.01,0.2517,2.0,Uninsured
Humboldt,CA,06023,57881.0,19.39,0.74,1.37,12.58,10.7,31.4,20.2,57.95,9052.64,0.2351,2.0,Poverty
Imperial,CA,06025,53847.0,20.1,0.75,2.57,85.41,14.8,32.85,18.1,47.25,15802.0,0.3185,3.0,Diabetes
Inyo,CA,06027,63417.0,11.68,1.73,0.96,23.9,10.9,31.45,17.4,62.1,10425.36,0.2126,2.0,Uninsured
Kern,CA,06029,63883.0,18.75,1.09,5.17,55.32,13.3,32.1,19.95,51.1,14847.98,0.2847,3.0,Poverty
Kings,CA,06031,68540.0,14.84,1.12,6.46,56.14,12.5,31.2,19.25,53.25,12615.31,0.2467,2.0,Poverty
Lake,CA,06033,56259.0,16.27,0.64,2.26,23.04,12.4,35.8,19.25,57.9,11889.68,0.2801,3.0,Poverty
Lassen,CA,06035,59515.0,11.44,1.13,8.41,20.45,11.05,32.6,19.5,57.1,10021.18,0.2164,2.0,Uninsured
Los Angeles,CA,06037,83411.0,13.53,0.81,7.86,48.68,12.1,29.3,16.4,51.4,17457.67,0.217,2.0,Poverty
Madera,CA,06039,73543.0,19.18,0.93,2.6,59.69,13.15,32.5,19.950000000000003,55.2,11871.77,0.2855,3.0,Poverty
Marin,CA,06041,142019.0,6.84,0.36,2.39,16.56,8.85,28.9,14.850000000000001,62.6,11021.84,0.1233,1.0,Uninsured
Mariposa,CA,06043,60021.0,15.83,0.36,0.82,12.98,11.45,34.0,17.75,59.9,10387.59,0.2462,2.0,Poverty
Mendocino,CA,06045,61335.0,15.89,1.32,0.72,26.79,12.05,34.75,18.85,57.7,10402.8,0.2716,3.0,Poverty
Merced,CA,06047,64772.0,18.16,1.36,2.95,61.9,13.15,31.5,18.9,51.65,11495.78,0.2778,3.0,Poverty
Modoc,CA,06049,54962.0,16.53,2.84,1.92,15.32,12.6,36.1,19.049999999999997,60.3,11056.07,0.3087,3.0,Uninsured
Mono,CA,06051,82038.0,11.18,1.66,0.3,27.1,9.7,29.65,17.4,59.35,9604.15,0.1763,1.0,Uninsured
Monterey,CA,06053,91043.0,11.86,0.91,2.23,59.86,12.05,31.15,16.9,55.5,10452.41,0.2227,2.0,Diabetes
Napa,CA,06055,105809.0,7.73,0.8,1.83,35.07,10.35,30.35,16.15,60.4,11633.86,0.1677,1.0,Uninsured
Nevada,CA,06057,79395.0,10.27,0.6,0.37,9.97,9.75,32.8,17.0,62.15,10148.53,0.1851,1.0,Uninsured
Orange,CA,06059,109361.0,9.57,0.78,1.69,33.93,10.8,27.75,16.3,56.1,14698.16,0.165,1.0,Uninsured
Placer,CA,06061,109375.0,6.75,0.62,1.62,14.87,8.85,30.05,16.05,61.0,11774.19,0.1338,1.0,Uninsured
Plumas,CA,06063,67885.0,10.69,0.77,1.78,9.97,11.25,34.9,18.4,64.3,10260.16,0.2293,2.0,Hypertension
Riverside,CA,06065,84505.0,11.21,1.03,6.47,50.76,11.85,32.25,17.35,53.9,14271.03,0.2254,2.0,Uninsured
Sacramento,CA,06067,84010.0,12.94,0.64,9.62,23.96,10.75,29.9,17.65,58.85,12099.78,0.194,1.0,Poverty
San Benito,CA,06069,104451.0,7.46,0.53,0.95,61.41,10.9,29.2,16.75,57.65,10851.2,0.1648,1.0,Uninsured
San Bernardino,CA,06071,77423.0,13.49,1.19,7.88,55.04,11.95,31.75,17.7,52.6,14225.46,0.2357,2.0,Poverty
San Diego,CA,06073,96974.0,10.3,0.91,4.82,34.49,9.7,28.05,16.450000000000003,59.5,12709.98,0.1532,1.0,Uninsured
San Francisco,CA,06075,136689.0,10.32,0.28,5.18,15.45,9.75,26.05,14.05,59.8,10676.36,0.1335,1.0,Uninsured
San Joaquin,CA,06077,82837.0,12.62,0.72,7.03,42.52,12.0,29.85,17.299999999999997,51.1,11716.32,0.2141,2.0,Poverty
San Luis Obispo,CA,06079,90158.0,11.97,0.74,1.24,23.41,9.3,30.0,17.2,60.7,10198.48,0.1666,1.0,Poverty
San Mateo,CA,06081,149907.0,6.38,0.43,2.29,23.92,9.8,27.45,13.5,61.65,10620.4,0.1275,1.0,Uninsured
Santa Barbara,CA,06083,92332.0,12.92,1.07,1.89,46.62,10.55,29.9,17.35,59.25,11165.21,0.1948,1.0,Poverty
Santa Clara,CA,06085,153792.0,6.77,0.4,2.39,24.85,10.15,26.35,13.85,57.2,11297.8,0.127,1.0,Uninsured
Santa Cruz,CA,06087,104409.0,10.91,0.5,1.06,34.23,9.6,29.1,17.049999999999997,61.3,10102.47,0.1579,1.0,Uninsured
Shasta,CA,06089,68347.0,13.06,1.1,0.97,10.99,10.55,33.15,19.450000000000003,58.1,10791.06,0.2192,2.0,Poverty
Sierra,CA,06091,61108.0,12.31,1.41,0.24,11.39,12.7,36.8,18.6,61.3,10422.74,0.2815,3.0,Hypertension
Siskiyou,CA,06093,53898.0,16.55,1.12,1.61,13.52,11.9,34.85,19.1,58.05,9158.54,0.2708,3.0,Poverty
Solano,CA,06095,97037.0,8.8,0.69,13.24,27.98,11.3,31.65,17.05,57.7,10439.19,0.1971,1.0,Uninsured
Sonoma,CA,06097,99266.0,8.79,0.69,1.55,27.97,9.65,29.0,16.5,59.85,11100.24,0.15,1.0,Uninsured
Stanislaus,CA,06099,74872.0,13.61,0.83,2.85,48.62,11.55,31.2,18.950000000000003,54.7,11953.84,0.222,2.0,Poverty
Sutter,CA,06101,72654.0,13.18,0.72,1.96,32.28,12.1,31.9,18.299999999999997,52.0,11781.68,0.2332,2.0,Poverty
Tehama,CA,06103,59029.0,16.01,1.09,0.96,26.85,11.8,33.2,19.6,56.8,10365.33,0.2544,2.0,Poverty
Trinity,CA,06105,47317.0,21.76,1.42,1.37,7.54,13.3,37.95,20.0,58.7,10413.53,0.3443,4.0,Poverty
Tulare,CA,06107,64474.0,18.25,0.77,1.63,66.1,13.1,31.3,18.95,48.15,13157.68,0.2701,3.0,Poverty
Tuolumne,CA,06109,70432.0,10.7,0.96,1.54,12.87,10.5,32.8,18.0,62.85,10859.13,0.2034,1.0,Uninsured
Ventura,CA,06111,102141.0,8.83,0.83,1.79,43.59,10.65,29.0,16.6,59.45,13510.99,0.1685,1.0,Uninsured
Yolo,CA,06113,85097.0,16.82,0.49,2.75,32.23,9.7,27.05,17.6,58.75,10985.35,0.1723,1.0,Poverty
Yuba,CA,06115,66693.0,15.15,1.47,3.56,29.81,11.15,30.7,19.45,55.95,11466.33,0.2251,2.0,Poverty
Adams,CO,08001,86297.0,9.54,1.55,3.5,41.36,9.8,27.65,17.0,53.95,12103.46,0.1548,1.0,Uninsured
Alamosa,CO,08003,52271.0,14.69,1.29,1.12,47.98,11.25,29.05,18.05,55.5,9725.18,0.211,2.0,Poverty
Arapahoe,CO,08005,92292.0,7.91,1.53,10.97,20.19,8.25,27.2,16.05,59.9,13267.04,0.1175,1.0,Uninsured
Archuleta,CO,08007,66813.0,8.08,1.87,0.35,18.49,9.85,30.75,15.6,63.75,7919.7,0.1744,1.0,Uninsured
Baca,CO,08009,42115.0,22.34,0.37,0.31,12.07,11.7,33.85,18.95,57.3,12995.7,0.2799,3.0,Poverty
Bent,CO,08011,45776.0,20.61,0.34,4.84,32.76,13.9,35.4,18.75,49.8,9982.84,0.32,3.0,Poverty
Boulder,CO,08013,99770.0,10.85,0.46,0.85,13.89,6.9,21.45,15.3,62.9,11224.12,0.0563,1.0,Uninsured
Broomfield,CO,08014,117541.0,4.98,0.77,1.33,13.18,6.8,23.7,14.55,64.45,12966.35,0.0464,1.0,Uninsured
Chaffee,CO,08015,65703.0,10.92,0.58,1.06,10.06,9.0,29.1,15.75,63.55,10580.29,0.1486,1.0,Uninsured
Cheyenne,CO,08017,65577.0,10.6,2.32,0.93,11.94,10.0,30.6,17.5,59.0,14249.02,0.192,1.0,Uninsured
Clear Creek,CO,08019,87169.0,6.56,0.28,2.34,7.89,7.9,27.25,14.75,65.55,10880.57,0.0932,1.0,Uninsured
Conejos,CO,08021,44093.0,15.58,3.26,0.15,51.24,12.4,30.3,16.75,53.8,10117.86,0.2631,2.0,Uninsured
Costilla,CO,08023,34578.0,22.41,0.28,1.08,59.88,14.55,33.55,16.25,54.75,7427.89,0.3255,3.0,Poverty
Crowley,CO,08025,40685.0,18.61,0.03,4.13,32.81,11.15,31.3,17.799999999999997,49.95,9930.33,0.2314,2.0,Poverty
Custer,CO,08027,66250.0,7.7,4.89,1.43,6.41,10.1,32.4,16.15,63.8,9687.18,0.2186,2.0,Uninsured
Delta,CO,08029,56349.0,14.52,1.81,0.61,15.52,10.6,33.05,17.549999999999997,60.0,8786.26,0.2332,2.0,Poverty
Denver,CO,08031,85853.0,11.49,1.07,8.86,29.2,7.45,22.45,14.899999999999999,60.35,11756.41,0.0818,1.0,Uninsured
Dolores,CO,08033,64708.0,16.7,0.94,0.0,13.7,10.15,31.85,17.6,60.05,7557.95,0.2185,2.0,Poverty
Douglas,CO,08035,139010.0,3.0,0.71,1.46,9.48,6.4,24.75,14.5,65.15,12863.14,0.0374,1.0,Uninsured
Eagle,CO,08037,98887.0,8.01,1.34,0.98,29.44,8.0,24.1,14.95,61.6,9982.79,0.0895,1.0,Uninsured
Elbert,CO,08039,124360.0,4.25,0.64,0.29,8.23,7.9,27.3,15.95,64.7,11766.7,0.0863,1.0,Uninsured
El Paso,CO,08041,82748.0,8.94,1.26,6.0,18.21,8.55,27.9,17.85,60.0,11115.9,0.1297,1.0,Uninsured
Fremont,CO,08043,56165.0,12.38,0.53,3.89,13.66,10.35,30.2,17.6,57.85,9814.42,0.1857,1.0,Poverty
Garfield,CO,08045,82772.0,7.97,3.37,0.74,29.54,8.5,26.25,16.45,59.15,11415.81,0.1333,1.0,Uninsured
Gilpin,CO,08047,95902.0,9.19,0.56,0.15,9.58,8.45,28.1,15.5,62.65,14468.01,0.1237,1.0,Uninsured
Grand,CO,08049,79367.0,8.55,1.02,0.81,9.81,8.15,27.45,16.25,62.0,9024.95,0.1155,1.0,Uninsured
Gunnison,CO,08051,76538.0,10.26,0.16,1.07,9.96,7.1,24.4,16.0,60.0,9330.46,0.0752,1.0,Poverty
Hinsdale,CO,08053,58712.0,7.35,0.99,0.99,2.41,8.2,28.8,14.15,66.4,10683.82,0.1202,1.0,Uninsured
Huerfano,CO,08055,49631.0,20.16,1.1,0.04,33.09,11.65,32.35,16.25,60.5,9526.39,0.2652,2.0,Poverty
Jackson,CO,08057,38686.0,20.76,1.74,0.62,11.46,11.85,34.2,17.950000000000003,56.45,7798.0,0.2911,3.0,Poverty
Jefferson,CO,08059,103167.0,6.58,0.72,1.14,15.76,7.75,26.3,15.15,63.25,11677.99,0.0883,1.0,Uninsured
Kiowa,CO,08061,45250.0,15.59,0.22,0.59,6.09,10.05,31.65,17.75,56.9,15690.31,0.203,1.0,Poverty
Kit Carson,CO,08063,58992.0,9.26,3.28,0.03,18.94,10.25,30.5,18.15,58.25,13450.43,0.1988,1.0,Uninsured
Lake,CO,08065,78942.0,7.12,1.82,0.12,30.65,8.1,25.8,15.25,58.45,13738.26,0.104,1.0,Uninsured
La Plata,CO,08067,81936.0,11.05,1.37,0.23,13.03,8.4,26.45,16.25,59.35,9566.62,0.1277,1.0,Uninsured
Larimer,CO,08069,87199.0,11.15,0.91,0.96,12.22,7.1,25.1,16.75,61.55,10807.02,0.0918,1.0,Uninsured
Las Animas,CO,08071,48965.0,18.22,0.62,1.12,40.82,12.05,31.9,17.05,57.0,8691.19,0.255,2.0,Poverty
Lincoln,CO,08073,59167.0,8.69,0.93,6.56,14.81,10.1,30.8,17.7,58.3,14206.57,0.1725,1.0,Uninsured
Logan,CO,08075,54864.0,10.95,0.63,1.12,16.83,10.5,32.05,18.55,57.8,11114.44,0.1959,1.0,Uninsured
Mesa,CO,08077,68077.0,11.17,1.42,0.71,15.14,8.95,28.85,17.25,61.35,9721.81,0.1554,1.0,Uninsured
Mineral,CO,08079,58929.0,11.21,1.64,0.0,2.64,8.9,30.05,15.0,65.5,8302.34,0.1656,1.0,Uninsured
Moffat,CO,08081,63983.0,14.71,1.59,0.37,16.54,10.0,30.45,18.45,59.5,11046.07,0.2029,1.0,Poverty
Montezuma,CO,08083,61377.0,12.39,3.28,1.28,12.98,10.35,30.45,17.700000000000003,58.95,9743.94,0.2148,2.0,Uninsured
Montrose,CO,08085,62817.0,11.45,2.93,0.4,20.85,10.0,30.3,16.799999999999997,58.2,9187.59,0.1999,1.0,Uninsured
Morgan,CO,08087,70471.0,12.61,2.95,3.2,36.85,10.4,30.35,17.75,55.05,10717.96,0.2127,2.0,Uninsured
Otero,CO,08089,47500.0,23.41,1.08,1.27,42.88,13.1,32.9,18.4,54.9,12402.76,0.3088,3.0,Poverty
Ouray,CO,08091,78750.0,4.84,0.77,2.13,4.17,8.3,29.1,14.3,64.9,8219.54,0.1102,1.0,Uninsured
Park,CO,08093,85019.0,6.73,0.68,0.52,6.67,8.7,28.95,15.5,61.9,9278.45,0.1238,1.0,Uninsured
Phillips,CO,08095,58474.0,13.62,1.96,0.0,28.22,10.75,31.2,17.65,55.9,14808.75,0.2196,2.0,Uninsured
Pitkin,CO,08097,96123.0,6.64,0.43,0.43,10.76,7.45,26.05,14.0,64.15,12920.98,0.0788,1.0,Uninsured
Prowers,CO,08099,49422.0,17.02,0.7,1.33,39.48,11.7,30.6,18.15,56.55,11682.21,0.2348,2.0,Poverty
Pueblo,CO,08101,59436.0,16.22,0.59,2.01,43.63,11.35,30.15,17.85,55.45,11577.27,0.2208,2.0,Poverty
Rio Blanco,CO,08103,69882.0,12.27,2.69,0.29,11.07,8.8,29.0,17.549999999999997,60.05,13686.31,0.1716,1.0,Uninsured
Rio Grande,CO,08105,57591.0,10.06,2.04,0.42,44.45,10.9,30.5,16.4,58.3,10426.72,0.2013,1.0,Uninsured
Routt,CO,08107,95144.0,7.88,1.3,0.19,7.24,7.55,25.9,15.350000000000001,63.45,8207.98,0.0938,1.0,Uninsured
Saguache,CO,08109,51946.0,17.4,1.53,1.27,35.51,12.9,33.75,16.95,59.4,6934.29,0.2879,3.0,Poverty
San Juan,CO,08111,67344.0,19.13,0.0,0.0,18.26,9.0,29.2,15.25,57.85,8469.03,0.1819,1.0,Poverty
San Miguel,CO,08113,72829.0,8.44,0.82,0.54,11.38,7.9,26.7,14.8,60.45,7849.91,0.1034,1.0,Uninsured
Sedgwick,CO,08115,45855.0,15.85,0.33,0.5,19.45,11.0,32.9,17.15,59.95,11589.0,0.2304,2.0,Poverty
Summit,CO,08117,100611.0,7.35,0.39,0.3,14.75,7.55,25.45,15.45,64.15,8872.53,0.0791,1.0,Uninsured
Teller,CO,08119,69655.0,6.98,0.3,0.86,7.94,8.65,29.35,15.600000000000001,65.45,9591.5,0.1232,1.0,Uninsured
Washington,CO,08121,59087.0,9.26,1.2,1.54,10.86,9.35,29.6,17.35,60.6,11424.59,0.1565,1.0,Uninsured
Weld,CO,08123,89182.0,9.48,1.31,1.41,30.35,9.4,27.6,17.2,56.9,11891.59,0.145,1.0,Uninsured
Yuma,CO,08125,60118.0,13.63,4.35,0.17,25.68,10.05,29.25,17.5,55.95,12299.83,0.2174,2.0,Uninsured
Capitol,CT,09110,88190.0,10.37,0.5,12.65,17.86,10.1,30.75,16.95,69.3,12861.2,0.1757,1.0,Uninsured
Greater Bridgeport,CT,09120,83147.0,12.92,0.8,11.96,20.37,9.75,29.45,16.049999999999997,67.8,12868.65,0.1753,1.0,Poverty
Lower Connecticut River Valley,CT,09130,99742.0,6.26,0.23,4.96,7.02,8.35,30.95,15.45,70.75,12476.68,0.1256,1.0,Uninsured
Naugatuck Valley,CT,09140,82939.0,10.08,0.48,11.55,19.07,9.7,30.7,16.85,68.85,13585.79,0.167,1.0,Uninsured
Northeastern Connecticut,CT,09150,83119.0,8.73,0.33,1.68,11.83,9.15,32.35,17.85,69.1,12725.56,0.1618,1.0,Uninsured
Northwest Hills,CT,09160,87971.0,9.28,0.49,4.75,10.85,8.95,29.5,16.4,69.05,11988.13,0.142,1.0,Uninsured
South Central Connecticut,CT,09170,83617.0,11.3,0.62,13.37,18.84,9.8,31.4,16.450000000000003,69.95,14337.99,0.1809,1.0,Poverty
Southeastern Connecticut,CT,09180,80330.0,9.5,0.45,5.78,11.37,9.4,32.6,17.1,69.25,12682.37,0.1727,1.0,Uninsured
Western Connecticut,CT,09190,118930.0,7.36,1.05,10.04,20.12,7.95,26.55,14.4,69.7,12535.04,0.1004,1.0,Uninsured
Kent,DE,10001,69278.0,11.98,1.28,26.04,7.76,13.35,37.75,18.2,63.75,12928.03,0.2966,3.0,Diabetes
New Castle,DE,10003,85309.0,10.23,0.73,25.31,10.81,11.45,33.65,15.9,63.45,12794.74,0.2212,2.0,Uninsured
Sussex,DE,10005,75406.0,11.46,0.79,10.96,9.49,12.0,38.1,15.15,63.55,11797.54,0.2689,3.0,Hypertension
Alachua,FL,12001,57566.0,18.97,0.97,19.44,10.86,10.85,31.7,18.0,61.55,12535.01,0.2401,2.0,Poverty
Baker,FL,12003,67872.0,12.15,2.52,11.87,3.16,11.65,35.45,19.35,60.95,14445.03,0.2642,2.0,Uninsured
Bay,FL,12005,65999.0,12.02,2.07,10.3,7.17,10.95,35.6,18.299999999999997,63.0,13804.73,0.2484,2.0,Uninsured
Bradford,FL,12007,54759.0,15.65,1.98,18.04,4.73,13.4,36.55,20.4,55.45,14741.92,0.3128,3.0,Diabetes
Brevard,FL,12009,71308.0,9.98,1.38,9.84,11.36,11.55,35.15,16.9,67.55,13658.84,0.2389,2.0,Uninsured
Broward,FL,12011,70331.0,12.31,1.98,28.37,31.45,12.45,34.2,16.25,61.95,16361.87,0.2642,2.0,Uninsured
Calhoun,FL,12013,41526.0,17.26,2.91,12.45,6.35,14.0,38.1,20.25,58.6,13991.47,0.3509,4.0,Diabetes
Charlotte,FL,12015,62164.0,10.26,0.96,5.16,8.04,12.7,38.05,16.4,65.0,13829.79,0.2765,3.0,Hypertension
Citrus,FL,12017,52569.0,14.71,1.09,2.31,6.43,13.0,36.3,17.9,62.9,13185.64,0.2911,3.0,Diabetes
Clay,FL,12019,82242.0,9.27,1.45,11.48,10.79,11.25,34.9,18.15,64.45,14141.36,0.2294,2.0,Uninsured
Collier,FL,12021,82011.0,10.29,1.54,6.46,28.62,11.6,33.65,14.75,66.15,13757.39,0.232,2.0,Uninsured
Columbia,FL,12023,53501.0,14.6,2.04,16.84,6.77,13.75,38.9,19.0,57.85,12896.26,0.3314,3.0,Hypertension
DeSoto,FL,12027,45000.0,25.11,1.35,12.4,32.05,16.15,39.55,19.7,57.85,13949.9,0.4191,4.0,Poverty
Dixie,FL,12029,45057.0,14.61,1.72,8.16,4.49,14.2,39.6,20.4,57.3,15255.8,0.341,4.0,Diabetes
Duval,FL,12031,65579.0,13.99,1.66,29.18,11.03,12.3,34.55,18.45,64.45,15050.73,0.2688,3.0,Uninsured
Escambia,FL,12033,61642.0,13.97,1.51,21.66,6.11,12.1,37.45,18.5,60.35,14518.46,0.2848,3.0,Hypertension
Flagler,FL,12035,69251.0,9.69,2.24,9.18,11.24,11.5,34.05,16.3,66.9,13374.06,0.2373,2.0,Uninsured
Franklin,FL,12037,58107.0,18.94,3.09,10.93,5.49,13.25,39.65,18.05,60.25,10963.8,0.359,4.0,Hypertension
Gadsden,FL,12039,45721.0,23.91,2.14,54.96,11.14,17.4,41.8,19.6,63.0,11847.93,0.4587,4.0,Diabetes
Gilchrist,FL,12041,56823.0,11.7,1.54,3.24,6.23,11.5,33.6,19.1,62.6,12697.47,0.2365,2.0,Uninsured
Glades,FL,12043,37221.0,19.56,3.97,15.53,22.17,16.05,40.75,19.15,58.15,13984.54,0.426,4.0,Diabetes
Gulf,FL,12045,56250.0,10.15,0.69,15.1,3.93,12.5,37.25,17.65,63.4,13687.91,0.2642,2.0,Hypertension
Hamilton,FL,12047,47668.0,20.92,1.62,32.63,10.71,16.15,41.95,20.5,54.9,12995.19,0.4195,4.0,Diabetes
Hardee,FL,12049,44665.0,26.37,1.23,6.53,44.3,15.0,35.75,19.3,53.8,15558.81,0.3769,4.0,Poverty
Hendry,FL,12051,49259.0,21.88,2.83,10.67,57.11,16.45,36.7,18.6,56.0,14547.64,0.4031,4.0,Diabetes
Hernando,FL,12053,59202.0,12.27,1.59,5.19,15.61,13.05,34.55,17.9,62.35,15281.98,0.2728,3.0,Diabetes
Highlands,FL,12055,53679.0,15.38,1.67,9.17,21.55,15.45,39.95,17.549999999999997,60.45,14788.41,0.3678,4.0,Diabetes
Hillsborough,FL,12057,70612.0,13.44,1.32,16.43,29.92,12.0,33.55,16.6,62.15,15556.4,0.2506,2.0,Poverty
Holmes,FL,12059,46063.0,15.1,2.66,6.57,3.23,13.2,38.4,20.25,56.6,13595.22,0.327,3.0,Hypertension
Indian River,FL,12061,67543.0,11.32,1.14,8.17,13.19,11.9,34.25,15.75,66.75,13846.06,0.2423,2.0,Uninsured
Jackson,FL,12063,46144.0,16.32,1.62,25.78,5.15,14.35,39.55,19.7,61.85,14313.96,0.3502,4.0,Diabetes
Jefferson,FL,12065,51573.0,16.7,0.37,32.14,4.47,14.25,42.35,18.299999999999997,61.9,11732.24,0.3581,4.0,Hypertension
Lafayette,FL,12067,57852.0,16.11,2.0,15.63,13.35,13.7,37.7,20.35,58.35,13408.94,0.3286,3.0,Diabetes
Lake,FL,12069,66239.0,9.56,1.48,10.15,17.4,12.7,34.95,16.799999999999997,62.55,14682.0,0.256,2.0,Diabetes
Lee,FL,12071,69368.0,11.53,1.81,8.04,23.13,12.65,35.2,15.950000000000001,62.2,13351.36,0.2695,3.0,Uninsured
Leon,FL,12073,61317.0,18.34,0.95,30.95,6.93,10.95,33.7,17.95,65.95,11975.45,0.2531,2.0,Poverty
Levy,FL,12075,49933.0,15.53,1.86,8.54,9.23,14.0,38.4,19.75,59.35,12089.15,0.3346,3.0,Diabetes
Liberty,FL,12077,51723.0,17.85,1.27,15.03,7.83,13.65,38.3,19.85,60.0,12414.78,0.333,3.0,Poverty
Madison,FL,12079,43386.0,20.08,0.84,36.37,6.33,15.05,40.7,19.65,60.8,12498.78,0.3802,4.0,Diabetes
Manatee,FL,12081,71385.0,10.04,1.67,8.11,16.87,12.05,34.95,16.35,66.85,13644.63,0.2491,2.0,Uninsured
Marion,FL,12083,55265.0,13.99,1.67,12.35,15.02,12.9,36.45,17.9,64.95,13450.65,0.2928,3.0,Diabetes
Martin,FL,12085,77894.0,10.28,1.07,5.42,14.29,11.5,31.85,15.8,66.45,14384.06,0.2126,2.0,Uninsured
Miami-Dade,FL,12086,64215.0,15.03,1.55,15.86,68.77,14.35,32.05,14.8,58.85,19226.65,0.2893,3.0,Diabetes
Monroe,FL,12087,80111.0,11.55,1.02,6.97,25.68,11.45,34.0,15.399999999999999,62.55,13279.55,0.2327,2.0,Uninsured
Nassau,FL,12089,84085.0,9.11,0.83,5.48,5.0,10.1,33.2,16.75,69.35,12780.59,0.1908,1.0,Uninsured
Okaloosa,FL,12091,73988.0,9.9,1.73,9.43,10.05,10.2,31.5,17.7,65.4,13686.59,0.1928,1.0,Uninsured
Okeechobee,FL,12093,50476.0,17.84,2.47,8.13,26.74,14.2,38.6,19.45,57.1,15724.85,0.3563,4.0,Diabetes
Orange,FL,12095,72629.0,13.13,1.57,20.42,32.92,11.6,31.85,16.3,59.8,15293.47,0.2326,2.0,Uninsured
Osceola,FL,12097,64312.0,13.32,1.53,10.9,56.07,13.05,34.25,16.799999999999997,57.2,14907.52,0.275,3.0,Diabetes
Palm Beach,FL,12099,76066.0,11.17,1.91,18.51,23.46,12.15,32.85,15.350000000000001,64.05,15916.37,0.2433,2.0,Uninsured
Pasco,FL,12101,63187.0,11.63,1.24,5.98,17.43,11.55,35.25,17.2,63.55,15236.2,0.246,2.0,Uninsured
Pinellas,FL,12103,66406.0,11.24,1.05,10.04,10.41,11.45,33.4,16.6,65.1,15232.51,0.2273,2.0,Uninsured
Polk,FL,12105,60901.0,14.5,1.67,14.86,26.19,12.7,34.3,18.3,58.2,14769.45,0.2763,3.0,Diabetes
Putnam,FL,12107,44852.0,22.43,1.62,15.79,10.5,15.45,39.6,20.549999999999997,59.35,13721.91,0.3977,4.0,Diabetes
St. Johns,FL,12109,100020.0,6.72,1.32,5.51,7.98,9.4,31.5,15.2,69.5,13471.61,0.1603,1.0,Uninsured
St. Lucie,FL,12111,66154.0,12.35,1.81,20.43,20.64,12.85,36.35,17.4,62.1,14819.53,0.285,3.0,Diabetes
Santa Rosa,FL,12113,84715.0,8.68,1.28,5.85,6.17,10.1,33.55,17.65,66.6,13172.9,0.1958,1.0,Uninsured
Sarasota,FL,12115,77213.0,7.99,1.56,4.26,9.87,10.7,35.1,15.2,66.65,13905.15,0.2167,2.0,Uninsured
Seminole,FL,12117,79490.0,9.5,1.21,11.77,22.95,10.4,30.8,15.399999999999999,65.05,15596.53,0.1841,1.0,Uninsured
Sumter,FL,12119,70105.0,8.68,0.86,7.08,6.12,12.55,38.95,14.0,71.4,13701.73,0.2721,3.0,Hypertension
Suwannee,FL,12121,49729.0,13.67,1.62,11.32,10.36,13.45,37.8,19.049999999999997,60.65,12558.02,0.3099,3.0,Diabetes
Taylor,FL,12123,46239.0,12.96,0.07,20.41,4.15,14.35,41.35,19.9,59.8,12004.72,0.3321,3.0,Hypertension
Union,FL,12125,64043.0,10.67,1.16,16.72,5.73,13.7,39.6,19.9,58.45,16004.5,0.3085,3.0,Hypertension
Volusia,FL,12127,63075.0,11.88,1.43,10.73,15.64,11.9,35.5,17.75,65.2,14480.26,0.2568,2.0,Uninsured
Wakulla,FL,12129,72035.0,5.6,0.92,14.55,4.26,11.7,35.6,18.1,65.5,11405.01,0.2197,2.0,Hypertension
Walton,FL,12131,74832.0,10.31,2.58,3.68,6.61,11.0,33.35,17.2,64.5,12578.52,0.2301,2.0,Uninsured
Washington,FL,12133,47536.0,20.17,2.19,14.2,4.36,13.85,40.0,20.35,55.8,13551.39,0.3686,4.0,Poverty
Appling,GA,13001,43268.0,24.82,1.14,18.16,10.29,16.0,41.15,20.25,56.15,13478.69,0.4246,4.0,Poverty
Atkinson,GA,13003,38007.0,27.42,1.28,15.23,27.32,17.25,41.45,20.9,54.2,10477.86,0.4615,4.0,Diabetes
Bacon,GA,13005,43938.0,20.45,1.6,15.07,8.69,13.95,38.65,20.0,58.7,12855.7,0.356,4.0,Poverty
Baker,GA,13007,45417.0,23.14,0.21,34.09,0.83,19.9,47.0,19.6,60.65,10866.28,0.5159,4.0,Diabetes
Baldwin,GA,13009,54699.0,20.25,1.24,41.77,2.65,14.9,39.85,19.15,64.0,12670.55,0.3762,4.0,Diabetes
Banks,GA,13011,69096.0,13.12,1.96,2.94,7.67,12.65,36.8,18.9,61.0,11915.69,0.2899,3.0,Uninsured
Barrow,GA,13013,75053.0,9.49,2.54,12.62,13.19,11.9,35.1,17.799999999999997,61.75,13061.51,0.2537,2.0,Uninsured
Bartow,GA,13015,74812.0,10.69,1.88,10.86,9.59,11.4,35.55,18.2,58.5,12533.09,0.2476,2.0,Uninsured
Ben Hill,GA,13017,38255.0,25.87,2.09,37.34,6.53,17.55,44.2,20.5,57.95,11628.43,0.4872,4.0,Diabetes
Berrien,GA,13019,48670.0,22.91,2.55,10.28,5.66,14.75,39.45,20.549999999999997,57.5,11885.36,0.3962,4.0,Poverty
Bibb,GA,13021,48897.0,24.04,1.31,54.31,3.74,16.05,43.3,19.5,57.4,14040.96,0.439,4.0,Hypertension
Bleckley,GA,13023,56021.0,15.35,0.32,26.25,3.42,13.75,38.45,19.5,60.05,12865.6,0.3147,3.0,Diabetes
Brantley,GA,13025,40166.0,16.2,0.39,3.68,2.62,13.15,37.9,20.4,59.2,12488.96,0.3052,3.0,Hypertension
Brooks,GA,13027,42263.0,26.28,0.97,35.57,7.61,17.85,44.3,19.8,57.35,11982.11,0.4839,4.0,Diabetes
Bryan,GA,13029,90627.0,7.11,1.42,13.46,8.15,9.9,32.65,16.7,64.5,10963.08,0.1799,1.0,Uninsured
Bulloch,GA,13031,53675.0,20.76,0.86,27.69,4.45,12.2,36.95,19.65,60.35,12752.02,0.3082,3.0,Poverty
Burke,GA,13033,50321.0,17.05,0.79,45.59,3.55,16.75,43.35,20.049999999999997,60.2,11131.37,0.4134,4.0,Diabetes
Butts,GA,13035,60076.0,14.15,1.27,27.76,3.68,13.2,38.55,19.0,61.55,13115.95,0.3098,3.0,Hypertension
Calhoun,GA,13037,48663.0,18.0,1.13,61.94,5.61,17.8,45.9,19.35,56.1,14150.22,0.4574,4.0,Diabetes
Camden,GA,13039,68104.0,15.68,0.93,17.89,7.47,12.0,35.2,18.299999999999997,60.7,12182.92,0.2691,3.0,Poverty
Candler,GA,13043,45519.0,17.79,3.68,22.52,12.22,15.2,40.5,19.549999999999997,53.45,16035.6,0.3987,4.0,Diabetes
Carroll,GA,13045,66895.0,16.36,0.96,20.18,7.45,12.5,36.3,18.799999999999997,61.35,13003.81,0.289,3.0,Poverty
Catoosa,GA,13047,68896.0,8.83,1.56,2.27,3.39,11.4,34.0,17.799999999999997,62.95,12803.28,0.2245,2.0,Uninsured
Charlton,GA,13049,45770.0,18.98,0.78,28.7,6.01,15.75,40.65,19.299999999999997,57.05,12079.81,0.3859,4.0,Diabetes
Chatham,GA,13051,66171.0,13.46,1.73,40.18,6.78,12.6,37.9,16.8,64.05,12530.0,0.2963,3.0,Hypertension
Chattahoochee,GA,13053,52943.0,9.66,0.01,16.83,17.59,10.85,32.15,19.35,58.75,10941.96,0.1904,1.0,Uninsured
Chattooga,GA,13055,43556.0,18.44,0.89,9.58,5.69,14.75,39.75,20.65,56.95,12345.76,0.3611,4.0,Diabetes
Cherokee,GA,13057,100824.0,6.58,1.74,7.1,11.15,10.25,32.45,16.4,64.85,12665.72,0.1851,1.0,Uninsured
Clarke,GA,13059,48692.0,24.47,1.64,26.66,11.03,12.1,33.8,18.75,60.6,12421.57,0.3088,3.0,Poverty
Clay,GA,13061,43264.0,25.22,1.47,61.19,0.42,18.8,47.65,18.85,60.7,17307.34,0.5241,4.0,Diabetes
Clayton,GA,13063,56207.0,16.64,3.45,70.17,13.44,16.15,41.55,19.1,61.45,12301.19,0.4147,4.0,Diabetes
Clinch,GA,13065,53350.0,32.01,3.6,26.49,5.72,16.05,41.75,20.700000000000003,53.7,16620.73,0.4878,4.0,Poverty
Cobb,GA,13067,94244.0,8.17,2.0,27.48,13.45,10.5,31.4,15.15,63.0,12158.74,0.1918,1.0,Uninsured
Coffee,GA,13069,48398.0,18.73,1.93,28.74,12.3,15.55,40.7,20.6,54.8,11674.64,0.3931,4.0,Diabetes
Colquitt,GA,13071,47235.0,24.06,4.13,22.75,20.11,15.75,41.4,20.0,56.2,13470.31,0.4482,4.0,Poverty
Columbia,GA,13073,92571.0,7.16,1.01,16.93,7.33,11.3,35.4,16.4,65.9,10968.09,0.2197,2.0,Hypertension
Cook,GA,13075,46706.0,21.42,1.74,27.0,6.6,15.45,40.8,20.4,59.6,13736.68,0.4028,4.0,Diabetes
Coweta,GA,13077,90031.0,8.28,1.37,18.04,7.59,11.6,34.15,16.450000000000003,67.2,12537.87,0.2245,2.0,Uninsured
Crawford,GA,13079,56948.0,16.35,1.19,22.02,3.89,13.8,39.25,18.6,60.5,12490.18,0.3346,3.0,Hypertension
Crisp,GA,13081,47463.0,22.95,1.08,44.78,4.01,17.7,44.85,20.2,61.45,13150.52,0.4708,4.0,Diabetes
Dade,GA,13083,59531.0,6.07,1.93,0.98,2.58,11.4,35.25,18.4,63.25,11739.88,0.2243,2.0,Uninsured
Dawson,GA,13085,84516.0,9.59,1.2,1.31,5.82,10.6,33.45,16.700000000000003,65.4,12752.46,0.207,1.0,Uninsured
Decatur,GA,13087,47383.0,23.41,1.35,40.21,6.68,16.55,42.85,20.1,59.5,13194.12,0.4417,4.0,Diabetes
DeKalb,GA,13089,76044.0,13.18,1.61,52.77,8.53,12.65,36.85,15.9,65.5,12182.29,0.2871,3.0,Hypertension
Dodge,GA,13091,46091.0,20.47,0.56,30.34,4.08,15.3,42.2,19.5,60.85,12706.09,0.3943,4.0,Hypertension
Dooly,GA,13093,54109.0,17.28,3.15,47.7,7.4,16.75,44.55,18.2,60.05,11874.64,0.4465,4.0,Diabetes
Dougherty,GA,13095,45640.0,25.27,1.71,69.93,3.16,18.05,45.8,19.65,61.45,11287.33,0.5007,4.0,Diabetes
Douglas,GA,13097,76930.0,11.45,1.8,48.94,10.72,13.15,36.75,17.299999999999997,61.2,12632.42,0.2886,3.0,Diabetes
Early,GA,13099,48355.0,21.91,0.48,52.87,2.14,17.15,44.5,19.85,59.05,13505.87,0.4482,4.0,Diabetes
Echols,GA,13101,61184.0,14.97,5.93,4.13,31.0,12.95,34.9,18.2,59.2,9392.95,0.3292,3.0,Uninsured
Effingham,GA,13103,79474.0,6.57,1.16,13.73,5.51,10.95,33.9,17.450000000000003,63.35,11260.25,0.2016,1.0,Uninsured
Elbert,GA,13105,48190.0,18.67,0.8,27.59,6.19,14.95,41.1,19.0,59.2,12583.57,0.3744,4.0,Diabetes
Emanuel,GA,13107,47905.0,20.4,1.05,32.06,4.78,15.55,42.55,20.200000000000003,59.6,13027.24,0.4056,4.0,Hypertension
Evans,GA,13109,55222.0,20.23,2.31,27.39,12.06,15.8,41.55,19.85,58.3,11864.24,0.4143,4.0,Diabetes
Fannin,GA,13111,54857.0,11.69,2.3,0.27,2.78,13.8,39.1,17.6,65.35,11011.81,0.3227,3.0,Hypertension
Fayette,GA,13113,105910.0,5.22,1.6,24.93,7.73,11.3,34.15,14.600000000000001,64.8,11658.65,0.2074,1.0,Uninsured
Floyd,GA,13115,57868.0,16.78,1.54,13.93,11.82,13.35,37.25,18.950000000000003,62.55,13758.56,0.318,3.0,Poverty
Forsyth,GA,13117,131660.0,4.58,1.51,4.1,9.61,9.35,29.05,13.45,63.75,12902.88,0.1337,1.0,Uninsured
Franklin,GA,13119,52597.0,17.73,2.35,9.19,5.29,13.55,38.6,19.6,58.55,11061.43,0.3436,4.0,Poverty
Fulton,GA,13121,86267.0,12.13,1.25,43.39,7.3,10.8,33.4,15.350000000000001,66.95,12498.78,0.2224,2.0,Uninsured
Gilmer,GA,13123,70334.0,14.7,2.58,0.76,12.42,13.0,37.15,17.3,58.75,11594.25,0.3119,3.0,Uninsured
Glascock,GA,13125,60469.0,15.09,0.07,10.58,1.27,13.15,37.95,19.5,59.7,14155.64,0.2972,3.0,Hypertension
Glynn,GA,13127,65970.0,16.13,1.66,24.72,6.84,13.65,40.75,17.35,62.65,11792.36,0.3465,4.0,Hypertension
Gordon,GA,13129,57555.0,13.87,2.0,3.58,16.8,13.05,36.6,19.1,60.25,12256.94,0.2991,3.0,Diabetes
Grady,GA,13131,51929.0,19.64,2.68,29.28,11.86,15.6,41.2,19.25,58.55,11916.49,0.4092,4.0,Diabetes
Greene,GA,13133,77527.0,12.8,2.54,31.38,6.57,13.25,39.7,15.55,64.65,11407.06,0.3252,3.0,Hypertension
Gwinnett,GA,13135,82296.0,10.05,2.68,28.46,21.82,12.3,33.05,15.5,60.55,12458.24,0.2497,2.0,Uninsured
Habersham,GA,13137,61292.0,12.83,2.02,3.47,16.3,12.0,35.15,18.15,61.2,11113.27,0.2662,3.0,Uninsured
Hall,GA,13139,74153.0,13.37,2.88,6.83,29.32,12.5,34.95,17.049999999999997,61.1,12672.92,0.2843,3.0,Uninsured
Hancock,GA,13141,31767.0,22.5,0.23,71.68,0.71,20.55,49.85,19.75,61.1,12652.8,0.5447,4.0,Diabetes
Haralson,GA,13143,65940.0,12.38,0.66,4.67,2.2,11.8,35.7,19.4,62.5,13748.8,0.2512,2.0,Hypertension
Harris,GA,13145,85936.0,7.41,0.48,15.56,4.44,11.25,34.6,16.05,66.95,11670.87,0.209,1.0,Hypertension
Hart,GA,13147,61765.0,10.5,1.93,17.64,3.94,13.6,38.75,18.2,61.65,11813.66,0.3075,3.0,Hypertension
Heard,GA,13149,62965.0,16.42,1.78,8.53,3.19,13.1,37.35,19.75,59.35,11318.59,0.3151,3.0,Poverty
Henry,GA,13151,79663.0,8.38,2.02,48.66,7.61,12.9,38.1,17.049999999999997,64.05,12555.74,0.282,3.0,Hypertension
Houston,GA,13153,76968.0,9.62,2.06,31.67,6.77,12.65,37.95,17.25,62.55,12713.25,0.2828,3.0,Hypertension
Irwin,GA,13155,46383.0,21.38,4.21,26.27,4.14,14.85,40.7,19.450000000000003,60.85,12201.46,0.4162,4.0,Poverty
Jackson,GA,13157,82056.0,8.05,2.0,7.11,9.22,11.0,33.5,17.25,59.0,12129.85,0.2148,2.0,Uninsured
Jasper,GA,13159,57374.0,13.19,1.4,18.53,4.08,13.35,37.85,18.799999999999997,62.3,11891.88,0.3041,3.0,Diabetes
Jeff Davis,GA,13161,41780.0,22.49,3.07,15.58,13.16,15.4,39.5,20.6,54.05,13787.76,0.4108,4.0,Diabetes
Jefferson,GA,13163,46865.0,18.76,2.66,52.2,4.02,17.0,44.75,20.049999999999997,58.8,13780.98,0.4543,4.0,Diabetes
Jenkins,GA,13165,31463.0,24.85,1.28,34.88,7.51,17.25,44.1,20.799999999999997,55.45,11687.29,0.4686,4.0,Diabetes
Johnson,GA,13167,47796.0,19.1,1.47,32.86,2.94,16.65,45.25,19.85,54.95,13328.36,0.4418,4.0,Hypertension
Jones,GA,13169,66288.0,14.15,0.29,24.62,2.04,13.2,37.9,18.549999999999997,62.2,13327.0,0.2955,3.0,Hypertension
Lamar,GA,13171,64966.0,10.53,1.07,26.9,2.9,12.85,37.45,18.85,62.15,11620.25,0.2771,3.0,Hypertension
Lanier,GA,13173,39971.0,31.25,1.57,23.16,7.31,15.25,40.45,20.1,57.0,10568.42,0.4412,4.0,Poverty
Laurens,GA,13175,46776.0,23.93,1.85,37.44,2.91,15.15,43.05,19.450000000000003,59.55,13114.33,0.4268,4.0,Hypertension
Lee,GA,13177,83632.0,8.5,0.93,23.74,3.28,11.25,35.75,16.95,61.0,11930.91,0.2268,2.0,Hypertension
Liberty,GA,13179,55149.0,14.76,2.0,41.12,12.66,12.75,36.7,18.799999999999997,60.9,9953.52,0.2989,3.0,Uninsured
Lincoln,GA,13181,50754.0,17.97,1.01,28.15,2.21,15.7,42.5,18.9,64.55,12048.64,0.396,4.0,Diabetes
Long,GA,13183,56819.0,15.44,1.3,23.6,11.69,12.7,36.8,19.5,60.05,11338.7,0.2951,3.0,Poverty
Lowndes,GA,13185,52821.0,19.88,1.83,36.9,6.22,13.15,36.6,19.15,59.4,11892.93,0.3272,3.0,Poverty
Lumpkin,GA,13187,67592.0,13.64,1.21,1.32,5.2,11.15,33.3,18.450000000000003,63.45,11712.06,0.2342,2.0,Poverty
McDuffie,GA,13189,54752.0,15.8,1.14,41.16,3.53,15.25,41.9,19.25,63.05,13304.75,0.3752,4.0,Hypertension
McIntosh,GA,13191,51262.0,20.03,1.27,31.73,2.59,17.45,45.6,19.25,60.35,12452.87,0.4602,4.0,Diabetes
Macon,GA,13193,33960.0,21.91,2.47,60.15,4.73,19.8,47.65,20.1,55.4,11499.51,0.5355,4.0,Diabetes
Madison,GA,13195,53626.0,20.42,1.97,8.76,6.46,13.55,37.8,19.4,58.05,12699.64,0.3466,4.0,Poverty
Marion,GA,13197,48836.0,12.2,0.25,29.75,8.28,16.5,42.65,19.1,59.6,11852.47,0.3762,4.0,Diabetes
Meriwether,GA,13199,52392.0,21.95,2.74,38.37,2.7,15.8,41.85,19.45,59.15,12448.32,0.4287,4.0,Diabetes
Miller,GA,13201,52132.0,23.82,1.98,27.32,2.92,15.85,42.45,19.35,60.1,29853.49,0.4351,4.0,Diabetes
Mitchell,GA,13205,45966.0,26.15,1.64,44.91,4.99,17.0,45.0,19.9,57.55,12616.56,0.4805,4.0,Diabetes
Monroe,GA,13207,74867.0,13.11,1.21,21.61,2.53,12.0,36.75,17.450000000000003,65.45,11211.51,0.2711,3.0,Hypertension
Montgomery,GA,13209,49138.0,15.1,2.12,23.97,7.42,14.45,40.45,18.95,58.8,13068.87,0.3576,4.0,Hypertension
Morgan,GA,13211,81524.0,8.5,1.36,22.17,3.25,11.5,36.8,16.85,63.55,12622.91,0.2429,2.0,Hypertension
Murray,GA,13213,60617.0,12.89,1.65,0.47,15.9,12.45,35.2,18.9,58.2,12572.83,0.2708,3.0,Uninsured
Muscogee,GA,13215,54561.0,18.19,1.27,46.6,8.0,14.55,40.15,18.9,59.95,13075.83,0.3631,4.0,Diabetes
Newton,GA,13217,70732.0,13.18,2.66,46.84,6.31,13.85,39.55,18.450000000000003,61.8,13632.23,0.3373,4.0,Hypertension
Oconee,GA,13219,116221.0,4.44,1.37,3.42,5.71,9.2,31.05,14.5,67.15,12051.95,0.1436,1.0,Uninsured
Oglethorpe,GA,13221,66672.0,10.99,0.59,16.72,5.88,12.75,37.1,17.95,64.3,11577.44,0.2703,3.0,Hypertension
Paulding,GA,13223,89237.0,6.66,1.6,20.99,7.59,11.25,34.45,17.200000000000003,64.5,12378.25,0.2155,2.0,Uninsured
Peach,GA,13225,60940.0,19.47,1.32,43.67,8.19,14.15,39.2,18.3,61.9,13626.48,0.356,4.0,Poverty
Pickens,GA,13227,72558.0,13.36,1.14,0.53,3.32,11.95,37.1,18.1,63.55,12299.88,0.2732,3.0,Hypertension
Pierce,GA,13229,54861.0,15.09,1.55,9.73,5.07,13.2,37.45,19.4,55.7,13516.38,0.3091,3.0,Diabetes
Pike,GA,13231,83866.0,8.0,1.85,8.61,1.91,11.05,34.75,18.1,62.05,10894.18,0.223,2.0,Uninsured
Polk,GA,13233,51956.0,17.06,2.35,12.25,13.82,13.3,37.4,19.4,58.3,13641.86,0.3275,3.0,Poverty
Pulaski,GA,13235,42545.0,16.46,0.52,36.84,4.18,15.3,40.9,20.5,58.3,12750.2,0.3658,4.0,Diabetes
Putnam,GA,13237,60825.0,15.89,1.58,25.47,6.4,14.9,41.05,17.9,65.6,12721.14,0.3679,4.0,Hypertension
Quitman,GA,13239,38889.0,15.28,0.92,52.57,3.81,19.8,48.65,19.3,63.75,13650.93,0.4964,4.0,Diabetes
Rabun,GA,13241,57261.0,14.17,1.27,1.4,7.98,13.2,38.8,16.95,63.95,10501.83,0.3117,3.0,Hypertension
Randolph,GA,13243,24638.0,27.32,0.58,64.67,3.3,21.9,50.25,20.65,58.35,11337.37,0.5964,4.0,Diabetes
Richmond,GA,13245,50605.0,19.7,1.2,55.9,5.32,16.3,41.45,19.549999999999997,61.15,11248.52,0.4086,4.0,Diabetes
Rockdale,GA,13247,68999.0,11.25,2.91,57.26,10.45,15.85,41.5,17.55,64.1,13186.09,0.3787,4.0,Diabetes
Schley,GA,13249,53274.0,15.93,0.94,17.83,5.74,13.6,38.55,18.549999999999997,61.0,9540.87,0.3217,3.0,Hypertension
Screven,GA,13251,49941.0,17.9,0.49,40.13,2.6,15.95,43.0,19.4,60.35,12031.72,0.3984,4.0,Diabetes
Seminole,GA,13253,46063.0,20.73,1.54,33.27,3.55,15.7,42.85,18.7,60.7,13168.13,0.4167,4.0,Hypertension
Spalding,GA,13255,57367.0,18.41,1.71,34.5,5.11,14.8,40.95,18.9,61.05,12180.1,0.3785,4.0,Hypertension
Stephens,GA,13257,52901.0,12.3,0.97,10.67,4.17,13.5,38.4,19.5,60.85,12612.02,0.3022,3.0,Hypertension
Stewart,GA,13259,43094.0,14.57,0.25,61.61,12.83,18.15,43.45,18.8,57.0,13852.01,0.421,4.0,Diabetes
Sumter,GA,13261,38899.0,22.69,1.46,51.08,6.08,15.9,42.5,19.450000000000003,58.9,11996.02,0.4259,4.0,Diabetes
Talbot,GA,13263,48065.0,18.25,2.12,56.53,0.93,19.05,47.5,19.1,61.85,11058.31,0.5011,4.0,Diabetes
Taliaferro,GA,13265,45881.0,18.84,0.92,50.28,5.99,18.7,47.05,18.45,62.1,9849.79,0.4828,4.0,Diabetes
Tattnall,GA,13267,51868.0,15.9,0.53,28.2,12.5,15.5,41.75,19.7,57.9,12295.25,0.3728,4.0,Diabetes
Taylor,GA,13269,40727.0,28.35,0.0,38.47,0.69,18.1,45.2,20.65,54.75,13242.42,0.4947,4.0,Diabetes
Telfair,GA,13271,41801.0,24.87,1.22,35.08,17.39,19.05,45.15,20.35,52.5,14415.16,0.5062,4.0,Diabetes
Terrell,GA,13273,43507.0,28.75,0.68,58.63,3.0,19.25,46.7,20.45,60.2,10261.58,0.5336,4.0,Diabetes
Thomas,GA,13275,55958.0,18.44,2.15,36.06,3.91,14.55,40.55,18.1,62.0,11856.83,0.3759,4.0,Hypertension
Tift,GA,13277,52561.0,19.99,2.55,29.02,12.61,15.05,39.75,19.450000000000003,61.4,13378.56,0.3898,4.0,Diabetes
Toombs,GA,13279,47310.0,21.38,2.83,23.88,12.08,14.55,39.5,19.45,61.9,11692.05,0.3888,4.0,Poverty
Towns,GA,13281,55574.0,14.24,0.98,1.63,2.89,13.1,39.15,16.549999999999997,65.55,11198.77,0.31,3.0,Hypertension
Treutlen,GA,13283,38641.0,26.52,0.92,28.59,0.94,17.2,42.65,21.3,57.4,15043.36,0.4616,4.0,Diabetes
Troup,GA,13285,53599.0,18.71,1.05,36.21,3.9,14.15,39.05,19.15,62.25,13008.24,0.3487,4.0,Diabetes
Turner,GA,13287,39666.0,21.68,1.25,38.32,5.14,17.05,43.55,20.6,59.65,10278.74,0.4462,4.0,Diabetes
Twiggs,GA,13289,50446.0,15.49,1.23,41.55,1.01,16.15,43.4,19.450000000000003,60.6,14376.83,0.4007,4.0,Diabetes
Union,GA,13291,59783.0,11.43,1.97,0.67,3.76,12.95,38.8,16.9,65.4,10828.1,0.3016,3.0,Hypertension
Upson,GA,13293,48740.0,21.73,1.91,27.37,2.42,14.9,39.75,19.65,61.15,10847.26,0.3891,4.0,Poverty
Walker,GA,13295,52276.0,13.39,1.86,3.98,2.66,12.3,37.05,18.7,59.3,12937.78,0.2861,3.0,Hypertension
Walton,GA,13297,79425.0,12.89,2.17,19.36,5.4,12.15,36.3,17.75,59.35,12459.43,0.2788,3.0,Uninsured
Ware,GA,13299,44138.0,22.05,1.52,30.16,4.55,15.75,41.65,20.3,57.85,13932.85,0.4148,4.0,Diabetes
Warren,GA,13301,45091.0,22.61,0.0,59.73,0.0,17.85,46.5,19.4,59.9,16943.36,0.473,4.0,Diabetes
Washington,GA,13303,43810.0,15.24,1.25,50.84,2.8,17.3,44.95,19.4,58.45,12496.78,0.4304,4.0,Diabetes
Wayne,GA,13305,49847.0,17.01,2.23,20.19,6.49,14.95,41.2,20.1,54.65,13110.03,0.3815,4.0,Hypertension
Webster,GA,13307,35000.0,27.82,2.76,44.52,14.66,18.25,46.05,19.299999999999997,58.65,11969.0,0.5282,4.0,Diabetes
Wheeler,GA,13309,36354.0,24.58,1.52,38.58,5.67,15.55,43.15,19.35,52.95,15515.07,0.4341,4.0,Poverty
White,GA,13311,66256.0,12.64,1.37,2.09,3.43,11.65,36.4,17.65,63.4,12155.76,0.262,2.0,Hypertension
Whitfield,GA,13313,59659.0,13.29,2.45,3.28,36.77,13.55,34.6,17.95,57.4,12163.89,0.2949,3.0,Diabetes
Wilcox,GA,13315,46759.0,18.19,0.7,33.7,4.71,16.3,44.25,19.05,56.5,13177.15,0.4167,4.0,Hypertension
Wilkes,GA,13317,51780.0,17.63,6.01,40.26,5.66,16.65,43.45,18.75,61.55,11808.44,0.4668,4.0,Diabetes
Wilkinson,GA,13319,40757.0,21.42,1.68,38.26,3.14,15.9,42.75,19.299999999999997,62.5,11192.36,0.4239,4.0,Diabetes
Worth,GA,13321,56496.0,19.23,1.71,25.57,2.52,15.25,41.55,19.9,61.35,11870.14,0.3943,4.0,Diabetes
Hawaii,HI,15001,74238.0,13.93,0.66,0.79,13.62,11.05,27.9,16.65,57.2,7914.21,0.1895,1.0,Poverty
Honolulu,HI,15003,99816.0,8.57,0.55,2.52,10.24,11.45,29.75,14.75,60.6,9061.58,0.1835,1.0,Uninsured
Kauai,HI,15007,88869.0,8.22,0.97,0.53,11.56,10.65,30.05,15.55,61.15,7833.51,0.1746,1.0,Uninsured
Maui,HI,15009,95379.0,9.18,0.93,0.75,11.88,10.9,28.05,15.75,56.35,7928.7,0.1685,1.0,Uninsured
Ada,ID,16001,83881.0,8.53,1.06,1.26,8.91,8.5,30.0,15.5,62.9,10654.07,0.1402,1.0,Uninsured
Adams,ID,16003,55891.0,14.45,2.26,0.27,4.32,11.6,35.35,16.35,59.85,7344.26,0.2708,3.0,Uninsured
Bannock,ID,16005,60998.0,12.06,1.05,0.99,9.36,9.4,30.4,17.15,56.3,11911.74,0.1747,1.0,Uninsured
Bear Lake,ID,16007,63244.0,10.43,0.25,0.12,4.3,10.3,31.15,16.8,58.45,11331.02,0.1798,1.0,Poverty
Benewah,ID,16009,54191.0,14.28,3.15,0.81,4.42,11.75,34.15,17.75,54.35,9566.07,0.2727,3.0,Uninsured
Bingham,ID,16011,69433.0,10.24,1.89,0.16,18.21,10.65,31.85,17.4,58.2,12157.91,0.2061,1.0,Uninsured
Blaine,ID,16013,81794.0,6.9,1.21,0.48,23.45,8.95,27.85,13.899999999999999,62.7,9876.8,0.1261,1.0,Uninsured
Boise,ID,16015,70776.0,9.39,2.47,0.36,5.79,10.15,33.05,14.95,62.25,8468.15,0.2081,1.0,Uninsured
Bonner,ID,16017,61816.0,11.72,1.53,0.29,3.74,10.1,32.45,15.7,57.1,8462.98,0.2045,1.0,Uninsured
Bonneville,ID,16019,73103.0,9.35,1.24,0.4,13.77,9.15,29.3,16.65,62.75,12526.52,0.1517,1.0,Uninsured
Boundary,ID,16021,58810.0,18.22,3.12,0.37,5.36,11.0,32.45,16.9,56.9,8109.97,0.2659,3.0,Poverty
Butte,ID,16023,37358.0,21.8,0.23,0.0,5.49,13.15,36.05,18.549999999999997,56.65,12996.17,0.3164,3.0,Poverty
Camas,ID,16025,63750.0,6.71,1.59,0.0,14.83,10.1,31.85,15.55,58.5,8581.53,0.1774,1.0,Uninsured
Canyon,ID,16027,68473.0,9.96,2.15,0.61,25.7,10.85,30.2,16.75,56.5,10667.02,0.1989,1.0,Uninsured
Caribou,ID,16029,65380.0,6.63,1.47,0.0,7.24,9.6,30.4,17.0,56.3,15289.59,0.1569,1.0,Uninsured
Cassia,ID,16031,63525.0,10.2,1.67,0.12,27.95,10.6,31.4,16.85,53.9,12167.98,0.1997,1.0,Uninsured
Clark,ID,16033,53500.0,9.13,0.66,0.53,42.33,12.65,33.65,16.4,52.8,9264.86,0.2357,2.0,Diabetes
Clearwater,ID,16035,55885.0,10.22,2.21,0.22,4.23,11.15,33.8,16.2,55.5,9307.55,0.2318,2.0,Uninsured
Custer,ID,16037,60357.0,11.44,0.0,0.14,3.89,11.2,34.9,15.75,58.05,9590.44,0.2244,2.0,Hypertension
Elmore,ID,16039,55000.0,11.43,1.98,2.35,17.88,10.3,31.5,17.5,56.35,9129.52,0.2041,1.0,Uninsured
Franklin,ID,16041,61679.0,9.51,3.83,0.0,6.95,8.95,29.8,17.0,53.8,12319.32,0.1783,1.0,Uninsured
Fremont,ID,16043,67015.0,10.98,1.58,0.33,12.26,9.75,29.2,16.65,57.45,12909.01,0.1722,1.0,Uninsured
Gem,ID,16045,65204.0,11.45,2.64,0.11,8.99,10.1,31.7,16.25,57.95,11066.26,0.2088,1.0,Uninsured
Gooding,ID,16047,60938.0,13.16,3.78,0.1,29.83,12.0,32.75,17.25,55.35,11789.87,0.2679,3.0,Uninsured
Idaho,ID,16049,54745.0,10.06,5.19,0.09,3.67,10.8,33.1,16.1,57.45,8281.84,0.2495,2.0,Uninsured
Jefferson,ID,16051,77491.0,8.89,1.86,0.11,10.77,8.9,28.2,16.4,57.85,11395.9,0.1435,1.0,Uninsured
Jerome,ID,16053,67347.0,14.59,2.55,0.03,37.88,12.15,32.15,17.4,52.85,11683.49,0.2606,2.0,Uninsured
Kootenai,ID,16055,71949.0,9.14,1.26,0.29,5.22,8.95,27.8,16.8,58.0,10453.99,0.1367,1.0,Uninsured
Latah,ID,16057,62258.0,11.92,1.52,1.22,4.62,8.1,29.15,16.9,59.0,9158.09,0.1476,1.0,Uninsured
Lemhi,ID,16059,49216.0,10.52,0.26,0.01,3.56,10.65,34.35,16.35,60.85,10235.79,0.2094,2.0,Hypertension
Lewis,ID,16061,46484.0,17.55,1.57,1.85,5.34,12.8,37.25,17.3,59.65,9355.64,0.3125,3.0,Poverty
Lincoln,ID,16063,62250.0,11.57,1.63,0.48,31.81,10.95,30.95,17.0,53.55,10841.4,0.2084,1.0,Uninsured
Madison,ID,16065,53025.0,26.6,0.65,0.93,8.35,7.8,24.3,20.5,53.65,11758.4,0.1675,1.0,Poverty
Minidoka,ID,16067,63594.0,14.93,2.3,0.1,35.79,11.65,32.6,16.950000000000003,53.65,11418.62,0.2545,2.0,Uninsured
Nez Perce,ID,16069,65023.0,13.62,2.18,0.1,4.51,9.8,33.05,17.05,62.55,10621.68,0.2191,2.0,Uninsured
Oneida,ID,16071,67383.0,13.36,1.01,0.0,4.46,9.45,30.6,16.55,60.0,12662.32,0.1827,1.0,Poverty
Owyhee,ID,16073,58440.0,12.95,4.36,0.37,25.78,12.25,33.5,17.75,52.25,9438.0,0.2823,3.0,Uninsured
Payette,ID,16075,62721.0,10.41,0.97,0.08,18.02,10.7,32.95,17.1,58.15,9624.09,0.2066,1.0,Uninsured
Power,ID,16077,56671.0,11.05,4.56,0.04,34.39,11.35,32.0,16.9,54.8,11557.15,0.2493,2.0,Uninsured
Shoshone,ID,16079,44807.0,15.66,0.81,0.86,4.05,11.85,33.95,18.3,54.35,10158.22,0.2563,2.0,Poverty
Teton,ID,16081,88906.0,9.97,4.53,0.0,16.36,8.6,28.35,14.399999999999999,56.05,12278.59,0.171,1.0,Uninsured
Twin Falls,ID,16083,61183.0,12.28,1.71,0.55,17.4,10.45,29.7,16.950000000000003,58.8,10469.08,0.195,1.0,Uninsured
Valley,ID,16085,72878.0,13.76,1.03,0.06,1.44,11.15,34.4,15.649999999999999,61.95,8719.35,0.241,2.0,Poverty
Washington,ID,16087,50046.0,17.85,2.77,0.19,16.41,12.6,34.25,17.3,56.4,9452.13,0.3008,3.0,Poverty
Adams,IL,17001,63767.0,11.79,0.86,3.93,1.83,10.8,34.4,17.5,60.9,11731.38,0.2241,2.0,Uninsured
Alexander,IL,17003,40365.0,20.97,0.63,33.23,0.97,16.4,43.3,19.6,58.35,10978.72,0.4239,4.0,Diabetes
Bond,IL,17005,58617.0,13.06,0.75,7.13,3.8,10.95,34.15,18.299999999999997,60.3,12169.03,0.2297,2.0,Poverty
Boone,IL,17007,80502.0,9.63,0.26,2.59,23.5,11.3,32.9,17.2,59.15,12602.4,0.2058,1.0,Diabetes
Brown,IL,17009,64760.0,7.34,0.58,16.62,6.93,11.55,36.15,18.15,54.15,10898.79,0.2259,2.0,Hypertension
Bureau,IL,17011,64165.0,12.43,1.45,0.61,9.9,11.65,34.45,17.6,61.2,11154.98,0.2477,2.0,Uninsured
Calhoun,IL,17013,88059.0,8.14,0.0,0.74,0.81,10.2,33.65,16.65,60.65,12002.18,0.183,1.0,Hypertension
Carroll,IL,17015,61539.0,10.52,1.8,3.42,4.62,11.8,35.95,17.55,60.3,10191.45,0.2556,2.0,Uninsured
Cass,IL,17017,64826.0,12.17,0.12,3.6,20.35,12.3,35.05,17.799999999999997,57.75,10431.75,0.2487,2.0,Diabetes
Champaign,IL,17019,61090.0,17.43,0.47,13.2,6.45,10.1,30.05,17.0,62.85,11708.72,0.2034,1.0,Poverty
Christian,IL,17021,56933.0,11.26,0.25,2.62,1.95,11.2,35.0,18.049999999999997,57.85,12953.38,0.2267,2.0,Hypertension
Clark,IL,17023,65874.0,8.86,0.36,0.83,1.67,10.7,33.9,17.65,61.75,12566.1,0.2002,1.0,Uninsured
Clay,IL,17025,58028.0,15.46,0.9,0.46,0.2,12.4,36.5,19.15,56.1,12965.49,0.284,3.0,Poverty
Clinton,IL,17027,78054.0,6.84,1.42,2.98,3.3,10.3,33.15,17.15,61.85,12483.28,0.1891,1.0,Uninsured
Coles,IL,17029,53732.0,17.98,1.06,3.61,2.94,10.9,33.1,18.95,59.3,12480.45,0.2474,2.0,Poverty
Cook,IL,17031,78304.0,13.16,0.87,22.76,25.88,11.25,29.95,15.15,54.8,14064.55,0.2062,1.0,Poverty
Crawford,IL,17033,64163.0,8.71,0.84,4.51,2.45,11.0,35.2,17.85,60.75,14145.34,0.2187,2.0,Hypertension
Cumberland,IL,17035,71274.0,9.57,1.04,0.11,1.68,10.55,34.05,17.700000000000003,58.75,11142.91,0.2088,1.0,Uninsured
DeKalb,IL,17037,68617.0,14.74,0.4,7.68,12.27,10.45,31.0,18.15,59.8,12898.11,0.2029,1.0,Poverty
De Witt,IL,17039,61823.0,10.02,0.44,0.91,3.03,10.9,34.2,17.85,60.15,11009.78,0.212,2.0,Uninsured
Douglas,IL,17041,67177.0,9.3,6.63,1.23,7.56,10.75,33.25,18.0,59.25,11330.21,0.2605,2.0,Uninsured
DuPage,IL,17043,107035.0,6.2,0.64,4.9,14.81,9.25,28.9,13.8,62.6,12789.3,0.1299,1.0,Uninsured
Edgar,IL,17045,56687.0,11.55,0.37,0.67,1.33,11.9,36.45,18.35,58.85,14548.26,0.2516,2.0,Hypertension
Edwards,IL,17047,60784.0,14.07,1.28,0.13,1.39,12.4,36.55,19.049999999999997,59.65,12663.0,0.2816,3.0,Hypertension
Effingham,IL,17049,73181.0,10.64,0.67,0.65,2.23,10.25,32.8,17.4,58.6,10963.77,0.196,1.0,Uninsured
Fayette,IL,17051,51962.0,13.81,1.5,3.46,2.29,11.85,35.8,18.65,56.25,12414.38,0.2678,3.0,Poverty
Ford,IL,17053,58930.0,11.7,1.31,0.7,4.1,11.2,34.5,18.25,60.4,12439.58,0.2357,2.0,Uninsured
Franklin,IL,17055,51031.0,17.52,0.89,0.41,1.93,12.4,35.7,19.299999999999997,57.15,13224.12,0.2877,3.0,Poverty
Fulton,IL,17057,57223.0,12.53,0.38,2.68,2.87,11.7,36.35,18.450000000000003,56.5,11246.16,0.2522,2.0,Hypertension
Gallatin,IL,17059,51868.0,19.13,0.1,0.3,0.32,12.55,37.15,18.85,56.55,12778.68,0.3004,3.0,Poverty
Greene,IL,17061,58900.0,13.37,0.13,0.87,1.32,11.7,35.6,18.8,57.35,12118.69,0.2482,2.0,Poverty
Grundy,IL,17063,89993.0,5.92,0.66,1.81,10.93,9.7,30.95,17.15,61.65,13746.27,0.1512,1.0,Uninsured
Hamilton,IL,17065,60574.0,12.75,1.76,0.1,1.97,12.3,36.45,18.85,56.9,13031.09,0.2777,3.0,Uninsured
Hancock,IL,17067,61026.0,12.92,0.64,0.72,1.78,11.45,35.55,17.450000000000003,62.3,11679.18,0.2466,2.0,Poverty
Hardin,IL,17069,53026.0,11.3,0.0,1.09,1.04,12.6,37.5,18.5,58.35,17457.39,0.2662,3.0,Hypertension
Henderson,IL,17071,64946.0,9.02,0.02,0.17,1.88,11.95,36.8,17.4,60.5,10891.73,0.2397,2.0,Hypertension
Henry,IL,17073,66313.0,9.08,0.39,2.2,6.24,10.55,33.2,17.1,63.55,11228.45,0.1939,1.0,Uninsured
Iroquois,IL,17075,62866.0,10.44,1.02,1.01,7.55,12.25,36.4,18.45,59.25,12636.16,0.2584,2.0,Hypertension
Jackson,IL,17077,44847.0,21.53,0.98,14.52,4.68,11.7,34.05,18.75,57.95,13709.29,0.2836,3.0,Poverty
Jasper,IL,17079,67429.0,9.09,0.0,0.24,1.83,10.55,33.55,17.4,62.05,11490.99,0.1926,1.0,Hypertension
Jefferson,IL,17081,58384.0,13.44,1.39,6.5,2.92,11.8,35.9,18.35,59.4,13387.71,0.2649,2.0,Poverty
Jersey,IL,17083,77607.0,7.71,0.27,0.7,1.49,10.45,33.35,17.65,60.4,11324.0,0.1857,1.0,Uninsured
Jo Daviess,IL,17085,67729.0,7.7,1.08,0.8,3.3,11.1,35.2,16.3,63.05,9596.05,0.2181,2.0,Uninsured
Johnson,IL,17087,63295.0,14.01,0.95,8.85,4.03,12.1,36.7,18.0,54.2,12262.22,0.274,3.0,Hypertension
Kane,IL,17089,96400.0,8.23,0.77,5.22,32.6,10.8,28.95,15.3,57.5,13427.15,0.1673,1.0,Uninsured
Kankakee,IL,17091,65489.0,13.52,0.73,14.54,11.48,12.15,35.95,18.25,56.6,13175.75,0.265,2.0,Poverty
Kendall,IL,17093,106358.0,4.73,0.7,8.05,21.02,9.25,29.35,15.45,61.35,12835.59,0.1269,1.0,Uninsured
Knox,IL,17095,50263.0,15.01,0.39,8.15,6.2,12.2,35.95,18.35,58.2,11133.62,0.2694,3.0,Poverty
Lake,IL,17097,104553.0,7.64,0.86,6.77,22.78,10.5,30.9,14.399999999999999,59.5,13348.02,0.1744,1.0,Uninsured
LaSalle,IL,17099,67942.0,13.24,0.64,2.75,10.47,11.2,33.8,17.75,60.75,11689.32,0.2312,2.0,Poverty
Lawrence,IL,17101,55811.0,12.02,0.42,8.03,2.28,12.0,36.45,18.7,55.55,14505.18,0.256,2.0,Hypertension
Lee,IL,17103,64588.0,11.49,0.29,5.26,6.79,11.5,35.1,17.4,57.65,11017.28,0.234,2.0,Hypertension
Livingston,IL,17105,68175.0,9.65,0.85,3.6,5.11,11.05,34.05,17.95,61.15,10798.47,0.2158,2.0,Uninsured
Logan,IL,17107,62547.0,10.14,0.43,6.05,3.48,10.75,33.7,18.05,60.4,12291.08,0.2063,1.0,Uninsured
McDonough,IL,17109,48904.0,17.86,1.0,5.35,3.01,11.1,33.8,18.75,56.45,11440.17,0.2546,2.0,Poverty
McHenry,IL,17111,100101.0,5.99,0.66,1.54,14.34,9.65,31.7,15.850000000000001,60.5,13563.18,0.1561,1.0,Uninsured
McLean,IL,17113,75356.0,13.44,0.7,8.49,5.31,9.5,31.05,16.6,60.8,10997.8,0.1841,1.0,Poverty
Macon,IL,17115,59622.0,14.98,0.8,17.03,2.52,12.05,36.45,18.15,60.4,11960.17,0.2744,3.0,Poverty
Macoupin,IL,17117,64706.0,14.37,0.22,1.08,1.3,11.35,34.95,18.3,58.1,12449.25,0.2432,2.0,Poverty
Madison,IL,17119,71759.0,11.77,0.59,8.57,3.66,10.35,33.5,17.700000000000003,59.95,12901.89,0.2073,1.0,Poverty
Marion,IL,17121,59099.0,16.4,0.63,4.34,2.24,11.95,35.65,18.950000000000003,59.2,13392.63,0.2719,3.0,Poverty
Marshall,IL,17123,64940.0,11.84,0.43,0.57,3.06,11.35,35.1,17.799999999999997,59.5,10954.61,0.2345,2.0,Hypertension
Mason,IL,17125,58479.0,13.52,0.54,0.5,1.36,11.65,35.4,18.299999999999997,59.8,11357.53,0.2507,2.0,Poverty
Massac,IL,17127,57365.0,13.45,1.0,6.61,3.21,12.45,36.3,18.799999999999997,55.65,13355.8,0.275,3.0,Hypertension
Menard,IL,17129,84846.0,7.85,0.18,0.94,1.34,10.35,33.6,17.299999999999997,58.7,12567.74,0.1856,1.0,Uninsured
Mercer,IL,17131,67028.0,7.93,0.87,0.61,2.78,11.0,34.3,17.85,59.25,13860.6,0.2089,1.0,Uninsured
Monroe,IL,17133,100685.0,4.24,0.17,0.62,1.66,8.95,31.05,15.7,65.2,13468.59,0.1265,1.0,Uninsured
Montgomery,IL,17135,61796.0,12.84,0.8,2.75,1.89,11.35,34.7,18.2,58.3,12961.3,0.2399,2.0,Poverty
Morgan,IL,17137,61188.0,11.98,0.06,5.1,2.7,11.45,35.5,18.15,59.35,11808.84,0.2361,2.0,Hypertension
Moultrie,IL,17139,72833.0,8.99,4.75,1.01,1.71,10.55,33.65,18.65,57.8,12473.72,0.2399,2.0,Uninsured
Ogle,IL,17141,75782.0,8.19,0.81,1.08,10.92,10.95,34.05,17.2,58.65,11415.83,0.2068,1.0,Uninsured
Peoria,IL,17143,63409.0,15.06,0.75,17.58,5.26,11.75,35.1,17.4,59.5,12337.97,0.2595,2.0,Poverty
Perry,IL,17145,56338.0,15.51,0.47,7.88,3.18,12.2,36.35,18.799999999999997,57.5,14518.85,0.2755,3.0,Poverty
Piatt,IL,17147,81151.0,7.12,0.48,0.98,1.5,9.65,32.3,16.4,62.45,11167.32,0.1639,1.0,Uninsured
Pike,IL,17149,55514.0,13.03,0.55,0.69,1.51,11.85,36.15,18.65,59.15,12186.68,0.2573,2.0,Hypertension
Pope,IL,17151,57582.0,17.85,1.18,3.32,3.11,12.35,37.25,17.45,60.05,11216.2,0.3025,3.0,Poverty
Pulaski,IL,17153,41038.0,24.55,1.37,31.49,1.89,16.45,42.0,19.9,55.9,12097.26,0.4394,4.0,Diabetes
Putnam,IL,17155,75726.0,8.74,0.23,0.34,6.27,10.5,33.5,16.6,61.8,10727.43,0.1921,1.0,Uninsured
Randolph,IL,17157,63860.0,11.27,0.49,7.98,3.17,11.7,36.4,18.3,59.05,13988.13,0.2477,2.0,Hypertension
Richland,IL,17159,61607.0,13.44,0.64,0.62,1.8,11.2,34.45,18.299999999999997,54.9,13274.02,0.2368,2.0,Poverty
Rock Island,IL,17161,64435.0,14.66,1.18,10.71,13.54,11.95,33.8,17.6,59.35,11882.0,0.2559,2.0,Poverty
St. Clair,IL,17163,68915.0,13.55,0.7,28.31,4.49,12.15,37.05,17.45,61.55,13597.39,0.2728,3.0,Hypertension
Saline,IL,17165,51710.0,17.56,0.77,2.49,1.77,12.05,36.05,18.799999999999997,58.75,11937.21,0.2833,3.0,Poverty
Sangamon,IL,17167,71653.0,12.66,0.36,12.7,2.51,10.85,34.6,17.0,61.55,11407.14,0.2255,2.0,Poverty
Schuyler,IL,17169,63737.0,19.16,1.45,3.71,2.51,12.7,37.75,18.1,56.1,10727.0,0.3208,3.0,Poverty
Scott,IL,17171,70500.0,10.84,0.35,0.0,1.37,10.85,34.05,17.8,60.45,11099.47,0.213,2.0,Poverty
Shelby,IL,17173,65585.0,10.16,0.8,0.29,1.24,11.3,35.0,17.85,58.2,12315.22,0.2287,2.0,Hypertension
Stark,IL,17175,58125.0,12.18,0.56,1.11,2.3,11.2,35.0,17.85,62.85,11226.38,0.2341,2.0,Poverty
Stephenson,IL,17177,57527.0,13.1,0.8,8.68,4.58,12.15,36.25,18.049999999999997,58.95,9945.54,0.2659,3.0,Hypertension
Tazewell,IL,17179,74606.0,8.53,0.83,1.17,2.58,10.15,32.8,17.0,59.65,11291.66,0.186,1.0,Uninsured
Union,IL,17181,54090.0,19.69,1.66,1.48,5.3,12.5,36.4,18.5,55.85,11507.4,0.3122,3.0,Poverty
Vermilion,IL,17183,52787.0,16.74,0.63,14.52,5.44,13.05,39.45,19.0,57.45,11799.45,0.3196,3.0,Hypertension
Wabash,IL,17185,54074.0,13.1,0.42,0.96,3.05,11.85,35.3,18.4,59.5,13836.19,0.2502,2.0,Poverty
Warren,IL,17187,62700.0,14.0,0.36,3.81,10.34,11.3,33.85,17.950000000000003,56.85,11371.6,0.234,2.0,Poverty
Washington,IL,17189,75111.0,7.85,0.59,0.78,1.54,10.35,33.25,17.25,64.15,13579.34,0.1871,1.0,Uninsured
Wayne,IL,17191,53522.0,13.87,4.11,0.79,1.72,12.05,36.25,18.9,59.85,12790.45,0.3006,3.0,Uninsured
White,IL,17193,54605.0,14.81,1.28,0.77,1.48,12.8,37.15,19.25,58.15,12982.19,0.2961,3.0,Hypertension
Whiteside,IL,17195,62828.0,11.39,0.97,1.15,12.72,11.6,33.95,17.450000000000003,60.9,11546.42,0.2337,2.0,Uninsured
Will,IL,17197,103678.0,6.56,0.65,11.54,18.61,10.1,30.75,16.0,58.3,13466.13,0.1594,1.0,Uninsured
Williamson,IL,17199,60325.0,12.72,0.56,3.3,2.86,11.2,34.6,17.65,60.45,12800.45,0.2337,2.0,Poverty
Winnebago,IL,17201,61738.0,15.83,0.81,13.39,14.07,12.8,36.05,18.200000000000003,58.0,12353.74,0.2883,3.0,Poverty
Woodford,IL,17203,80093.0,7.26,1.17,0.64,1.93,9.6,32.15,16.5,61.2,10559.28,0.1695,1.0,Uninsured
Adams,IN,18001,61731.0,11.28,10.71,0.59,4.67,13.1,37.35,19.75,61.55,12644.44,0.3795,4.0,Uninsured
Allen,IN,18003,66222.0,11.82,1.47,11.23,8.0,12.35,35.6,17.7,61.25,12269.32,0.2652,2.0,Uninsured
Bartholomew,IN,18005,76912.0,11.36,0.6,1.62,7.91,11.7,35.55,17.6,64.45,12212.38,0.2431,2.0,Hypertension
Benton,IN,18007,58620.0,13.97,0.59,1.19,5.92,13.05,37.5,19.35,62.2,12914.26,0.2922,3.0,Hypertension
Blackford,IN,18009,51108.0,16.72,1.43,1.03,1.17,14.55,40.4,19.95,58.05,13006.2,0.3597,4.0,Hypertension
Boone,IN,18011,103038.0,5.69,0.74,2.16,3.49,9.9,31.95,15.35,66.95,12494.72,0.1615,1.0,Uninsured
Brown,IN,18013,73933.0,8.03,1.31,0.59,2.09,12.5,38.15,17.15,65.55,9923.49,0.2669,3.0,Hypertension
Carroll,IN,18015,61464.0,7.2,3.11,0.7,4.7,12.4,37.45,18.6,62.8,10866.43,0.2741,3.0,Uninsured
Cass,IN,18017,55862.0,13.53,0.98,1.31,16.85,14.0,38.45,18.7,59.25,11841.99,0.3169,3.0,Diabetes
Clark,IN,18019,69005.0,9.56,0.53,7.1,5.86,11.7,38.1,17.75,65.35,14377.77,0.2524,2.0,Hypertension
Clay,IN,18021,68364.0,10.63,0.55,0.38,1.76,12.85,38.75,18.75,63.15,12473.11,0.2818,3.0,Hypertension
Clinton,IN,18023,59515.0,8.71,1.4,0.76,16.99,12.55,36.4,18.4,62.85,11729.68,0.2592,2.0,Diabetes
Crawford,IN,18025,46706.0,21.72,0.16,0.78,0.75,15.65,41.75,20.65,58.25,11236.08,0.3988,4.0,Diabetes
Daviess,IN,18027,64113.0,9.45,10.17,1.59,5.69,12.9,37.15,20.1,60.65,12076.15,0.3608,4.0,Uninsured
Dearborn,IN,18029,80352.0,8.34,0.78,0.56,1.47,11.15,35.6,17.55,65.35,13057.18,0.2218,2.0,Hypertension
Decatur,IN,18031,71566.0,9.37,0.51,0.22,2.28,11.4,35.7,18.5,66.9,12892.77,0.2289,2.0,Hypertension
DeKalb,IN,18033,68110.0,9.87,1.71,0.24,3.07,11.8,36.15,18.65,66.55,13097.26,0.2532,2.0,Uninsured
Delaware,IN,18035,53377.0,19.26,0.82,6.24,2.68,13.2,36.0,20.35,65.95,12750.28,0.3109,3.0,Poverty
Dubois,IN,18037,68945.0,9.43,0.35,1.6,8.68,11.95,35.3,17.3,67.05,10790.66,0.234,2.0,Hypertension
Elkhart,IN,18039,63978.0,11.81,4.21,4.96,17.25,12.9,37.0,19.25,58.4,14718.48,0.3117,3.0,Uninsured
Fayette,IN,18041,52219.0,16.08,2.04,1.19,1.45,13.85,39.65,20.0,58.3,12817.18,0.3454,4.0,Hypertension
Floyd,IN,18043,75686.0,9.18,0.94,5.05,3.74,11.55,36.75,18.15,68.15,13762.46,0.2424,2.0,Hypertension
Fountain,IN,18045,60559.0,11.93,0.97,0.29,2.82,12.65,37.75,19.049999999999997,63.4,12102.54,0.2814,3.0,Hypertension
Franklin,IN,18047,75985.0,7.3,1.77,0.09,1.29,12.2,37.3,18.15,64.5,11705.22,0.2568,2.0,Hypertension
Fulton,IN,18049,62644.0,14.58,2.97,1.18,5.49,13.05,38.05,18.95,62.35,10516.45,0.3225,3.0,Uninsured
Gibson,IN,18051,64153.0,9.73,0.75,1.79,1.97,11.9,36.15,18.8,61.1,12364.93,0.2447,2.0,Hypertension
Grant,IN,18053,53033.0,17.53,0.94,6.82,4.73,14.1,39.15,19.700000000000003,64.25,11965.96,0.342,4.0,Diabetes
Greene,IN,18055,57771.0,13.78,1.39,0.6,1.92,13.15,38.45,19.35,65.15,11385.92,0.3077,3.0,Hypertension
Hamilton,IN,18057,114866.0,4.2,0.76,4.08,4.48,9.1,30.8,13.95,65.6,11618.79,0.1329,1.0,Uninsured
Hancock,IN,18059,85262.0,4.85,0.71,2.71,2.9,10.4,35.4,16.7,68.65,11680.31,0.1907,1.0,Hypertension
Harrison,IN,18061,71302.0,7.5,1.09,0.74,2.13,11.5,36.3,18.2,63.2,13263.45,0.2319,2.0,Hypertension
Hendricks,IN,18063,95261.0,5.11,1.46,8.1,4.53,10.5,33.9,15.7,64.8,11529.39,0.1902,1.0,Uninsured
Henry,IN,18065,57632.0,12.82,0.4,2.43,2.08,12.35,38.4,19.1,62.55,11834.62,0.2795,3.0,Hypertension
Howard,IN,18067,62014.0,11.88,1.34,7.85,3.78,13.1,37.55,18.55,60.95,12228.54,0.291,3.0,Hypertension
Huntington,IN,18069,59894.0,10.69,0.89,0.94,2.76,12.2,38.45,18.549999999999997,60.55,11231.55,0.2722,3.0,Hypertension
Jackson,IN,18071,65609.0,12.13,1.96,1.09,8.2,12.6,35.8,18.0,63.15,10591.25,0.2772,3.0,Uninsured
Jasper,IN,18073,77777.0,7.34,1.05,1.01,6.5,11.5,36.0,17.950000000000003,63.15,11686.38,0.2286,2.0,Hypertension
Jay,IN,18075,52231.0,13.32,2.83,0.29,3.43,13.6,39.35,20.0,62.3,12907.35,0.334,3.0,Hypertension
Jefferson,IN,18077,57801.0,12.04,1.29,2.1,3.06,12.3,36.85,18.9,64.5,12323.37,0.2727,3.0,Hypertension
Jennings,IN,18079,66892.0,13.56,2.43,0.79,2.93,13.1,38.4,19.6,61.35,11250.71,0.3158,3.0,Hypertension
Johnson,IN,18081,82730.0,7.34,1.57,2.6,3.85,11.3,36.45,17.049999999999997,69.05,11704.12,0.2336,2.0,Hypertension
Knox,IN,18083,58173.0,12.5,1.2,2.3,2.56,12.3,36.85,19.15,63.2,13163.31,0.2739,3.0,Hypertension
Kosciusko,IN,18085,70945.0,8.73,2.48,0.74,8.44,11.95,37.65,18.0,62.55,11712.64,0.2688,3.0,Uninsured
LaGrange,IN,18087,81658.0,5.6,20.21,0.17,4.35,11.75,34.85,20.25,61.6,9228.37,0.4061,4.0,Uninsured
Lake,IN,18089,66375.0,14.55,1.02,23.3,20.18,14.0,36.95,17.55,65.5,14881.97,0.3113,3.0,Diabetes
LaPorte,IN,18091,66854.0,13.8,0.97,10.69,7.19,13.75,39.3,18.35,62.45,12777.47,0.32,3.0,Hypertension
Lawrence,IN,18093,64210.0,10.51,0.96,0.33,1.8,12.45,37.15,18.3,61.0,11801.55,0.267,3.0,Hypertension
Madison,IN,18095,60060.0,13.48,1.04,7.97,4.64,12.9,38.45,18.9,65.55,12777.72,0.2986,3.0,Hypertension
Marion,IN,18097,59504.0,15.06,1.62,28.2,11.11,12.9,38.1,17.85,64.15,12476.51,0.3092,3.0,Hypertension
Marshall,IN,18099,66016.0,10.65,4.02,0.76,10.7,12.75,37.55,18.7,63.8,10248.91,0.3059,3.0,Uninsured
Martin,IN,18101,65489.0,13.91,2.62,0.2,1.31,13.05,38.35,19.1,62.7,10645.99,0.3181,3.0,Hypertension
Miami,IN,18103,59551.0,14.76,0.84,4.16,3.68,13.55,38.15,19.1,59.6,12006.64,0.3115,3.0,Diabetes
Monroe,IN,18105,60308.0,18.48,0.73,3.64,3.77,10.45,31.15,18.549999999999997,62.2,11089.73,0.2247,2.0,Poverty
Montgomery,IN,18107,62937.0,12.2,1.04,0.82,5.16,12.35,37.35,18.450000000000003,57.95,11346.15,0.2754,3.0,Hypertension
Morgan,IN,18109,79134.0,8.35,1.02,0.47,1.84,12.15,36.35,18.1,62.05,11783.46,0.2466,2.0,Hypertension
Newton,IN,18111,63673.0,12.42,0.91,1.14,7.35,12.9,37.65,18.65,64.05,12601.38,0.2866,3.0,Hypertension
Noble,IN,18113,70286.0,7.1,3.56,0.36,10.7,12.15,35.2,18.45,63.75,10744.61,0.2576,2.0,Uninsured
Ohio,IN,18115,66333.0,9.91,1.21,0.3,0.0,12.4,37.55,17.9,66.9,13402.11,0.2687,3.0,Hypertension
Orange,IN,18117,60775.0,14.43,2.47,1.63,1.79,13.1,38.6,19.55,60.25,12087.71,0.3217,3.0,Hypertension
Owen,IN,18119,57947.0,12.02,1.74,0.49,1.34,12.8,37.9,18.95,62.7,9341.84,0.2931,3.0,Hypertension
Parke,IN,18121,63393.0,14.49,4.54,1.88,0.96,13.8,39.35,20.25,58.95,12643.54,0.3597,4.0,Uninsured
Perry,IN,18123,58936.0,11.17,1.05,3.18,1.53,12.25,38.1,18.549999999999997,64.85,13755.44,0.2744,3.0,Hypertension
Pike,IN,18125,64182.0,10.8,0.79,0.57,2.28,12.85,37.6,18.75,63.85,10607.76,0.2767,3.0,Hypertension
Porter,IN,18127,82915.0,9.1,0.8,4.09,10.76,11.55,36.4,17.15,63.8,12905.75,0.2381,2.0,Hypertension
Posey,IN,18129,75594.0,9.87,0.48,1.27,1.3,11.45,36.45,17.45,66.25,12048.18,0.2372,2.0,Hypertension
Pulaski,IN,18131,56823.0,12.53,0.56,0.19,3.38,12.95,38.4,18.85,63.4,10857.05,0.2899,3.0,Hypertension
Putnam,IN,18133,70609.0,7.77,0.54,2.66,2.07,11.75,35.3,18.450000000000003,61.55,11691.63,0.2248,2.0,Hypertension
Randolph,IN,18135,59674.0,12.75,0.87,0.21,4.03,12.95,37.95,19.1,61.25,11787.16,0.2908,3.0,Hypertension
Ripley,IN,18137,70285.0,9.44,1.61,0.33,1.84,11.35,35.7,18.35,64.7,11211.02,0.2393,2.0,Uninsured
Rush,IN,18139,62386.0,11.5,2.18,0.57,1.81,12.9,37.35,19.2,61.3,12163.87,0.2927,3.0,Hypertension
St. Joseph,IN,18141,61877.0,13.78,1.25,12.88,9.53,12.3,36.15,18.950000000000003,63.3,11330.3,0.2753,3.0,Poverty
Scott,IN,18143,49343.0,15.18,0.32,0.15,2.52,12.95,38.4,20.1,61.1,13998.81,0.2999,3.0,Hypertension
Shelby,IN,18145,66449.0,12.69,1.02,1.39,4.86,12.6,37.7,18.7,64.25,13432.14,0.2842,3.0,Hypertension
Spencer,IN,18147,66168.0,7.1,0.55,0.65,3.19,11.9,37.65,17.75,65.15,11264.36,0.2412,2.0,Hypertension
Starke,IN,18149,59916.0,13.49,0.71,0.17,4.45,13.4,38.1,19.55,62.4,12313.41,0.3014,3.0,Hypertension
Steuben,IN,18151,68837.0,8.88,0.79,0.31,4.0,12.05,36.25,17.85,67.8,10798.35,0.2444,2.0,Hypertension
Sullivan,IN,18153,54556.0,10.88,2.73,3.63,1.8,13.05,39.1,19.0,62.7,13663.93,0.3104,3.0,Hypertension
Switzerland,IN,18155,66525.0,16.41,3.5,0.3,2.09,13.3,39.55,19.55,62.4,11954.04,0.3514,4.0,Hypertension
Tippecanoe,IN,18157,55728.0,17.48,0.79,6.0,8.92,10.8,31.45,17.95,63.1,11768.53,0.2287,2.0,Poverty
Tipton,IN,18159,71947.0,11.88,0.65,0.52,3.06,11.95,36.3,17.55,63.15,13264.45,0.2557,2.0,Hypertension
Union,IN,18161,68514.0,5.94,1.45,0.61,2.27,11.55,35.95,17.95,64.7,12401.14,0.2265,2.0,Uninsured
Vanderburgh,IN,18163,58839.0,13.76,0.82,9.76,3.02,12.0,36.75,18.8,61.55,12198.47,0.2702,3.0,Hypertension
Vermillion,IN,18165,59567.0,14.61,0.18,0.45,1.56,12.9,38.1,19.2,61.4,13420.47,0.2929,3.0,Hypertension
Vigo,IN,18167,52789.0,18.52,1.14,6.92,2.82,13.25,36.9,19.8,61.4,13351.8,0.3179,3.0,Poverty
Wabash,IN,18169,66194.0,10.29,1.02,1.13,2.78,12.3,36.85,18.45,66.4,12917.85,0.2618,2.0,Hypertension
Warren,IN,18171,72833.0,12.36,1.12,0.09,2.25,12.5,37.1,18.5,64.8,10763.61,0.2777,3.0,Hypertension
Warrick,IN,18173,91105.0,5.95,0.33,2.06,2.11,10.55,32.9,16.65,65.35,13271.31,0.1765,1.0,Uninsured
Washington,IN,18175,60695.0,12.89,2.07,0.19,1.41,13.3,39.6,19.45,63.05,11811.99,0.3211,3.0,Hypertension
Wayne,IN,18177,54854.0,15.4,1.93,4.34,3.33,13.4,38.4,20.05,61.55,13080.5,0.3245,3.0,Hypertension
Wells,IN,18179,68074.0,6.21,1.12,1.13,3.34,11.55,36.75,18.1,66.6,11318.99,0.2303,2.0,Hypertension
White,IN,18181,65345.0,8.56,1.48,0.49,9.06,13.0,37.0,18.0,64.4,11755.1,0.2712,3.0,Diabetes
Whitley,IN,18183,73636.0,9.02,1.9,0.31,2.38,11.4,35.45,17.85,66.35,10752.08,0.2392,2.0,Uninsured
Adair,IA,19001,63172.0,9.84,1.38,0.64,2.62,11.5,36.0,17.25,65.1,12027.57,0.2436,2.0,Hypertension
Adams,IA,19003,64750.0,9.27,1.03,0.3,1.96,11.35,35.45,16.65,65.45,14460.53,0.2309,2.0,Hypertension
Allamakee,IA,19005,64049.0,11.35,1.45,1.72,7.45,11.45,35.7,17.1,63.95,9754.79,0.2483,2.0,Uninsured
Appanoose,IA,19007,50684.0,17.13,2.37,0.41,2.37,13.45,39.25,18.4,60.8,12055.53,0.3439,4.0,Hypertension
Audubon,IA,19009,54973.0,11.54,0.09,0.3,2.19,11.7,35.8,17.05,63.1,11960.07,0.2407,2.0,Hypertension
Benton,IA,19011,79444.0,8.14,0.32,0.42,1.72,9.85,33.15,16.4,65.8,9956.6,0.1766,1.0,Uninsured
Black Hawk,IA,19013,62329.0,15.12,0.41,9.77,4.74,11.2,33.15,17.0,69.45,10960.84,0.233,2.0,Poverty
Boone,IA,19015,75759.0,7.33,0.32,1.3,2.8,10.05,33.7,16.35,63.8,10501.26,0.1802,1.0,Uninsured
Bremer,IA,19017,84727.0,6.16,0.11,1.31,1.86,9.15,31.45,15.95,66.4,11149.28,0.1412,1.0,Uninsured
Buchanan,IA,19019,73493.0,8.55,2.54,0.78,1.85,10.0,33.05,16.6,65.6,11308.56,0.2023,1.0,Uninsured
Buena Vista,IA,19021,62662.0,6.72,0.87,2.93,26.94,12.35,32.95,16.6,58.1,10736.58,0.2164,2.0,Diabetes
Butler,IA,19023,65743.0,11.61,0.62,0.51,1.63,11.05,35.2,16.9,64.85,11542.84,0.2309,2.0,Hypertension
Calhoun,IA,19025,65614.0,8.41,0.45,1.15,2.18,10.95,33.95,16.700000000000003,60.25,13012.42,0.2036,1.0,Uninsured
Carroll,IA,19027,68041.0,7.66,0.18,1.17,3.01,10.65,34.0,16.700000000000003,64.0,10921.14,0.1927,1.0,Hypertension
Cass,IA,19029,60815.0,15.04,0.12,0.75,3.06,12.2,36.05,17.5,64.25,13050.13,0.2676,3.0,Poverty
Cedar,IA,19031,76959.0,7.67,0.74,0.49,2.41,10.55,33.4,16.8,64.9,9789.79,0.1922,1.0,Uninsured
Cerro Gordo,IA,19033,63149.0,9.14,0.36,1.83,5.37,11.0,34.05,16.9,67.7,10602.29,0.2077,1.0,Uninsured
Cherokee,IA,19035,63638.0,12.98,0.7,1.4,4.55,11.95,36.2,17.1,63.7,11511.67,0.2606,2.0,Hypertension
Chickasaw,IA,19037,72734.0,6.19,2.48,0.78,3.04,11.05,34.9,16.65,67.2,11514.84,0.2218,2.0,Uninsured
Clarke,IA,19039,63120.0,16.55,1.64,0.04,16.51,12.9,35.5,18.1,56.6,13685.49,0.2976,3.0,Poverty
Clay,IA,19041,61756.0,11.23,0.35,0.57,4.17,10.9,33.75,16.6,63.4,10582.36,0.2135,2.0,Poverty
Clayton,IA,19043,60441.0,12.81,1.55,0.39,2.2,12.0,36.95,17.4,61.5,11617.63,0.2745,3.0,Hypertension
Clinton,IA,19045,61080.0,12.15,0.39,3.02,3.42,11.35,35.4,17.4,62.35,11029.86,0.2377,2.0,Hypertension
Crawford,IA,19047,61188.0,16.77,1.16,2.41,29.61,13.25,35.45,17.05,58.8,11641.08,0.2995,3.0,Poverty
Dallas,IA,19049,99533.0,5.64,1.04,2.3,6.39,8.65,28.95,14.5,65.9,10769.43,0.1214,1.0,Uninsured
Davis,IA,19051,77176.0,9.27,13.16,0.0,1.7,10.85,34.4,18.05,64.25,12597.78,0.3349,3.0,Uninsured
Decatur,IA,19053,56068.0,13.16,2.65,1.26,3.33,11.5,33.45,18.0,63.6,10977.12,0.2533,2.0,Uninsured
Delaware,IA,19055,75896.0,6.57,0.76,0.01,1.61,11.0,34.15,17.15,65.55,10593.53,0.2003,1.0,Uninsured
Des Moines,IA,19057,58084.0,14.31,0.23,5.26,3.77,11.05,32.65,17.35,63.6,10941.83,0.2213,2.0,Poverty
Dickinson,IA,19059,72446.0,6.14,0.56,0.12,2.57,10.3,33.9,15.350000000000001,63.1,10019.57,0.1827,1.0,Uninsured
Dubuque,IA,19061,73495.0,9.59,0.35,3.0,2.76,9.6,29.3,16.25,64.05,9629.7,0.1517,1.0,Uninsured
Emmet,IA,19063,64461.0,11.72,0.53,3.64,9.86,11.35,35.25,17.200000000000003,64.85,11114.93,0.236,2.0,Hypertension
Fayette,IA,19065,56043.0,11.44,0.9,0.84,2.93,11.6,35.45,17.25,64.7,12972.77,0.244,2.0,Hypertension
Floyd,IA,19067,62356.0,10.72,1.01,0.94,4.12,11.35,34.45,17.25,61.55,12397.98,0.2303,2.0,Uninsured
Franklin,IA,19069,62214.0,13.51,2.22,0.53,13.61,12.5,35.45,17.35,63.25,11467.92,0.282,3.0,Uninsured
Fremont,IA,19071,69375.0,7.37,0.65,0.72,3.1,11.0,34.6,16.65,64.5,14072.34,0.2062,1.0,Uninsured
Greene,IA,19073,56884.0,11.35,0.83,0.5,3.22,11.45,34.75,17.25,65.0,11746.74,0.2353,2.0,Uninsured
Grundy,IA,19075,80701.0,5.86,0.35,0.84,1.77,9.85,32.3,16.3,67.9,13852.06,0.1601,1.0,Uninsured
Guthrie,IA,19077,75795.0,9.99,0.43,0.47,2.9,10.75,33.9,16.299999999999997,65.55,12609.1,0.207,1.0,Uninsured
Hamilton,IA,19079,66685.0,7.64,0.19,1.38,6.66,10.8,33.7,16.1,65.5,12143.88,0.1931,1.0,Uninsured
Hancock,IA,19081,67865.0,9.69,0.89,0.82,5.2,11.1,34.4,16.6,64.75,11365.07,0.2197,2.0,Uninsured
Hardin,IA,19083,64656.0,8.04,0.81,0.55,4.57,11.4,35.05,17.0,62.8,10671.92,0.221,2.0,Hypertension
Harrison,IA,19085,75830.0,7.47,0.98,0.16,2.05,11.1,33.85,16.85,60.15,13385.84,0.2063,1.0,Uninsured
Henry,IA,19087,62365.0,10.4,0.5,2.56,5.35,11.35,34.7,17.0,63.3,11517.18,0.2256,2.0,Hypertension
Howard,IA,19089,63947.0,8.49,3.94,0.17,1.8,11.05,34.1,17.299999999999997,62.05,12493.35,0.2413,2.0,Uninsured
Humboldt,IA,19091,66617.0,13.19,0.95,0.37,5.05,11.7,35.4,17.4,66.0,11314.65,0.254,2.0,Poverty
Ida,IA,19093,63125.0,11.26,0.89,0.79,3.59,11.0,34.05,16.95,60.55,12971.84,0.2228,2.0,Uninsured
Iowa,IA,19095,69787.0,8.99,0.49,0.65,3.72,10.4,33.65,16.75,65.2,11511.86,0.1952,1.0,Uninsured
Jackson,IA,19097,69709.0,10.1,0.67,0.64,1.7,11.15,34.9,17.25,62.75,10382.55,0.2239,2.0,Hypertension
Jasper,IA,19099,67784.0,8.42,0.29,1.83,2.79,10.8,34.25,17.2,62.4,10433.72,0.2017,1.0,Hypertension
Jefferson,IA,19101,52210.0,13.14,0.02,4.82,3.6,11.65,35.5,15.549999999999999,62.3,9607.34,0.2445,2.0,Poverty
Johnson,IA,19103,72977.0,16.07,0.67,7.4,5.92,9.25,29.45,16.1,62.45,10360.34,0.1803,1.0,Poverty
Jones,IA,19105,68781.0,10.7,0.1,2.28,2.28,10.65,33.5,16.85,64.2,11748.4,0.2025,1.0,Poverty
Keokuk,IA,19107,60016.0,12.04,0.21,0.6,2.17,11.9,36.2,17.85,64.1,14261.68,0.2505,2.0,Hypertension
Kossuth,IA,19109,62553.0,10.29,0.77,0.84,3.81,11.4,33.95,16.8,63.6,11553.52,0.2232,2.0,Uninsured
Lee,IA,19111,58094.0,12.24,0.17,2.86,3.74,11.45,34.45,17.45,62.1,10955.74,0.2308,2.0,Poverty
Linn,IA,19113,75457.0,9.26,0.41,5.84,3.59,10.45,29.75,16.700000000000003,62.1,10735.44,0.1684,1.0,Uninsured
Louisa,IA,19115,72500.0,9.9,0.22,0.69,16.31,11.45,33.3,16.55,66.85,10712.09,0.2121,2.0,Diabetes
Lucas,IA,19117,63405.0,16.41,2.38,0.35,2.53,12.25,36.1,17.95,62.25,11664.87,0.2976,3.0,Poverty
Lyon,IA,19119,73735.0,3.82,0.82,0.2,3.04,10.8,34.85,17.75,64.2,11030.41,0.1897,1.0,Uninsured
Madison,IA,19121,88110.0,6.06,0.7,1.28,2.41,9.5,31.15,16.450000000000003,64.75,11084.62,0.1503,1.0,Uninsured
Mahaska,IA,19123,65200.0,11.57,0.48,1.71,2.42,10.7,33.8,17.549999999999997,63.05,10109.29,0.2133,2.0,Poverty
Marion,IA,19125,74193.0,7.28,0.9,0.56,2.19,9.6,32.25,16.35,65.1,11445.42,0.1676,1.0,Uninsured
Marshall,IA,19127,70828.0,10.72,0.58,2.11,24.26,11.75,32.65,16.3,59.85,9648.38,0.2198,2.0,Diabetes
Mills,IA,19129,81907.0,6.82,0.51,0.26,3.73,10.05,32.85,16.049999999999997,64.9,14489.91,0.1736,1.0,Uninsured
Mitchell,IA,19131,66056.0,6.53,1.44,0.56,1.77,10.75,34.4,16.65,63.95,10805.71,0.2045,1.0,Uninsured
Monona,IA,19133,59897.0,11.99,0.23,0.3,2.23,11.5,35.75,17.6,62.3,12300.11,0.2404,2.0,Hypertension
Monroe,IA,19135,76324.0,10.63,0.83,0.15,0.32,10.4,33.7,16.950000000000003,61.25,13412.85,0.2066,1.0,Uninsured
Montgomery,IA,19137,61261.0,14.21,0.21,0.45,1.04,11.4,35.25,17.45,60.3,12962.85,0.2453,2.0,Poverty
Muscatine,IA,19139,67427.0,11.49,0.36,2.71,18.63,11.3,33.2,17.4,60.45,11101.17,0.2176,2.0,Poverty
O'Brien,IA,19141,65076.0,11.9,1.04,1.39,5.75,11.2,34.1,17.5,61.5,10931.18,0.231,2.0,Uninsured
Osceola,IA,19143,67561.0,12.36,0.63,0.94,8.85,12.3,35.6,17.25,61.3,10922.57,0.2586,2.0,Diabetes
Page,IA,19145,58264.0,12.6,0.27,1.54,3.68,12.1,37.4,17.35,60.85,15188.13,0.2658,3.0,Hypertension
Palo Alto,IA,19147,67306.0,10.21,0.96,2.05,3.65,10.75,34.1,16.75,61.45,11213.03,0.2147,2.0,Uninsured
Plymouth,IA,19149,79963.0,5.59,1.24,1.78,5.82,10.1,32.35,16.2,64.5,12231.44,0.1723,1.0,Uninsured
Pocahontas,IA,19151,61434.0,8.87,0.86,0.16,4.55,11.55,34.65,16.950000000000003,63.65,14092.07,0.225,2.0,Uninsured
Polk,IA,19153,78827.0,10.15,0.56,7.3,8.91,9.85,30.65,17.299999999999997,63.65,10874.17,0.1703,1.0,Uninsured
Pottawattamie,IA,19155,68718.0,11.03,0.63,1.55,8.48,10.7,33.05,17.65,63.0,11639.31,0.2069,1.0,Uninsured
Poweshiek,IA,19157,61192.0,9.82,0.34,1.18,3.43,10.45,33.1,17.15,63.35,10073.82,0.1945,1.0,Uninsured
Ringgold,IA,19159,67898.0,7.87,1.13,0.13,2.9,10.65,34.15,16.5,62.1,13125.3,0.2041,1.0,Uninsured
Sac,IA,19161,68778.0,8.5,0.53,0.33,3.88,10.85,34.0,16.7,65.2,13991.93,0.2035,1.0,Uninsured
Scott,IA,19163,72792.0,11.63,0.97,7.03,7.27,10.2,31.05,16.7,66.4,12037.73,0.1901,1.0,Uninsured
Shelby,IA,19165,70295.0,8.61,0.32,0.92,3.25,10.9,33.6,16.6,61.2,13173.83,0.1999,1.0,Uninsured
Sioux,IA,19167,81914.0,5.69,1.55,0.5,11.41,9.35,31.5,16.15,59.85,11278.11,0.157,1.0,Uninsured
Story,IA,19169,66197.0,17.2,0.33,2.37,3.81,8.95,28.7,16.6,67.9,10599.34,0.1717,1.0,Poverty
Tama,IA,19171,65483.0,14.77,1.07,1.04,11.55,12.15,34.55,17.5,62.4,11161.99,0.2641,2.0,Poverty
Taylor,IA,19173,65926.0,8.38,0.19,0.12,8.94,11.45,35.7,16.95,62.35,14547.21,0.222,2.0,Hypertension
Union,IA,19175,56495.0,11.57,1.16,0.39,3.16,10.95,34.55,17.3,63.45,12635.46,0.2297,2.0,Uninsured
Van Buren,IA,19177,58417.0,10.93,3.73,0.42,1.64,12.2,36.5,18.0,59.5,13646.32,0.2874,3.0,Uninsured
Wapello,IA,19179,56209.0,17.0,1.06,3.21,11.53,12.5,33.8,17.75,64.1,11854.6,0.2749,3.0,Poverty
Warren,IA,19181,89741.0,5.95,0.27,0.75,3.24,9.05,30.65,15.850000000000001,66.85,10948.44,0.1343,1.0,Uninsured
Washington,IA,19183,71122.0,7.34,0.94,0.4,7.02,10.8,34.45,16.7,64.65,11169.46,0.2045,1.0,Uninsured
Wayne,IA,19185,58257.0,13.06,5.1,0.29,1.8,11.55,35.2,17.799999999999997,60.75,12475.82,0.2905,3.0,Uninsured
Webster,IA,19187,65335.0,11.22,1.14,3.4,5.88,10.95,35.0,17.45,62.8,10718.7,0.2311,2.0,Uninsured
Winnebago,IA,19189,62853.0,7.28,0.5,0.81,5.36,10.45,33.7,16.6,63.95,10625.43,0.1885,1.0,Uninsured
Winneshiek,IA,19191,67770.0,7.99,0.38,0.81,2.42,9.6,31.35,15.95,66.3,9509.16,0.1593,1.0,Uninsured
Woodbury,IA,19193,68399.0,13.15,0.67,4.26,18.09,11.55,33.4,17.8,57.65,12097.33,0.2341,2.0,Poverty
Worth,IA,19195,69897.0,7.24,1.28,1.04,3.25,10.9,34.55,16.6,65.25,10340.33,0.2098,2.0,Uninsured
Wright,IA,19197,58240.0,14.03,0.54,0.16,13.66,12.4,34.95,16.55,61.05,12175.31,0.2625,2.0,Poverty
Allen,KS,20001,55059.0,14.66,2.19,1.74,4.13,11.3,33.95,17.85,56.1,14631.89,0.2559,2.0,Uninsured
Anderson,KS,20003,67651.0,12.87,1.99,0.99,2.62,11.65,36.0,18.05,53.5,14447.06,0.2663,3.0,Uninsured
Atchison,KS,20005,55281.0,13.18,1.41,3.69,3.26,10.6,33.7,18.15,58.8,12336.95,0.2276,2.0,Uninsured
Barber,KS,20007,53774.0,19.82,0.86,0.22,7.65,11.9,36.6,17.0,57.35,15421.15,0.2962,3.0,Poverty
Barton,KS,20009,54634.0,14.1,1.42,1.09,15.91,12.1,35.4,16.95,60.0,13329.34,0.2697,3.0,Poverty
Bourbon,KS,20011,55826.0,12.39,0.85,2.87,3.14,11.55,35.75,17.8,55.5,10749.21,0.2493,2.0,Hypertension
Brown,KS,20013,55876.0,14.2,1.83,0.93,5.66,11.9,36.85,17.75,58.3,13362.72,0.2813,3.0,Hypertension
Butler,KS,20015,77724.0,7.52,1.13,2.57,5.53,10.0,32.9,17.0,59.95,11885.34,0.1825,1.0,Uninsured
Chase,KS,20017,52481.0,8.4,1.91,0.51,6.65,12.35,36.55,16.85,57.05,11559.14,0.2605,2.0,Uninsured
Chautauqua,KS,20019,51210.0,17.32,3.07,0.91,4.49,13.25,38.45,18.4,55.9,10491.89,0.3426,4.0,Uninsured
Cherokee,KS,20021,53382.0,13.49,1.52,0.87,3.24,12.0,35.8,18.450000000000003,56.35,12858.82,0.2691,3.0,Uninsured
Cheyenne,KS,20023,52730.0,14.97,2.6,0.04,7.48,12.95,37.2,17.5,57.15,15314.53,0.3129,3.0,Uninsured
Clark,KS,20025,58287.0,11.13,1.92,0.0,7.18,10.8,34.45,16.049999999999997,58.05,17050.48,0.2319,2.0,Uninsured
Clay,KS,20027,57765.0,11.12,0.3,1.85,3.18,11.25,36.1,16.95,59.2,11763.83,0.2354,2.0,Hypertension
Cloud,KS,20029,51197.0,11.37,1.55,0.87,3.85,11.15,35.95,17.65,57.55,14728.08,0.2461,2.0,Uninsured
Coffey,KS,20031,67645.0,11.08,1.82,0.48,3.48,11.2,35.0,17.1,58.45,12569.66,0.2414,2.0,Uninsured
Comanche,KS,20033,49754.0,8.33,2.03,0.16,2.63,11.5,35.95,16.9,61.5,15627.09,0.2426,2.0,Uninsured
Cowley,KS,20035,55726.0,13.04,1.47,2.07,11.6,11.85,35.5,17.75,56.3,11183.23,0.2617,2.0,Uninsured
Crawford,KS,20037,49779.0,19.85,0.89,2.1,6.41,11.0,35.0,18.4,56.75,12013.46,0.2698,3.0,Poverty
Decatur,KS,20039,49412.0,11.87,1.08,1.05,3.64,11.4,35.2,15.8,58.5,13628.15,0.2426,2.0,Uninsured
Dickinson,KS,20041,62971.0,8.66,3.15,1.2,5.29,10.6,34.0,16.950000000000003,59.7,13176.16,0.2259,2.0,Uninsured
Doniphan,KS,20043,66358.0,10.24,1.8,4.81,2.99,10.45,33.6,17.25,58.4,14671.62,0.2145,2.0,Uninsured
Douglas,KS,20045,66153.0,15.13,0.8,4.28,6.68,8.8,27.9,16.8,59.85,11112.35,0.1584,1.0,Poverty
Edwards,KS,20047,52750.0,13.27,1.65,0.35,21.41,12.7,36.4,16.85,59.6,14821.04,0.2855,3.0,Diabetes
Elk,KS,20049,50000.0,14.76,1.47,0.08,4.73,13.4,38.6,17.8,53.25,13258.98,0.3184,3.0,Hypertension
Ellis,KS,20051,59665.0,14.6,0.32,1.32,6.43,9.75,31.9,17.15,61.4,11417.12,0.1961,1.0,Poverty
Ellsworth,KS,20053,59844.0,7.39,0.52,3.22,6.15,10.65,35.15,15.850000000000001,57.15,14095.79,0.2031,1.0,Hypertension
Finney,KS,20055,68481.0,12.55,2.41,4.46,51.11,13.0,32.9,17.0,51.1,10813.68,0.2695,3.0,Uninsured
Ford,KS,20057,67997.0,11.57,1.89,2.48,56.48,13.0,33.15,16.6,52.6,10294.86,0.2616,2.0,Diabetes
Franklin,KS,20059,68217.0,8.09,0.95,0.64,4.62,10.55,34.05,17.35,59.65,13582.23,0.201,1.0,Uninsured
Geary,KS,20061,57992.0,18.05,1.5,17.08,16.79,10.75,32.5,18.85,57.55,9775.03,0.2452,2.0,Poverty
Gove,KS,20063,59417.0,6.27,3.37,0.76,2.32,10.75,34.15,16.6,61.7,17091.44,0.2205,2.0,Uninsured
Graham,KS,20065,47071.0,9.79,0.21,4.24,4.12,12.25,37.6,16.5,59.95,14447.95,0.256,2.0,Hypertension
Grant,KS,20067,84808.0,5.28,0.63,0.12,49.5,11.2,30.25,14.899999999999999,56.95,10961.22,0.1683,1.0,Uninsured
Gray,KS,20069,74500.0,3.99,3.01,0.0,17.14,10.5,32.1,17.35,53.3,9334.55,0.1873,1.0,Uninsured
Greeley,KS,20071,69948.0,7.9,3.6,0.16,20.56,10.5,32.65,15.399999999999999,62.3,15817.61,0.2154,2.0,Uninsured
Greenwood,KS,20073,51812.0,15.05,1.83,0.5,4.3,12.3,37.35,17.549999999999997,55.0,13331.96,0.2957,3.0,Hypertension
Hamilton,KS,20075,58750.0,7.86,2.98,0.0,34.01,11.2,32.25,15.8,57.4,22683.61,0.218,2.0,Uninsured
Harper,KS,20077,53032.0,15.12,1.85,0.15,7.11,13.1,37.05,18.0,56.55,13798.8,0.3076,3.0,Diabetes
Harvey,KS,20079,70685.0,9.31,0.66,1.6,12.59,11.1,32.4,16.35,60.5,11524.37,0.2012,1.0,Uninsured
Haskell,KS,20081,66458.0,8.89,2.12,0.35,31.78,12.35,33.25,17.200000000000003,56.25,13319.9,0.241,2.0,Uninsured
Hodgeman,KS,20083,63125.0,8.59,2.09,0.11,6.67,10.15,33.4,15.5,60.95,18486.76,0.2031,1.0,Uninsured
Jackson,KS,20085,70385.0,7.8,2.28,1.05,5.39,11.0,33.55,17.15,60.75,13838.86,0.2168,2.0,Uninsured
Jefferson,KS,20087,74562.0,5.96,0.38,0.75,3.24,10.0,32.4,16.25,62.2,12487.96,0.1642,1.0,Uninsured
Jewell,KS,20089,47109.0,18.54,1.19,1.13,1.71,13.25,38.95,17.15,59.7,15951.57,0.3333,3.0,Poverty
Johnson,KS,20091,103644.0,5.22,0.86,4.85,8.14,8.85,30.65,13.45,65.3,13133.45,0.1333,1.0,Uninsured
Kearny,KS,20093,68750.0,15.31,1.36,2.95,32.62,12.05,32.65,16.85,52.0,12836.3,0.2541,2.0,Poverty
Kingman,KS,20095,59640.0,7.74,0.77,0.26,3.98,10.8,34.45,17.25,60.0,13905.02,0.2047,1.0,Uninsured
Kiowa,KS,20097,70347.0,4.74,2.09,0.74,5.6,10.55,34.15,16.45,59.35,14899.28,0.1973,1.0,Uninsured
Labette,KS,20099,56143.0,14.87,1.59,4.06,5.06,12.05,37.4,17.950000000000003,56.9,10282.22,0.2886,3.0,Hypertension
Lane,KS,20101,52222.0,8.97,3.99,0.46,12.24,11.35,35.0,16.55,57.9,12353.35,0.2556,2.0,Uninsured
Leavenworth,KS,20103,84307.0,9.4,1.05,7.5,7.41,10.2,31.55,16.049999999999997,61.4,12709.51,0.1841,1.0,Uninsured
Lincoln,KS,20105,52540.0,12.56,0.48,0.17,3.86,12.2,37.4,17.15,62.25,13899.75,0.2693,3.0,Hypertension
Linn,KS,20107,56697.0,11.4,0.65,0.96,3.04,10.85,33.65,17.1,58.05,11250.63,0.2157,2.0,Poverty
Logan,KS,20109,70382.0,9.77,0.58,0.0,6.1,11.25,34.3,17.0,59.15,15903.99,0.2188,2.0,Uninsured
Lyon,KS,20111,56415.0,15.64,1.39,1.79,22.47,11.35,33.85,17.65,59.85,12890.95,0.2527,2.0,Poverty
McPherson,KS,20113,71250.0,10.04,1.12,1.79,4.77,9.65,32.9,16.4,59.1,12040.07,0.1882,1.0,Uninsured
Marion,KS,20115,60011.0,8.17,1.1,1.1,3.96,10.85,34.45,16.700000000000003,61.15,11634.56,0.2108,2.0,Uninsured
Marshall,KS,20117,64306.0,10.35,1.2,0.74,3.01,11.4,35.15,17.6,60.15,11952.38,0.2364,2.0,Uninsured
Meade,KS,20119,74063.0,6.87,2.49,0.92,21.95,11.4,34.0,16.85,59.75,11264.57,0.2246,2.0,Uninsured
Miami,KS,20121,85564.0,6.84,0.65,1.16,3.59,9.8,31.15,16.25,63.0,12671.98,0.1585,1.0,Uninsured
Mitchell,KS,20123,63008.0,14.65,3.47,0.21,3.36,11.3,35.3,17.2,57.6,15127.95,0.2783,3.0,Uninsured
Montgomery,KS,20125,51513.0,16.36,2.32,4.89,7.4,12.45,37.2,18.35,57.2,10609.2,0.3081,3.0,Poverty
Morris,KS,20127,52866.0,10.81,1.47,0.17,5.61,11.55,36.2,16.549999999999997,60.2,10850.37,0.2513,2.0,Hypertension
Morton,KS,20129,57943.0,12.83,1.3,0.93,23.92,12.55,34.9,17.0,55.5,17178.09,0.2666,3.0,Diabetes
Nemaha,KS,20131,72788.0,8.45,1.14,0.47,2.26,10.2,34.0,16.549999999999997,60.85,14682.22,0.1982,1.0,Uninsured
Neosho,KS,20133,54894.0,14.44,2.1,1.21,6.33,11.85,35.55,17.8,55.95,11576.82,0.2749,3.0,Uninsured
Ness,KS,20135,64907.0,10.31,2.2,0.3,13.71,11.55,35.1,16.299999999999997,59.4,18754.88,0.2482,2.0,Uninsured
Norton,KS,20137,52710.0,7.73,2.14,2.87,5.73,11.75,35.6,17.1,57.2,13429.27,0.2426,2.0,Uninsured
Osage,KS,20139,66155.0,10.93,1.72,0.37,3.6,11.05,35.7,17.25,60.2,12313.57,0.2422,2.0,Uninsured
Osborne,KS,20141,58750.0,13.0,0.72,0.49,2.61,12.0,36.05,16.85,59.35,15676.63,0.2607,2.0,Hypertension
Ottawa,KS,20143,74551.0,10.21,0.97,0.75,3.17,10.8,34.4,16.700000000000003,62.4,13866.82,0.2178,2.0,Uninsured
Pawnee,KS,20145,54141.0,10.21,1.32,5.69,7.51,11.35,35.4,16.15,60.05,15530.77,0.2378,2.0,Uninsured
Phillips,KS,20147,57611.0,16.11,0.58,1.27,3.51,11.75,35.7,17.0,59.3,14665.16,0.267,3.0,Poverty
Pottawatomie,KS,20149,85241.0,7.15,1.08,1.72,5.39,9.1,31.7,16.1,59.6,12631.19,0.1563,1.0,Uninsured
Pratt,KS,20151,61685.0,10.95,1.43,2.25,7.53,11.0,33.4,16.8,60.15,12192.49,0.222,2.0,Uninsured
Rawlins,KS,20153,61827.0,10.77,1.61,0.55,7.74,12.55,36.7,17.3,59.05,13488.15,0.273,3.0,Hypertension
Reno,KS,20155,57390.0,11.7,1.17,2.11,10.02,12.05,33.0,17.0,58.85,12448.7,0.2379,2.0,Uninsured
Republic,KS,20157,54531.0,9.92,1.56,1.24,2.39,12.3,37.25,17.049999999999997,61.65,12411.02,0.2683,3.0,Hypertension
Rice,KS,20159,58523.0,9.05,0.79,2.0,11.77,10.95,33.9,16.700000000000003,61.0,14893.17,0.2096,2.0,Uninsured
Riley,KS,20161,56327.0,19.31,0.34,6.37,8.52,8.8,27.0,17.85,61.4,10567.77,0.1668,1.0,Poverty
Rooks,KS,20163,60821.0,4.43,0.12,1.75,2.58,10.75,34.45,16.45,63.75,13790.59,0.1819,1.0,Hypertension
Rush,KS,20165,53523.0,12.52,0.1,0.54,5.44,11.95,36.65,16.9,59.1,12760.5,0.2558,2.0,Hypertension
Russell,KS,20167,49929.0,17.05,2.06,0.82,4.39,12.05,37.0,17.8,60.45,13000.83,0.3005,3.0,Poverty
Saline,KS,20169,59887.0,11.62,1.13,3.13,12.05,11.1,33.2,17.0,60.9,12019.78,0.2224,2.0,Uninsured
Scott,KS,20171,53365.0,7.39,0.64,0.0,21.1,10.45,32.55,15.6,56.7,17844.96,0.1821,1.0,Uninsured
Sedgwick,KS,20173,65372.0,13.46,1.47,8.05,15.48,11.45,33.6,17.25,59.35,12274.31,0.2432,2.0,Uninsured
Seward,KS,20175,57131.0,13.3,1.86,2.96,64.23,13.5,31.85,16.799999999999997,51.0,10464.22,0.2685,3.0,Diabetes
Shawnee,KS,20177,63463.0,12.54,1.3,8.03,13.2,11.4,36.65,16.2,68.6,12509.07,0.2584,2.0,Hypertension
Sheridan,KS,20179,66719.0,7.59,0.61,0.12,5.96,10.35,33.35,16.25,62.85,13986.48,0.1868,1.0,Uninsured
Sherman,KS,20181,61404.0,9.93,2.31,1.9,12.78,11.2,34.9,16.95,57.15,12765.01,0.2402,2.0,Uninsured
Smith,KS,20183,50943.0,7.19,0.95,0.59,2.67,11.25,35.7,16.1,60.6,14333.87,0.2205,2.0,Hypertension
Stafford,KS,20185,60000.0,10.75,0.54,0.27,13.39,11.6,34.9,16.6,64.0,21329.3,0.2333,2.0,Hypertension
Stanton,KS,20187,66000.0,13.01,2.57,0.0,42.57,13.6,34.2,16.6,51.9,13847.0,0.2928,3.0,Diabetes
Stevens,KS,20189,67950.0,15.47,2.84,0.38,38.14,13.85,35.65,17.799999999999997,52.85,13341.46,0.3216,3.0,Diabetes
Sumner,KS,20191,59397.0,11.34,1.23,1.0,5.89,11.15,34.65,17.2,59.1,11825.51,0.2334,2.0,Uninsured
Thomas,KS,20193,72417.0,6.18,3.96,0.91,7.63,9.6,31.55,16.799999999999997,59.65,15440.59,0.1877,1.0,Uninsured
Trego,KS,20195,77500.0,7.08,0.86,0.07,0.82,10.5,34.55,15.7,61.35,15437.77,0.1981,1.0,Uninsured
Wabaunsee,KS,20197,70000.0,5.81,1.53,1.01,4.94,10.2,33.0,16.35,63.25,10923.2,0.1826,1.0,Uninsured
Wallace,KS,20199,57708.0,15.31,0.0,0.67,6.78,11.95,35.75,16.8,59.1,11629.92,0.2613,2.0,Poverty
Washington,KS,20201,59432.0,9.73,0.89,0.18,4.38,10.4,33.55,16.299999999999997,61.55,13760.84,0.2019,1.0,Uninsured
Wichita,KS,20203,69551.0,14.78,1.5,0.7,24.92,12.95,35.8,16.5,56.9,18542.75,0.291,3.0,Diabetes
Wilson,KS,20205,55439.0,16.0,0.63,0.21,3.76,12.1,36.65,17.700000000000003,59.8,13293.26,0.2798,3.0,Poverty
Woodson,KS,20207,50670.0,13.02,1.12,0.06,0.86,11.7,36.45,17.05,59.5,11997.37,0.2625,2.0,Hypertension
Wyandotte,KS,20209,57771.0,16.63,2.74,20.52,30.2,14.2,36.45,17.25,55.55,14370.32,0.3378,4.0,Diabetes
Acadia,LA,22001,44977.0,23.34,0.74,16.49,3.09,15.4,42.7,22.200000000000003,60.4,14280.38,0.4148,4.0,Hypertension
Allen,LA,22003,52755.0,16.28,0.51,17.77,6.4,14.8,43.15,20.95,59.9,14769.91,0.3726,4.0,Hypertension
Ascension,LA,22005,93800.0,9.81,0.97,22.9,6.17,11.7,37.95,18.95,67.05,13480.85,0.2568,2.0,Hypertension
Assumption,LA,22007,47023.0,15.92,0.36,28.91,3.39,15.05,42.35,20.700000000000003,59.8,12614.85,0.3679,4.0,Hypertension
Avoyelles,LA,22009,38696.0,25.7,0.6,25.62,2.2,16.45,46.15,22.450000000000003,61.4,15286.06,0.4671,4.0,Hypertension
Beauregard,LA,22011,68525.0,13.04,1.95,11.67,3.96,12.6,38.1,20.45,62.45,13647.39,0.298,3.0,Hypertension
Bienville,LA,22013,34268.0,30.31,0.17,41.64,2.2,19.8,49.05,22.049999999999997,60.25,21549.13,0.5621,4.0,Diabetes
Bossier,LA,22015,64598.0,16.35,1.73,23.87,6.92,12.65,38.15,18.85,65.6,15697.55,0.3125,3.0,Hypertension
Caddo,LA,22017,47572.0,21.51,0.98,49.26,3.05,15.85,44.8,20.1,63.5,15831.41,0.4314,4.0,Hypertension
Calcasieu,LA,22019,64370.0,16.88,0.98,24.59,4.19,13.35,40.6,19.4,63.35,13506.37,0.3371,4.0,Hypertension
Caldwell,LA,22021,45707.0,24.09,1.06,20.26,0.85,15.45,43.1,22.049999999999997,59.7,16651.47,0.4252,4.0,Hypertension
Cameron,LA,22023,69847.0,12.28,0.5,1.1,4.0,11.95,38.4,19.549999999999997,62.6,10501.85,0.2712,3.0,Hypertension
Catahoula,LA,22025,48259.0,21.06,1.94,31.62,1.09,16.35,44.3,21.3,61.8,13469.85,0.4436,4.0,Hypertension
Claiborne,LA,22027,32034.0,28.2,0.95,49.64,1.78,20.8,51.45,22.05,56.0,15125.21,0.5942,4.0,Diabetes
Concordia,LA,22029,38929.0,31.4,0.11,39.23,1.9,18.3,47.85,22.05,61.45,15188.78,0.5325,4.0,Hypertension
De Soto,LA,22031,49807.0,20.06,0.78,34.17,3.28,16.2,44.7,21.1,60.75,15508.28,0.4278,4.0,Hypertension
East Baton Rouge,LA,22033,62083.0,17.35,1.42,45.22,4.51,13.75,40.3,18.85,65.05,13713.03,0.3482,4.0,Hypertension
East Carroll,LA,22035,30856.0,30.06,0.31,66.95,1.49,21.65,52.75,23.35,53.8,17177.08,0.6204,4.0,Diabetes
East Feliciana,LA,22037,64709.0,12.55,0.6,40.08,1.8,14.65,45.05,19.3,62.4,15031.4,0.3672,4.0,Hypertension
Evangeline,LA,22039,34526.0,26.52,0.67,25.34,4.18,15.9,43.65,21.75,57.65,15912.47,0.4443,4.0,Poverty
Franklin,LA,22041,41129.0,24.73,0.63,30.42,1.66,16.75,45.4,21.950000000000003,58.95,17819.39,0.4625,4.0,Hypertension
Grant,LA,22043,57362.0,12.87,0.46,15.17,5.36,13.2,41.05,20.45,58.05,14587.49,0.3139,3.0,Hypertension
Iberia,LA,22045,55190.0,22.8,1.07,31.2,4.42,15.9,42.85,21.1,60.9,12855.67,0.4251,4.0,Diabetes
Iberville,LA,22047,59410.0,15.22,0.9,45.41,3.19,15.45,42.7,20.3,63.15,13301.58,0.3793,4.0,Hypertension
Jackson,LA,22049,40406.0,24.55,1.56,25.69,1.97,16.05,44.95,20.700000000000003,58.35,16972.81,0.4558,4.0,Hypertension
Jefferson,LA,22051,63257.0,15.35,1.39,26.85,15.15,14.9,40.35,18.35,64.2,12541.23,0.3584,4.0,Diabetes
Jefferson Davis,LA,22053,52470.0,15.72,0.37,16.74,2.59,13.7,40.75,21.15,61.95,14849.56,0.3326,3.0,Hypertension
Lafayette,LA,22055,66617.0,16.45,0.66,25.7,4.68,12.45,38.1,18.45,62.95,13157.66,0.2986,3.0,Hypertension
Lafourche,LA,22057,61381.0,16.14,0.68,13.32,4.5,13.7,41.3,20.95,59.35,13068.99,0.3416,4.0,Hypertension
LaSalle,LA,22059,59926.0,14.1,0.1,11.73,3.94,12.75,37.8,20.0,61.75,18099.04,0.285,3.0,Hypertension
Lincoln,LA,22061,37001.0,27.34,0.58,37.45,3.21,14.3,40.8,21.299999999999997,61.45,14776.16,0.3995,4.0,Poverty
Livingston,LA,22063,77978.0,11.5,0.95,7.45,4.44,12.2,39.2,19.85,65.9,13933.28,0.282,3.0,Hypertension
Madison,LA,22065,34508.0,32.14,1.64,62.48,2.93,21.1,51.5,23.15,56.2,18872.13,0.6249,4.0,Diabetes
Morehouse,LA,22067,37875.0,27.78,0.77,48.26,1.54,18.55,50.05,21.8,60.35,14453.48,0.5422,4.0,Hypertension
Natchitoches,LA,22069,41310.0,24.51,0.47,40.74,2.53,15.15,43.5,21.15,61.6,14621.25,0.4191,4.0,Hypertension
Orleans,LA,22071,51116.0,22.12,1.1,57.01,5.66,15.3,40.45,18.799999999999997,68.3,12556.35,0.3947,4.0,Diabetes
Ouachita,LA,22073,49261.0,22.59,1.12,37.29,2.32,14.65,43.35,20.200000000000003,62.15,14672.05,0.407,4.0,Hypertension
Plaquemines,LA,22075,77996.0,14.5,0.26,21.22,8.09,13.1,38.65,19.1,61.85,11533.32,0.3005,3.0,Hypertension
Pointe Coupee,LA,22077,53045.0,18.99,0.41,33.82,3.14,15.2,43.95,20.200000000000003,62.0,14449.64,0.3968,4.0,Hypertension
Rapides,LA,22079,55407.0,17.83,1.16,31.14,3.53,14.5,41.85,20.5,64.4,14106.87,0.3718,4.0,Hypertension
Red River,LA,22081,43821.0,23.59,1.69,39.04,2.2,17.95,46.8,21.9,58.95,21212.55,0.4981,4.0,Diabetes
Richland,LA,22083,48125.0,22.92,1.67,35.74,2.36,16.35,44.5,21.5,60.2,16596.75,0.4511,4.0,Hypertension
Sabine,LA,22085,40777.0,23.58,0.81,14.5,4.33,16.1,44.0,21.6,60.25,13666.59,0.4378,4.0,Hypertension
St. Bernard,LA,22087,55857.0,22.34,0.73,23.84,10.6,14.8,41.15,21.0,61.4,11793.17,0.3886,4.0,Poverty
St. Charles,LA,22089,79191.0,10.06,0.56,23.52,6.56,12.25,39.3,18.6,65.65,14189.02,0.273,3.0,Hypertension
St. Helena,LA,22091,46402.0,27.06,1.07,51.76,2.02,18.0,46.5,21.4,61.05,15908.4,0.5069,4.0,Diabetes
St. James,LA,22093,62946.0,11.36,0.71,48.44,1.85,14.95,43.15,19.25,66.15,15368.23,0.3541,4.0,Hypertension
St. John the Baptist,LA,22095,65114.0,13.89,0.35,56.25,7.29,16.05,44.6,19.45,63.5,12349.78,0.3915,4.0,Hypertension
St. Landry,LA,22097,44478.0,26.98,1.71,40.71,2.49,16.95,45.35,21.9,61.55,13647.87,0.4868,4.0,Hypertension
St. Martin,LA,22099,50806.0,17.39,1.13,28.74,3.18,14.3,41.5,21.049999999999997,62.35,12712.88,0.3635,4.0,Hypertension
St. Mary,LA,22101,47322.0,21.63,0.62,29.63,7.26,16.4,44.5,21.299999999999997,60.3,14078.77,0.4355,4.0,Hypertension
St. Tammany,LA,22103,76914.0,11.53,1.17,12.16,6.09,12.1,36.45,18.7,64.9,13947.46,0.2628,2.0,Hypertension
Tangipahoa,LA,22105,55274.0,18.59,0.59,29.82,4.73,14.05,39.85,21.05,64.75,15479.15,0.3476,4.0,Hypertension
Tensas,LA,22107,35653.0,34.0,0.19,52.53,3.13,21.6,52.35,21.45,57.65,14748.09,0.6339,4.0,Diabetes
Terrebonne,LA,22109,63088.0,16.1,0.54,19.09,5.34,14.2,39.6,20.6,64.45,13488.69,0.3363,3.0,Diabetes
Union,LA,22111,47068.0,26.16,1.22,24.13,5.22,16.35,44.7,20.85,60.7,15837.03,0.4632,4.0,Hypertension
Vermilion,LA,22113,56194.0,19.07,0.76,13.49,3.8,13.9,40.55,20.9,60.0,14029.07,0.3541,4.0,Hypertension
Vernon,LA,22115,56547.0,17.32,1.04,13.42,9.63,12.55,39.0,20.45,60.1,16090.39,0.3146,3.0,Hypertension
Washington,LA,22117,41803.0,22.62,1.19,30.35,2.64,16.35,44.5,21.15,59.5,18568.1,0.445,4.0,Hypertension
Webster,LA,22119,34263.0,26.9,1.17,33.61,2.25,17.6,46.4,21.9,59.7,15097.94,0.4996,4.0,Hypertension
West Baton Rouge,LA,22121,80510.0,14.33,1.11,41.24,3.36,13.3,41.35,19.2,65.1,12695.98,0.331,3.0,Hypertension
West Carroll,LA,22123,45035.0,18.64,1.7,15.4,4.2,14.7,42.2,20.65,59.35,15660.42,0.3868,4.0,Hypertension
West Feliciana,LA,22125,71985.0,10.91,0.25,44.3,1.47,13.7,42.5,17.4,61.8,12414.24,0.3216,3.0,Hypertension
Winn,LA,22127,44922.0,17.28,0.22,30.12,3.25,15.9,44.55,20.5,60.1,17356.28,0.4031,4.0,Hypertension
Androscoggin,ME,23001,64500.0,11.96,0.91,4.36,2.03,11.2,31.55,20.35,64.3,10276.99,0.2116,2.0,Uninsured
Aroostook,ME,23003,50843.0,14.51,1.66,0.76,1.47,12.75,38.85,19.700000000000003,66.75,10620.29,0.3099,3.0,Hypertension
Cumberland,ME,23005,87710.0,7.01,0.43,3.17,2.27,8.15,29.95,17.299999999999997,71.25,11368.05,0.1205,1.0,Uninsured
Franklin,ME,23007,56890.0,11.65,0.91,0.4,1.55,10.05,33.6,20.0,68.15,9957.98,0.2055,1.0,Uninsured
Hancock,ME,23009,64149.0,10.65,2.1,0.8,1.67,9.65,31.85,17.7,68.25,10509.37,0.1932,1.0,Uninsured
Kennebec,ME,23011,62118.0,12.05,1.01,0.75,1.78,10.6,31.9,19.15,67.7,9308.2,0.2054,1.0,Uninsured
Knox,ME,23013,68904.0,9.56,1.12,0.39,1.67,9.6,31.95,16.55,65.1,10232.69,0.1783,1.0,Uninsured
Lincoln,ME,23015,69638.0,8.97,1.43,0.47,1.63,9.95,33.95,17.6,69.1,10791.7,0.1989,1.0,Uninsured
Oxford,ME,23017,54780.0,14.17,0.71,0.29,1.59,11.9,34.25,19.0,64.15,10162.28,0.2513,2.0,Poverty
Penobscot,ME,23019,59438.0,12.85,0.93,0.99,1.64,10.5,34.95,20.1,65.0,10429.11,0.2287,2.0,Poverty
Piscataquis,ME,23021,51805.0,14.64,0.99,0.62,2.44,11.7,35.65,19.35,63.85,11912.97,0.263,2.0,Poverty
Sagadahoc,ME,23023,77591.0,10.79,1.07,0.58,1.98,9.4,31.35,17.35,66.0,9368.41,0.1758,1.0,Uninsured
Somerset,ME,23025,53527.0,16.45,0.65,0.46,1.28,12.15,35.6,20.9,63.5,10535.36,0.2754,3.0,Poverty
Waldo,ME,23027,62694.0,12.66,2.83,0.56,1.65,10.15,32.35,19.35,65.8,9916.7,0.2219,2.0,Uninsured
Washington,ME,23029,51669.0,16.97,1.6,1.01,2.79,12.8,38.55,20.6,64.5,9066.7,0.3195,3.0,Hypertension
York,ME,23031,79743.0,7.87,0.72,1.03,1.96,9.2,32.25,17.799999999999997,65.75,10976.26,0.1618,1.0,Uninsured
Allegany,MD,24001,55248.0,14.22,0.52,7.28,2.02,12.3,37.6,19.549999999999997,56.25,12812.0,0.2806,3.0,Hypertension
Anne Arundel,MD,24003,116009.0,5.73,0.64,17.45,8.71,9.75,32.95,14.95,65.95,11845.93,0.1654,1.0,Uninsured
Baltimore,MD,24005,88157.0,9.97,1.1,30.09,6.08,12.2,34.8,16.6,66.25,12871.06,0.2446,2.0,Diabetes
Calvert,MD,24009,128078.0,4.25,0.39,12.2,4.63,10.0,34.75,15.4,65.05,11549.76,0.1732,1.0,Hypertension
Caroline,MD,24011,65326.0,12.69,1.09,13.7,8.21,13.0,38.9,18.75,63.2,12084.15,0.3004,3.0,Hypertension
Carroll,MD,24013,111672.0,4.99,0.35,3.74,4.14,9.4,32.1,15.5,64.15,12076.59,0.147,1.0,Uninsured
Cecil,MD,24015,86869.0,9.96,0.77,6.79,4.88,12.1,37.05,17.95,59.7,12406.62,0.2558,2.0,Hypertension
Charles,MD,24017,116882.0,5.82,0.93,49.08,6.75,12.6,39.95,16.3,66.85,12230.55,0.2675,3.0,Hypertension
Dorchester,MD,24019,57490.0,15.21,1.16,25.62,6.12,14.7,40.55,18.05,62.15,12846.92,0.3536,4.0,Diabetes
Frederick,MD,24021,115724.0,6.06,0.62,10.12,10.98,10.0,32.45,15.399999999999999,65.6,12729.11,0.1674,1.0,Uninsured
Garrett,MD,24023,64447.0,10.82,0.83,1.26,1.25,12.25,38.35,17.5,64.7,10634.25,0.2724,3.0,Hypertension
Harford,MD,24025,106417.0,7.1,0.86,14.2,4.96,10.65,33.8,15.95,65.4,12564.73,0.1954,1.0,Uninsured
Howard,MD,24027,140971.0,5.32,0.72,20.05,7.48,9.75,32.9,12.7,65.9,11529.62,0.1639,1.0,Uninsured
Kent,MD,24029,71635.0,8.78,1.22,14.15,4.67,12.0,39.1,16.25,68.5,13261.18,0.2679,3.0,Hypertension
Montgomery,MD,24031,125583.0,7.12,0.71,18.53,20.01,10.0,30.75,12.4,67.85,11525.48,0.1609,1.0,Uninsured
Prince George's,MD,24033,97935.0,9.37,1.52,61.15,19.95,14.4,38.65,14.55,65.65,12624.82,0.311,3.0,Diabetes
Queen Anne's,MD,24035,108332.0,6.8,0.49,5.87,4.58,10.2,35.0,15.75,67.0,11656.51,0.1913,1.0,Hypertension
St. Mary's,MD,24037,113668.0,7.43,0.83,14.42,5.69,10.85,33.65,16.65,68.4,11771.07,0.1989,1.0,Uninsured
Somerset,MD,24039,52149.0,15.9,0.4,40.06,4.0,13.75,42.15,18.7,62.0,12008.23,0.3447,4.0,Hypertension
Talbot,MD,24041,81667.0,9.19,0.66,12.19,7.29,11.15,36.55,14.95,70.15,11824.43,0.2315,2.0,Hypertension
Washington,MD,24043,73017.0,11.73,0.87,11.28,6.23,12.35,36.85,17.45,60.55,12047.28,0.2679,3.0,Hypertension
Wicomico,MD,24045,69421.0,13.34,0.96,26.06,5.73,12.05,35.85,17.8,66.95,12391.86,0.264,2.0,Poverty
Worcester,MD,24047,76689.0,8.09,0.81,12.47,3.83,11.7,37.3,15.85,68.0,11958.39,0.2425,2.0,Hypertension
Baltimore,MD,24510,58349.0,18.91,0.71,61.25,5.88,14.05,40.1,18.5,65.95,14643.4,0.3521,4.0,Hypertension
Barnstable,MA,25001,90447.0,6.93,0.23,2.84,3.51,8.9,32.85,15.35,71.55,12233.69,0.1518,1.0,Uninsured
Berkshire,MA,25003,69744.0,10.5,0.17,2.93,5.3,9.55,31.25,18.0,66.8,11552.09,0.1674,1.0,Poverty
Bristol,MA,25005,80628.0,10.89,0.31,4.21,9.04,9.95,31.6,19.15,63.8,12876.76,0.1799,1.0,Poverty
Dukes,MA,25007,93225.0,6.64,1.05,3.14,3.64,8.95,31.55,16.0,68.9,12794.6,0.15,1.0,Uninsured
Essex,MA,25009,94378.0,9.53,0.26,4.38,22.7,9.5,30.05,15.8,66.25,12665.76,0.1542,1.0,Uninsured
Franklin,MA,25011,70383.0,11.78,0.25,1.23,4.6,9.45,32.7,17.15,68.1,10287.55,0.1829,1.0,Poverty
Hampden,MA,25013,66619.0,15.34,0.58,8.87,26.81,11.3,32.95,19.4,62.45,11684.12,0.236,2.0,Poverty
Hampshire,MA,25015,84025.0,9.18,0.28,2.09,6.2,8.0,26.3,17.5,68.95,10248.88,0.1003,1.0,Uninsured
Middlesex,MA,25017,121304.0,7.21,0.34,5.04,8.41,8.1,26.6,15.05,67.45,12235.15,0.0956,1.0,Uninsured
Nantucket,MA,25019,135590.0,4.88,0.26,11.11,15.07,7.9,27.6,14.75,67.7,10894.55,0.0877,1.0,Uninsured
Norfolk,MA,25021,120621.0,6.32,0.16,7.11,5.19,8.35,28.05,15.05,66.85,12545.98,0.1043,1.0,Uninsured
Plymouth,MA,25023,105387.0,6.52,0.31,9.06,4.36,9.25,30.05,17.6,69.55,12694.25,0.1364,1.0,Uninsured
Suffolk,MA,25025,87669.0,16.17,0.32,19.81,23.53,9.7,28.4,17.0,61.9,12833.51,0.1773,1.0,Poverty
Worcester,MA,25027,88524.0,9.7,0.28,5.2,12.48,9.7,31.55,17.65,62.8,12075.93,0.1694,1.0,Uninsured
Alcona,MI,26001,50295.0,15.67,0.37,0.43,1.85,12.95,39.05,17.85,66.55,11949.75,0.3074,3.0,Hypertension
Alger,MI,26003,55528.0,9.03,0.23,7.79,1.97,11.6,36.9,17.9,69.6,11129.35,0.2366,2.0,Hypertension
Allegan,MI,26005,75543.0,9.41,0.72,1.29,7.74,10.5,32.35,17.85,66.2,10798.29,0.1918,1.0,Uninsured
Alpena,MI,26007,49133.0,16.2,0.37,0.77,1.53,12.35,37.5,19.35,63.0,11580.0,0.2885,3.0,Poverty
Antrim,MI,26009,68850.0,9.29,0.91,0.63,2.46,10.8,35.1,16.95,68.9,9318.52,0.218,2.0,Hypertension
Arenac,MI,26011,53487.0,13.43,0.47,0.56,2.25,12.5,37.85,19.25,66.35,11928.72,0.2816,3.0,Hypertension
Baraga,MI,26013,51911.0,10.64,0.16,7.75,1.83,13.05,37.95,19.4,64.7,10155.99,0.2756,3.0,Hypertension
Barry,MI,26015,75182.0,8.25,0.67,0.63,3.52,10.05,32.55,17.95,67.35,10503.52,0.1797,1.0,Uninsured
Bay,MI,26017,57887.0,15.15,0.51,1.35,5.75,11.25,34.7,18.5,65.7,12280.82,0.2462,2.0,Poverty
Benzie,MI,26019,71327.0,10.31,1.22,0.76,2.47,10.85,35.1,17.25,67.85,10916.94,0.2267,2.0,Uninsured
Berrien,MI,26021,60379.0,15.43,0.76,14.04,5.9,12.1,36.75,18.1,67.05,10559.15,0.2791,3.0,Poverty
Branch,MI,26023,60600.0,14.31,4.05,1.9,5.6,12.1,36.95,19.35,62.15,10264.61,0.3079,3.0,Uninsured
Calhoun,MI,26025,58191.0,14.45,1.18,10.04,5.71,12.25,37.15,19.1,66.55,10978.3,0.2842,3.0,Hypertension
Cass,MI,26027,65183.0,12.74,0.78,4.9,4.18,11.55,35.8,18.75,65.8,11106.29,0.2506,2.0,Hypertension
Charlevoix,MI,26029,69764.0,8.52,0.96,0.53,2.41,10.45,34.35,16.8,68.8,10263.99,0.2036,1.0,Uninsured
Cheboygan,MI,26031,59557.0,11.78,0.6,0.8,1.63,12.4,37.55,18.5,68.0,10469.46,0.2714,3.0,Hypertension
Chippewa,MI,26033,58408.0,14.84,0.96,5.39,2.14,11.95,37.1,19.75,63.75,9764.19,0.2784,3.0,Hypertension
Clare,MI,26035,47816.0,21.82,3.17,0.82,2.3,13.25,39.95,20.35,65.75,11631.93,0.3754,4.0,Poverty
Clinton,MI,26037,82594.0,9.45,0.44,1.74,4.81,9.6,31.6,17.25,69.55,11690.06,0.1685,1.0,Uninsured
Crawford,MI,26039,57998.0,13.62,0.66,0.3,2.31,12.65,37.45,19.05,66.55,9839.75,0.2841,3.0,Hypertension
Delta,MI,26041,53852.0,13.04,0.37,0.28,1.49,11.9,35.85,18.950000000000003,67.7,9681.0,0.2542,2.0,Hypertension
Dickinson,MI,26043,59651.0,9.55,1.02,0.83,1.79,10.95,35.35,18.2,67.15,9203.75,0.2247,2.0,Hypertension
Eaton,MI,26045,77158.0,7.48,0.75,7.02,5.8,10.35,33.45,18.1,66.65,11765.62,0.1884,1.0,Uninsured
Emmet,MI,26047,69690.0,8.26,1.12,0.84,2.02,10.0,33.85,16.9,69.8,10061.11,0.1927,1.0,Uninsured
Genesee,MI,26049,58594.0,16.05,0.33,19.56,3.79,12.1,36.7,20.0,67.05,13047.7,0.2774,3.0,Poverty
Gladwin,MI,26051,53717.0,14.04,2.46,0.27,2.03,12.7,38.4,19.35,65.15,11560.1,0.3115,3.0,Hypertension
Gogebic,MI,26053,47913.0,13.65,0.76,1.69,1.9,12.85,38.6,18.6,68.75,9966.95,0.2969,3.0,Hypertension
Grand Traverse,MI,26055,75553.0,10.25,0.45,0.74,3.1,9.55,32.3,17.1,70.05,10168.95,0.1765,1.0,Uninsured
Gratiot,MI,26057,57934.0,12.06,0.63,5.67,6.61,11.05,34.65,19.15,62.95,12480.59,0.2292,2.0,Poverty
Hillsdale,MI,26059,59425.0,14.62,1.73,0.67,2.63,12.05,37.45,19.75,65.75,11249.49,0.2892,3.0,Hypertension
Houghton,MI,26061,52736.0,15.6,0.64,1.15,1.79,9.9,31.5,18.65,64.9,9695.74,0.2036,1.0,Poverty
Huron,MI,26063,54475.0,11.13,0.9,0.46,2.67,12.2,37.1,18.6,66.85,13153.35,0.2647,2.0,Hypertension
Ingham,MI,26065,62548.0,15.51,0.52,11.88,8.24,10.4,32.75,18.2,64.9,11877.62,0.2195,2.0,Poverty
Ionia,MI,26067,71720.0,9.76,0.55,3.97,5.19,10.5,34.6,19.0,66.2,10981.51,0.2079,1.0,Hypertension
Iosco,MI,26069,46224.0,14.88,1.02,0.68,2.71,13.3,40.0,19.0,64.1,10608.92,0.3229,3.0,Hypertension
Iron,MI,26071,52241.0,14.17,0.77,0.73,2.25,12.75,39.15,18.35,68.5,10898.12,0.3017,3.0,Hypertension
Isabella,MI,26073,52638.0,21.56,1.71,2.59,4.37,11.05,33.8,21.25,64.45,10968.02,0.2781,3.0,Poverty
Jackson,MI,26075,62581.0,11.38,0.52,7.85,3.81,11.45,36.65,19.15,67.3,11144.71,0.2461,2.0,Hypertension
Kalamazoo,MI,26077,67905.0,12.97,0.63,10.97,5.45,9.55,31.15,18.700000000000003,67.3,10683.61,0.1827,1.0,Poverty
Kalkaska,MI,26079,56380.0,14.58,0.74,1.17,2.6,11.9,36.85,19.55,65.85,10078.26,0.2723,3.0,Hypertension
Kent,MI,26081,76247.0,10.56,0.62,9.66,11.08,9.95,31.5,17.2,68.15,11305.39,0.1807,1.0,Uninsured
Keweenaw,MI,26083,55560.0,7.81,0.14,0.0,1.58,10.95,36.4,15.95,70.05,8895.62,0.2154,2.0,Hypertension
Lake,MI,26085,45946.0,19.81,1.55,9.91,3.06,14.85,41.2,19.6,60.85,11123.46,0.3861,4.0,Hypertension
Lapeer,MI,26087,75402.0,9.96,0.76,1.08,5.02,10.6,34.25,18.35,66.4,11759.38,0.2101,2.0,Uninsured
Leelanau,MI,26089,82345.0,6.61,0.44,0.41,4.36,10.05,33.85,15.05,72.75,8774.72,0.1791,1.0,Uninsured
Lenawee,MI,26091,65484.0,10.53,0.67,2.18,8.53,11.2,34.95,19.0,65.0,12129.25,0.2271,2.0,Hypertension
Livingston,MI,26093,96135.0,4.82,0.36,0.59,2.69,8.65,29.6,16.25,69.15,11290.31,0.1155,1.0,Uninsured
Luce,MI,26095,51015.0,14.77,0.0,9.74,1.62,12.85,39.1,18.5,62.65,11069.11,0.2982,3.0,Hypertension
Mackinac,MI,26097,60620.0,15.54,1.92,3.83,2.32,13.95,38.15,18.9,66.2,9495.91,0.3326,3.0,Diabetes
Macomb,MI,26099,73876.0,9.72,0.62,12.31,2.87,10.5,35.6,17.95,67.95,13876.77,0.2157,2.0,Hypertension
Manistee,MI,26101,59467.0,10.64,0.52,3.17,3.6,11.8,36.45,18.25,66.35,10317.59,0.2471,2.0,Hypertension
Marquette,MI,26103,63115.0,12.86,0.23,1.6,1.7,10.0,32.8,18.450000000000003,69.35,9884.94,0.1978,1.0,Poverty
Mason,MI,26105,60744.0,13.52,0.98,1.11,4.79,11.95,36.45,18.3,64.15,12128.83,0.2677,3.0,Hypertension
Mecosta,MI,26107,54132.0,16.89,2.0,2.54,2.65,11.4,35.4,19.549999999999997,64.0,10439.6,0.2766,3.0,Poverty
Menominee,MI,26109,54074.0,10.52,0.48,0.51,2.13,11.9,37.35,18.65,66.3,9326.58,0.2544,2.0,Hypertension
Midland,MI,26111,73643.0,9.98,0.55,1.55,3.13,9.75,32.9,17.0,64.3,10905.37,0.184,1.0,Uninsured
Missaukee,MI,26113,57667.0,11.11,1.78,0.48,3.24,11.75,36.65,19.25,64.1,10363.99,0.2624,2.0,Hypertension
Monroe,MI,26115,72573.0,10.78,0.47,2.15,3.96,11.05,34.8,18.6,67.2,12331.94,0.2227,2.0,Hypertension
Montcalm,MI,26117,61250.0,11.78,1.35,3.2,3.7,11.5,35.75,19.45,61.85,11018.06,0.2505,2.0,Uninsured
Montmorency,MI,26119,46345.0,18.25,0.44,0.29,1.49,13.5,39.35,18.9,63.6,10187.13,0.3316,3.0,Hypertension
Muskegon,MI,26121,61347.0,12.46,0.58,13.1,6.1,11.7,34.65,19.1,63.55,11592.5,0.2416,2.0,Poverty
Newaygo,MI,26123,59065.0,15.03,1.79,0.95,6.08,11.75,36.65,19.1,65.65,10191.18,0.2808,3.0,Poverty
Oakland,MI,26125,92620.0,7.63,0.49,13.18,4.55,9.35,32.4,15.3,66.9,13216.1,0.162,1.0,Uninsured
Oceana,MI,26127,60691.0,13.69,1.25,0.91,15.39,12.15,35.75,18.5,63.95,10879.82,0.2695,3.0,Poverty
Ogemaw,MI,26129,50377.0,16.74,0.55,0.49,2.25,13.0,38.55,19.35,62.9,10389.39,0.3114,3.0,Hypertension
Ontonagon,MI,26131,48316.0,13.54,0.05,0.9,1.57,13.3,40.45,18.0,67.1,8287.1,0.3103,3.0,Hypertension
Osceola,MI,26133,54875.0,15.42,2.32,1.02,2.33,12.05,36.8,19.700000000000003,64.05,10819.56,0.2941,3.0,Uninsured
Oscoda,MI,26135,48692.0,13.78,4.44,0.42,1.92,13.85,39.85,19.6,61.15,10536.55,0.3599,4.0,Uninsured
Otsego,MI,26137,62865.0,10.52,0.79,0.98,1.85,10.85,34.85,18.5,67.1,9905.92,0.2216,2.0,Uninsured
Ottawa,MI,26139,83932.0,7.31,0.53,1.71,10.21,8.95,30.3,17.05,69.05,11014.48,0.139,1.0,Uninsured
Presque Isle,MI,26141,55986.0,12.57,1.42,0.46,1.64,12.85,38.3,18.25,67.5,10465.49,0.2962,3.0,Hypertension
Roscommon,MI,26143,49898.0,15.95,0.14,0.4,2.19,12.85,38.7,18.1,68.3,10782.8,0.3022,3.0,Hypertension
Saginaw,MI,26145,56579.0,17.63,0.51,18.85,9.04,12.85,37.7,19.25,67.75,12385.49,0.3065,3.0,Poverty
St. Clair,MI,26147,66887.0,11.71,0.56,2.34,3.64,10.85,35.7,19.200000000000003,65.55,12227.26,0.231,2.0,Hypertension
St. Joseph,MI,26149,62281.0,12.67,1.63,2.16,8.59,11.65,35.1,19.25,61.7,9487.74,0.2553,2.0,Uninsured
Sanilac,MI,26151,55740.0,14.73,2.26,0.42,4.06,12.05,37.0,19.3,65.55,11933.64,0.2917,3.0,Uninsured
Schoolcraft,MI,26153,55071.0,15.78,1.36,0.56,1.41,13.3,38.55,19.1,60.65,11678.84,0.32,3.0,Hypertension
Shiawassee,MI,26155,62498.0,10.87,0.56,0.66,3.05,11.2,34.85,19.450000000000003,66.45,11520.35,0.2269,2.0,Hypertension
Tuscola,MI,26157,59815.0,12.11,0.42,1.24,3.8,11.65,36.0,19.2,65.25,13860.1,0.2472,2.0,Hypertension
Van Buren,MI,26159,65531.0,14.0,0.73,3.38,11.86,12.15,35.55,19.0,64.8,10509.38,0.2644,2.0,Poverty
Washtenaw,MI,26161,84245.0,13.06,0.43,11.59,5.11,8.65,28.25,15.8,68.1,10976.0,0.145,1.0,Poverty
Wayne,MI,26163,57223.0,19.97,0.7,37.65,6.33,13.4,38.7,20.15,62.9,13598.14,0.3359,3.0,Poverty
Wexford,MI,26165,58652.0,13.1,1.05,1.0,2.3,11.65,36.2,19.299999999999997,63.5,9869.73,0.2595,2.0,Hypertension
Aitkin,MN,27001,56406.0,12.18,0.45,0.46,1.44,12.45,35.55,15.9,64.0,10260.23,0.2582,2.0,Diabetes
Anoka,MN,27003,95782.0,6.28,0.53,7.82,5.12,9.95,29.85,15.9,67.25,12546.4,0.1479,1.0,Uninsured
Becker,MN,27005,68683.0,10.66,1.18,0.77,2.29,10.35,34.3,16.55,67.85,11941.0,0.2137,2.0,Uninsured
Beltrami,MN,27007,62173.0,15.47,2.2,1.26,2.61,10.75,31.15,18.0,64.15,12296.68,0.2303,2.0,Poverty
Benton,MN,27009,70346.0,9.15,0.4,5.51,3.07,9.75,29.85,17.05,65.9,12297.85,0.1566,1.0,Uninsured
Big Stone,MN,27011,63024.0,10.13,0.79,0.14,2.23,11.25,32.45,15.95,65.6,12054.3,0.2092,1.0,Uninsured
Blue Earth,MN,27013,70906.0,15.58,0.42,4.66,4.13,9.7,29.85,17.4,62.9,11997.3,0.186,1.0,Poverty
Brown,MN,27015,67038.0,7.41,0.86,0.85,4.85,10.25,31.35,16.2,65.8,13316.35,0.1723,1.0,Uninsured
Carlton,MN,27017,74660.0,12.09,0.49,1.99,1.85,10.7,31.15,16.45,65.05,11537.61,0.1967,1.0,Poverty
Carver,MN,27019,116308.0,3.74,0.53,1.62,4.42,7.9,25.35,13.9,67.85,12024.09,0.0688,1.0,Uninsured
Cass,MN,27021,61970.0,12.06,1.76,0.48,2.45,12.1,34.45,16.65,64.1,11357.67,0.2567,2.0,Uninsured
Chippewa,MN,27023,62112.0,10.97,1.01,1.14,8.14,11.45,31.7,16.700000000000003,66.05,11780.25,0.2133,2.0,Uninsured
Chisago,MN,27025,97446.0,6.1,0.67,1.08,2.55,9.45,30.2,15.75,65.1,11912.12,0.1425,1.0,Uninsured
Clay,MN,27027,75006.0,14.03,0.56,4.58,4.86,9.3,29.95,16.45,65.6,12829.67,0.1741,1.0,Poverty
Clearwater,MN,27029,62723.0,11.04,3.81,0.18,2.51,11.4,31.8,17.65,61.75,11891.34,0.2412,2.0,Uninsured
Cook,MN,27031,71937.0,8.5,0.57,0.32,2.53,10.85,32.35,14.55,68.45,11217.72,0.192,1.0,Uninsured
Cottonwood,MN,27033,63586.0,12.61,0.51,1.55,9.14,11.65,33.55,16.15,65.9,11629.33,0.2328,2.0,Poverty
Crow Wing,MN,27035,65975.0,10.28,0.96,0.63,1.62,10.25,32.5,15.45,67.1,11012.14,0.195,1.0,Uninsured
Dakota,MN,27037,101360.0,5.6,0.71,7.08,7.69,9.05,28.25,14.45,67.5,11778.19,0.1197,1.0,Uninsured
Dodge,MN,27039,92890.0,4.87,1.12,0.77,5.1,8.95,28.0,15.6,67.0,11259.17,0.1168,1.0,Uninsured
Douglas,MN,27041,72472.0,8.4,0.63,0.38,1.96,9.95,30.0,15.55,67.6,12032.39,0.1599,1.0,Uninsured
Faribault,MN,27043,64000.0,11.16,1.36,0.52,7.7,11.25,32.9,16.65,61.9,11207.34,0.2229,2.0,Uninsured
Fillmore,MN,27045,73234.0,8.49,2.56,0.46,1.89,10.4,32.8,16.35,66.7,10216.26,0.2072,1.0,Uninsured
Freeborn,MN,27047,65679.0,9.38,0.86,1.19,10.64,11.4,32.4,16.45,62.0,11712.28,0.2086,1.0,Uninsured
Goodhue,MN,27049,78338.0,8.92,0.71,1.61,3.62,9.7,31.5,16.1,64.7,11308.22,0.1697,1.0,Uninsured
Grant,MN,27051,67600.0,9.97,0.84,0.64,2.53,11.15,33.35,16.85,64.35,12246.85,0.2138,2.0,Uninsured
Hennepin,MN,27053,92595.0,9.67,0.65,13.3,7.07,7.75,27.8,14.7,67.05,12028.98,0.1128,1.0,Uninsured
Houston,MN,27055,71580.0,7.1,1.16,0.57,1.42,9.85,29.65,15.2,67.7,9571.19,0.1548,1.0,Uninsured
Hubbard,MN,27057,67197.0,9.98,0.84,0.68,2.64,11.3,30.75,15.399999999999999,67.7,10562.45,0.1976,1.0,Uninsured
Isanti,MN,27059,84063.0,8.7,0.47,0.95,2.41,9.65,29.95,16.55,67.45,11386.92,0.1542,1.0,Uninsured
Itasca,MN,27061,63962.0,11.46,0.75,0.61,1.7,11.8,33.75,16.2,67.25,10721.83,0.2338,2.0,Diabetes
Jackson,MN,27063,68368.0,9.59,0.12,0.49,4.26,10.3,31.8,15.600000000000001,66.65,12000.35,0.1793,1.0,Uninsured
Kanabec,MN,27065,68995.0,9.59,1.13,0.41,1.81,11.3,32.6,17.15,63.85,11128.09,0.212,2.0,Uninsured
Kandiyohi,MN,27067,73285.0,10.62,1.35,6.07,13.09,11.15,30.85,15.55,64.85,10331.41,0.2038,1.0,Uninsured
Kittson,MN,27069,66000.0,10.57,1.34,0.81,1.34,10.65,32.55,15.649999999999999,65.7,12020.16,0.2073,1.0,Uninsured
Koochiching,MN,27071,59779.0,11.39,1.6,0.75,1.39,11.35,34.35,16.15,67.25,9343.31,0.2386,2.0,Uninsured
Lac qui Parle,MN,27073,66967.0,8.46,0.25,0.53,2.61,10.45,31.8,15.399999999999999,65.9,13415.85,0.1778,1.0,Uninsured
Lake,MN,27075,73860.0,8.44,0.93,0.28,1.62,10.6,31.25,15.75,69.7,10402.46,0.1831,1.0,Uninsured
Lake of the Woods,MN,27077,61667.0,10.54,0.0,0.4,0.5,10.9,32.55,15.6,67.3,14560.59,0.1981,1.0,Poverty
Le Sueur,MN,27079,87180.0,7.37,1.46,0.87,6.65,9.8,30.3,15.5,66.0,10753.1,0.1629,1.0,Uninsured
Lincoln,MN,27081,64750.0,8.81,0.78,0.16,2.22,10.45,32.0,15.9,63.6,13011.04,0.1862,1.0,Uninsured
Lyon,MN,27083,68919.0,11.9,1.63,3.08,7.63,10.25,30.05,16.0,62.5,11766.27,0.1916,1.0,Uninsured
McLeod,MN,27085,73296.0,7.04,0.66,0.57,6.92,10.3,30.9,16.0,66.35,12676.7,0.1662,1.0,Uninsured
Mahnomen,MN,27087,52739.0,20.1,4.49,0.43,4.79,15.4,35.65,20.65,59.5,10580.45,0.3859,4.0,Diabetes
Marshall,MN,27089,69396.0,7.26,0.47,0.33,4.85,10.6,32.45,16.05,63.75,12677.71,0.1817,1.0,Uninsured
Martin,MN,27091,61674.0,11.55,1.84,0.61,5.39,11.35,31.4,16.1,65.8,11818.34,0.2204,2.0,Uninsured
Meeker,MN,27093,75926.0,7.43,0.78,0.32,4.27,10.8,31.1,16.3,66.15,10062.9,0.1792,1.0,Uninsured
Mille Lacs,MN,27095,68088.0,10.76,1.1,0.42,2.65,10.85,33.25,17.0,63.9,11309.98,0.2143,2.0,Uninsured
Morrison,MN,27097,66264.0,10.13,0.68,0.32,1.78,10.65,32.25,16.200000000000003,66.65,11676.8,0.1965,1.0,Uninsured
Mower,MN,27099,66972.0,11.64,1.04,3.83,12.63,10.95,31.2,16.35,62.45,11077.83,0.2047,1.0,Uninsured
Murray,MN,27101,71500.0,7.28,0.76,0.58,4.65,10.85,32.5,15.899999999999999,66.65,12508.01,0.1892,1.0,Uninsured
Nicollet,MN,27103,79113.0,9.62,1.22,3.02,4.95,9.3,28.4,16.2,67.6,11131.36,0.1488,1.0,Uninsured
Nobles,MN,27105,62973.0,12.01,3.21,5.46,30.0,12.6,31.05,16.2,60.8,11274.32,0.2548,2.0,Uninsured
Norman,MN,27107,65278.0,8.7,1.32,1.3,5.47,11.05,33.45,16.4,66.4,13372.62,0.2116,2.0,Uninsured
Olmsted,MN,27109,90420.0,7.73,0.8,6.98,5.33,8.95,28.75,14.15,66.5,11061.8,0.1325,1.0,Uninsured
Otter Tail,MN,27111,67990.0,8.51,0.91,1.07,3.74,10.4,29.55,15.9,69.35,12014.85,0.1675,1.0,Uninsured
Pennington,MN,27113,71504.0,9.47,0.37,1.21,4.54,10.25,31.95,16.9,65.55,12987.26,0.1814,1.0,Uninsured
Pine,MN,27115,65059.0,10.08,0.87,2.19,3.12,11.6,35.15,17.45,62.2,11422.33,0.2352,2.0,Hypertension
Pipestone,MN,27117,68341.0,12.77,0.76,2.56,7.62,11.35,33.1,16.6,63.95,13101.93,0.2277,2.0,Poverty
Polk,MN,27119,69540.0,11.14,1.62,2.53,6.8,10.25,29.7,16.25,65.2,13001.95,0.1854,1.0,Uninsured
Pope,MN,27121,71212.0,9.43,0.51,0.44,1.86,10.55,32.7,15.85,66.4,11480.97,0.1931,1.0,Uninsured
Ramsey,MN,27123,78108.0,12.57,0.79,12.0,7.68,10.15,29.35,16.1,63.9,12321.48,0.1796,1.0,Poverty
Red Lake,MN,27125,73889.0,9.28,0.26,0.84,3.81,10.55,32.15,16.3,62.7,13563.76,0.186,1.0,Uninsured
Redwood,MN,27127,65617.0,9.85,1.77,0.69,3.88,11.4,31.95,16.8,67.75,11838.39,0.2166,2.0,Uninsured
Renville,MN,27129,66313.0,10.12,0.86,0.63,9.46,11.65,32.35,16.3,63.9,12497.42,0.216,2.0,Uninsured
Rice,MN,27131,78214.0,8.19,0.73,6.34,8.73,9.75,31.05,16.0,63.5,10750.8,0.1641,1.0,Uninsured
Rock,MN,27133,75060.0,8.56,0.76,0.17,3.38,10.3,30.55,16.35,66.1,11880.63,0.1718,1.0,Uninsured
Roseau,MN,27135,70122.0,10.22,1.01,0.98,1.62,10.5,29.7,16.25,63.0,11538.65,0.1793,1.0,Uninsured
St. Louis,MN,27137,66491.0,13.22,0.39,1.58,1.89,10.3,30.1,17.05,62.85,10265.59,0.1867,1.0,Poverty
Scott,MN,27139,118268.0,4.97,0.54,5.05,5.63,8.95,29.35,14.55,68.45,12588.74,0.1213,1.0,Uninsured
Sherburne,MN,27141,99431.0,5.69,0.39,3.21,2.98,8.65,28.05,16.15,65.7,12365.99,0.1087,1.0,Uninsured
Sibley,MN,27143,74781.0,8.55,0.45,0.98,9.28,10.35,31.35,16.3,62.75,14016.19,0.1753,1.0,Uninsured
Stearns,MN,27145,73105.0,12.17,0.65,8.09,3.77,9.75,29.4,16.8,67.95,11201.67,0.17,1.0,Poverty
Steele,MN,27147,79722.0,8.35,0.57,3.2,8.27,9.95,30.9,15.75,66.35,11281.17,0.1655,1.0,Uninsured
Stevens,MN,27149,69737.0,11.31,1.22,1.85,7.93,9.65,28.5,16.5,62.5,10792.79,0.1634,1.0,Uninsured
Swift,MN,27151,58362.0,10.54,0.69,0.88,5.69,11.65,34.25,16.45,62.1,12974.96,0.2299,2.0,Uninsured
Todd,MN,27153,63216.0,11.82,3.78,0.45,7.44,11.6,34.1,16.75,65.05,11939.88,0.2646,2.0,Uninsured
Traverse,MN,27155,63456.0,8.16,0.18,0.57,4.39,11.45,33.65,16.2,65.7,10478.07,0.2061,1.0,Diabetes
Wabasha,MN,27157,75063.0,7.48,0.97,0.24,3.15,10.05,29.95,15.55,67.95,12605.76,0.1603,1.0,Uninsured
Wadena,MN,27159,54747.0,11.64,0.6,0.54,2.2,11.4,32.05,17.6,66.1,12837.48,0.2141,2.0,Poverty
Waseca,MN,27161,71856.0,6.32,0.36,0.84,6.49,10.45,30.25,16.799999999999997,67.15,12337.29,0.1578,1.0,Uninsured
Washington,MN,27163,110828.0,4.61,0.51,4.82,4.65,9.5,27.6,13.7,64.3,11625.52,0.116,1.0,Uninsured
Watonwan,MN,27165,65197.0,13.09,2.83,0.4,27.17,11.65,31.6,15.75,63.35,14641.11,0.2439,2.0,Uninsured
Wilkin,MN,27167,67114.0,13.26,0.6,0.48,3.61,10.95,32.45,16.7,66.9,10915.4,0.2169,2.0,Poverty
Winona,MN,27169,66162.0,13.09,1.35,1.36,3.19,9.45,29.4,16.75,65.15,9971.95,0.1761,1.0,Uninsured
Wright,MN,27171,102980.0,4.75,1.19,1.43,3.34,8.7,29.6,15.5,67.85,11831.24,0.1243,1.0,Uninsured
Yellow Medicine,MN,27173,70605.0,9.83,0.83,0.82,5.13,11.05,32.45,16.6,65.15,10788.24,0.2049,1.0,Uninsured
Adams,MS,28001,37271.0,25.36,1.91,53.38,6.97,18.7,48.75,18.2,60.6,15624.56,0.5354,4.0,Hypertension
Alcorn,MS,28003,47716.0,16.68,2.05,9.67,3.49,13.7,43.2,18.2,54.7,13482.94,0.3714,4.0,Hypertension
Amite,MS,28005,34866.0,26.79,1.54,40.22,0.07,17.85,47.8,18.6,57.1,16402.4,0.5171,4.0,Hypertension
Attala,MS,28007,42680.0,23.0,0.83,42.19,2.23,15.4,45.75,18.3,58.65,14418.22,0.4361,4.0,Hypertension
Benton,MS,28009,38750.0,17.39,1.47,33.31,3.13,15.7,45.3,18.3,57.4,15301.32,0.418,4.0,Hypertension
Bolivar,MS,28011,37845.0,29.5,2.29,63.24,2.27,19.2,50.2,19.1,54.45,16908.92,0.5774,4.0,Hypertension
Calhoun,MS,28013,44505.0,18.39,1.17,28.39,6.47,16.4,45.9,18.9,56.85,13820.92,0.4359,4.0,Hypertension
Carroll,MS,28015,42285.0,20.99,0.85,35.82,0.11,16.45,46.3,17.799999999999997,57.2,15216.17,0.4487,4.0,Hypertension
Chickasaw,MS,28017,40224.0,25.8,1.32,44.16,5.08,17.05,45.65,18.75,57.9,14330.62,0.4813,4.0,Hypertension
Choctaw,MS,28019,41887.0,18.8,2.39,29.2,1.77,14.9,44.05,17.15,58.65,14771.39,0.4112,4.0,Hypertension
Claiborne,MS,28021,34282.0,26.75,3.85,85.84,0.22,20.0,51.3,19.6,58.35,16313.43,0.6015,4.0,Hypertension
Clarke,MS,28023,46329.0,20.42,2.21,34.35,1.62,15.9,46.1,18.35,58.65,18043.13,0.4487,4.0,Hypertension
Clay,MS,28025,37412.0,22.66,1.76,60.01,0.16,17.55,48.15,18.5,56.55,13502.43,0.4975,4.0,Hypertension
Coahoma,MS,28027,36075.0,35.85,1.02,75.94,1.79,20.65,52.05,19.65,54.75,13623.18,0.6324,4.0,Diabetes
Copiah,MS,28029,46889.0,22.52,1.73,51.05,3.65,16.75,46.35,18.15,59.75,14799.14,0.47,4.0,Hypertension
Covington,MS,28031,40164.0,23.2,0.44,34.9,2.54,14.45,44.2,18.05,57.7,16917.68,0.4059,4.0,Hypertension
DeSoto,MS,28033,79666.0,9.71,1.48,30.92,5.21,11.9,39.1,16.6,63.95,13270.67,0.2731,3.0,Hypertension
Forrest,MS,28035,49340.0,21.65,1.0,36.12,3.21,13.3,40.25,18.25,60.85,14457.72,0.3562,4.0,Poverty
Franklin,MS,28037,43942.0,23.47,0.49,35.75,0.03,16.55,47.0,18.5,60.15,18918.16,0.4634,4.0,Hypertension
George,MS,28039,51349.0,20.31,1.26,7.69,3.21,12.4,38.55,18.25,57.85,11268.88,0.325,3.0,Poverty
Greene,MS,28041,50000.0,13.34,1.14,25.44,1.3,13.55,42.3,18.0,55.05,15206.45,0.3378,4.0,Hypertension
Grenada,MS,28043,45745.0,21.74,1.22,44.91,0.43,16.15,45.75,18.2,58.7,17102.69,0.4468,4.0,Hypertension
Hancock,MS,28045,63623.0,13.61,1.05,6.92,3.91,12.55,39.6,17.0,60.45,14176.02,0.3017,3.0,Hypertension
Harrison,MS,28047,55211.0,17.94,1.71,24.82,5.59,13.2,40.65,17.75,58.0,13870.13,0.3471,4.0,Hypertension
Hinds,MS,28049,48596.0,20.22,1.56,72.89,1.58,16.15,46.8,17.549999999999997,58.65,14193.93,0.4506,4.0,Hypertension
Holmes,MS,28051,28818.0,33.23,0.81,82.98,0.46,22.15,54.2,19.95,57.25,17461.09,0.6591,4.0,Diabetes
Humphreys,MS,28053,31907.0,31.68,1.69,78.81,0.31,22.65,54.85,20.0,56.05,14724.98,0.6737,4.0,Diabetes
Issaquena,MS,28055,17900.0,14.59,0.58,70.4,1.0,17.1,47.5,19.1,56.85,10596.99,0.4357,4.0,Hypertension
Itawamba,MS,28057,57252.0,9.73,0.76,6.02,1.8,11.5,38.6,18.0,59.8,11848.28,0.2557,2.0,Hypertension
Jackson,MS,28059,60045.0,15.49,1.37,20.43,7.11,13.9,42.9,17.05,61.8,12859.88,0.3603,4.0,Hypertension
Jasper,MS,28061,43914.0,17.06,1.51,54.65,0.81,17.1,47.45,18.200000000000003,60.1,14787.16,0.4561,4.0,Hypertension
Jefferson,MS,28063,31544.0,29.68,1.48,79.05,8.46,21.7,54.65,19.05,58.45,15847.39,0.6447,4.0,Hypertension
Jefferson Davis,MS,28065,36473.0,22.84,1.41,61.01,0.19,19.3,50.95,18.549999999999997,60.4,16196.91,0.5447,4.0,Hypertension
Jones,MS,28067,49451.0,20.75,1.49,29.15,4.72,14.8,44.45,17.55,57.9,13867.97,0.4125,4.0,Hypertension
Kemper,MS,28069,42947.0,19.8,2.84,61.83,0.76,17.1,47.95,18.049999999999997,57.9,16059.05,0.4857,4.0,Hypertension
Lafayette,MS,28071,59748.0,17.74,0.56,23.4,2.62,11.35,35.55,16.950000000000003,60.65,13022.53,0.2666,3.0,Poverty
Lamar,MS,28073,67972.0,16.7,1.55,20.93,3.09,11.8,39.25,16.5,60.2,13755.85,0.3059,3.0,Hypertension
Lauderdale,MS,28075,45649.0,23.77,0.51,43.47,2.25,15.4,45.3,18.1,59.75,15324.38,0.4333,4.0,Hypertension
Lawrence,MS,28077,41096.0,22.48,2.19,31.47,2.35,17.0,47.3,19.35,56.45,19473.04,0.4854,4.0,Hypertension
Leake,MS,28079,46669.0,20.32,2.56,39.76,5.15,15.75,45.75,18.5,57.8,16430.71,0.4466,4.0,Hypertension
Lee,MS,28081,64479.0,13.25,2.12,29.81,2.99,13.1,42.8,16.950000000000003,59.2,12550.12,0.343,4.0,Hypertension
Leflore,MS,28083,33115.0,30.53,0.83,74.65,2.91,19.95,50.35,19.15,54.2,13135.75,0.5816,4.0,Diabetes
Lincoln,MS,28085,47069.0,22.02,1.2,30.26,1.33,14.4,42.95,18.0,57.85,14501.7,0.398,4.0,Hypertension
Lowndes,MS,28087,53687.0,17.48,0.76,44.62,2.42,14.55,43.5,17.299999999999997,62.15,14012.53,0.379,4.0,Hypertension
Madison,MS,28089,79105.0,9.64,0.69,37.61,3.09,11.6,38.7,15.0,63.6,12694.37,0.257,2.0,Hypertension
Marion,MS,28091,38399.0,22.01,1.25,32.57,1.73,15.8,45.55,18.75,55.9,15354.82,0.4409,4.0,Hypertension
Marshall,MS,28093,51431.0,18.19,0.38,45.61,4.27,17.1,47.1,18.9,54.55,12986.68,0.4477,4.0,Hypertension
Monroe,MS,28095,51190.0,16.26,0.76,30.22,1.49,15.1,45.0,18.6,60.7,15984.63,0.3934,4.0,Hypertension
Montgomery,MS,28097,36845.0,23.84,1.15,46.04,0.63,17.45,47.75,18.55,54.45,16403.34,0.4923,4.0,Hypertension
Neshoba,MS,28099,47400.0,27.4,1.93,22.77,0.21,15.5,42.8,19.7,55.6,14899.69,0.4479,4.0,Poverty
Newton,MS,28101,49160.0,22.58,3.45,31.4,2.11,14.7,42.95,18.75,56.2,17132.04,0.428,4.0,Hypertension
Noxubee,MS,28103,42298.0,22.78,3.83,73.6,0.27,19.6,49.95,19.35,57.9,16772.08,0.5662,4.0,Diabetes
Oktibbeha,MS,28105,42953.0,25.56,0.85,36.75,1.78,12.4,38.35,17.8,58.55,14152.58,0.344,4.0,Poverty
Panola,MS,28107,47894.0,20.24,1.91,49.66,0.62,17.0,46.55,19.1,55.35,15298.14,0.4668,4.0,Hypertension
Pearl River,MS,28109,54220.0,15.37,1.42,12.48,3.4,13.1,40.2,17.9,57.95,14575.46,0.3272,3.0,Hypertension
Perry,MS,28111,48333.0,20.02,1.38,11.58,7.02,14.8,44.1,18.75,54.2,13753.02,0.4055,4.0,Hypertension
Pike,MS,28113,40131.0,29.61,1.78,54.16,1.6,17.6,48.35,19.200000000000003,58.2,14637.92,0.5324,4.0,Hypertension
Pontotoc,MS,28115,54414.0,16.56,1.4,14.78,7.45,13.0,40.6,18.25,58.85,13501.87,0.3338,3.0,Hypertension
Prentiss,MS,28117,51578.0,15.5,0.85,10.7,1.5,13.1,40.5,18.4,56.4,13106.48,0.3244,3.0,Hypertension
Quitman,MS,28119,31192.0,29.27,0.29,71.95,0.43,21.15,52.7,20.049999999999997,52.5,15358.98,0.6076,4.0,Diabetes
Rankin,MS,28121,76460.0,9.17,1.24,21.58,2.73,11.4,39.1,15.85,61.05,13792.46,0.2597,2.0,Hypertension
Scott,MS,28123,44968.0,21.58,2.47,35.79,11.8,17.05,44.75,19.2,56.65,16343.65,0.4664,4.0,Diabetes
Sharkey,MS,28125,41000.0,26.21,4.88,72.53,0.72,22.4,54.8,19.5,55.05,12966.43,0.6751,4.0,Diabetes
Simpson,MS,28127,50867.0,16.69,1.37,35.08,2.02,14.7,43.55,18.2,58.8,13960.7,0.3842,4.0,Hypertension
Smith,MS,28129,51983.0,18.02,2.43,24.31,0.46,15.2,45.4,18.799999999999997,58.15,15111.98,0.4227,4.0,Hypertension
Stone,MS,28131,55894.0,19.93,1.3,16.37,2.3,13.05,41.35,17.95,58.0,13556.54,0.3548,4.0,Hypertension
Sunflower,MS,28133,37403.0,24.54,0.73,73.56,1.88,18.8,49.95,19.049999999999997,58.95,16008.25,0.5302,4.0,Hypertension
Tallahatchie,MS,28135,35428.0,24.52,1.24,61.52,1.9,17.95,49.35,18.450000000000003,54.1,18693.0,0.5164,4.0,Hypertension
Tate,MS,28137,61286.0,15.49,1.56,30.45,3.37,13.35,40.4,17.700000000000003,57.6,13366.48,0.3349,3.0,Hypertension
Tippah,MS,28139,47968.0,18.43,1.76,14.54,4.75,14.2,41.6,18.75,52.95,14582.98,0.3736,4.0,Hypertension
Tishomingo,MS,28141,45545.0,18.9,1.09,1.34,3.52,13.45,41.35,18.35,53.45,13503.97,0.3547,4.0,Hypertension
Tunica,MS,28143,41676.0,30.67,0.14,80.59,1.32,20.65,52.0,20.5,53.35,16031.71,0.5992,4.0,Diabetes
Union,MS,28145,55970.0,12.15,1.11,15.69,4.56,13.2,41.2,18.35,59.6,13617.12,0.318,3.0,Hypertension
Walthall,MS,28147,37145.0,20.04,0.53,40.91,2.38,16.1,46.65,18.549999999999997,57.3,16757.74,0.4376,4.0,Hypertension
Warren,MS,28149,54117.0,17.87,0.89,48.69,2.15,14.85,43.95,16.85,61.05,13930.25,0.3904,4.0,Hypertension
Washington,MS,28151,38394.0,28.67,1.13,72.08,1.76,19.3,51.65,18.950000000000003,58.0,13420.17,0.5742,4.0,Hypertension
Wayne,MS,28153,34875.0,21.98,4.94,37.89,3.66,16.4,45.4,18.950000000000003,57.05,15636.54,0.4864,4.0,Hypertension
Webster,MS,28155,55657.0,15.59,2.57,18.49,1.58,12.5,40.75,17.299999999999997,59.5,14397.96,0.3334,3.0,Hypertension
Wilkinson,MS,28157,34928.0,18.77,0.23,67.38,1.79,19.1,50.85,18.4,57.8,19261.9,0.5099,4.0,Hypertension
Winston,MS,28159,45516.0,25.31,1.82,46.99,1.49,17.6,47.8,18.549999999999997,59.9,15032.63,0.5088,4.0,Hypertension
Yalobusha,MS,28161,47006.0,20.08,0.0,38.4,2.64,17.0,47.4,18.75,55.85,16243.4,0.4532,4.0,Hypertension
Yazoo,MS,28163,41867.0,23.92,1.26,60.75,3.95,18.2,49.05,19.5,55.4,15717.51,0.5159,4.0,Hypertension
Adair,MO,29001,51020.0,21.49,1.0,4.12,2.77,10.45,31.65,19.35,58.7,12003.75,0.2451,2.0,Poverty
Andrew,MO,29003,68774.0,7.45,1.01,0.77,2.68,10.4,35.3,17.35,62.2,12406.12,0.2051,1.0,Hypertension
Atchison,MO,29005,58521.0,11.39,1.48,0.3,1.61,12.9,39.1,18.2,59.45,13733.65,0.2979,3.0,Hypertension
Audrain,MO,29007,51745.0,17.11,5.1,4.78,3.44,12.85,37.1,20.1,55.45,11239.92,0.3452,4.0,Uninsured
Barry,MO,29009,55592.0,18.24,1.86,0.31,9.85,13.3,37.45,19.1,55.5,10627.25,0.3286,3.0,Poverty
Barton,MO,29011,48105.0,21.9,1.9,0.28,3.14,13.6,38.7,20.0,55.2,11991.98,0.3602,4.0,Poverty
Bates,MO,29013,54122.0,18.59,1.25,2.15,2.7,12.45,37.4,19.75,56.25,15959.85,0.3094,3.0,Poverty
Benton,MO,29015,50229.0,17.31,2.27,0.69,2.25,13.85,39.45,18.15,58.55,11033.03,0.352,4.0,Hypertension
Bollinger,MO,29017,52306.0,14.73,0.95,0.55,1.69,12.45,38.2,19.45,56.65,11217.04,0.2942,3.0,Hypertension
Boone,MO,29019,66564.0,16.88,0.85,9.28,3.65,9.8,31.05,17.05,61.0,11143.27,0.2067,1.0,Poverty
Buchanan,MO,29021,58303.0,15.85,1.34,5.86,6.98,12.2,36.25,18.9,60.2,14442.68,0.2849,3.0,Poverty
Butler,MO,29023,47245.0,20.62,1.81,5.12,2.42,13.95,40.05,20.95,56.5,11241.14,0.369,4.0,Poverty
Caldwell,MO,29025,58269.0,15.68,1.21,0.36,2.75,11.65,36.15,18.799999999999997,58.65,10780.95,0.2728,3.0,Poverty
Callaway,MO,29027,70599.0,8.66,1.78,4.26,2.22,11.05,35.15,18.2,59.9,10095.54,0.2283,2.0,Uninsured
Camden,MO,29029,59834.0,13.25,1.48,0.85,3.13,12.3,36.85,17.15,63.75,10542.16,0.2802,3.0,Hypertension
Cape Girardeau,MO,29031,65070.0,13.88,0.69,7.57,2.58,10.7,34.35,18.25,63.9,11122.99,0.2302,2.0,Poverty
Carroll,MO,29033,59101.0,9.32,0.8,2.09,1.88,12.25,36.4,18.75,60.6,14562.79,0.251,2.0,Hypertension
Carter,MO,29035,45737.0,20.17,1.81,1.02,2.32,13.95,39.9,20.45,56.55,11910.87,0.3658,4.0,Poverty
Cass,MO,29037,82473.0,6.88,1.43,4.4,4.86,10.5,33.1,17.299999999999997,65.55,14714.37,0.1924,1.0,Uninsured
Cedar,MO,29039,43589.0,18.07,2.61,0.35,2.59,13.65,38.7,19.5,57.95,12003.5,0.3501,4.0,Poverty
Chariton,MO,29041,61910.0,12.85,1.93,2.7,1.01,12.2,36.9,18.4,59.95,10803.05,0.2814,3.0,Hypertension
Christian,MO,29043,75787.0,8.58,1.29,0.93,3.45,9.9,33.05,17.3,62.3,11332.19,0.1884,1.0,Uninsured
Clark,MO,29045,53362.0,10.76,2.44,0.16,0.96,13.1,38.3,19.65,57.2,10799.58,0.3021,3.0,Hypertension
Clay,MO,29047,82264.0,8.17,1.32,6.61,7.35,10.25,33.7,16.75,62.8,13491.68,0.1974,1.0,Uninsured
Clinton,MO,29049,66494.0,11.03,1.21,0.84,2.46,10.8,35.55,18.1,60.75,12065.77,0.2323,2.0,Uninsured
Cole,MO,29051,70667.0,8.84,0.97,11.39,3.05,10.2,35.05,16.9,64.15,11358.53,0.206,1.0,Uninsured
Cooper,MO,29053,62239.0,11.86,2.56,5.55,2.15,11.1,35.1,18.0,60.3,10724.54,0.2514,2.0,Uninsured
Crawford,MO,29055,52367.0,14.36,2.27,0.52,2.27,12.55,36.05,19.5,60.95,11286.53,0.2917,3.0,Uninsured
Dade,MO,29057,46806.0,16.68,0.93,0.55,2.33,13.9,39.55,19.4,57.1,11472.04,0.3374,4.0,Hypertension
Dallas,MO,29059,46547.0,20.31,3.87,0.09,2.43,13.3,37.8,19.75,57.15,13762.45,0.3606,4.0,Poverty
Daviess,MO,29061,59706.0,13.44,4.75,0.53,1.71,12.6,37.75,19.2,56.3,12579.21,0.325,3.0,Uninsured
DeKalb,MO,29063,67910.0,8.1,1.88,8.23,2.87,11.3,36.35,18.049999999999997,55.3,12873.81,0.2395,2.0,Uninsured
Dent,MO,29065,51410.0,16.62,2.53,0.6,2.02,12.85,38.0,19.0,54.75,11161.09,0.324,3.0,Poverty
Douglas,MO,29067,47848.0,19.39,1.1,0.47,1.0,13.3,38.75,19.25,57.0,11572.59,0.3358,3.0,Poverty
Dunklin,MO,29069,44868.0,21.36,2.49,7.88,7.17,14.55,41.4,20.85,55.5,13661.29,0.3991,4.0,Hypertension
Franklin,MO,29071,70111.0,7.98,0.89,0.86,1.93,10.95,34.65,17.85,62.05,12650.27,0.211,2.0,Uninsured
Gasconade,MO,29073,62638.0,11.63,1.16,0.87,0.81,11.75,36.75,18.4,59.75,11147.75,0.2594,2.0,Hypertension
Gentry,MO,29075,53799.0,14.84,2.12,0.5,2.06,11.9,36.2,19.0,56.8,17437.27,0.2825,3.0,Uninsured
Greene,MO,29077,54968.0,14.03,2.02,3.01,4.14,10.6,32.35,18.35,59.05,11715.12,0.2279,2.0,Uninsured
Grundy,MO,29079,51045.0,16.01,5.25,0.44,2.68,12.75,37.6,19.299999999999997,59.1,12645.74,0.3434,4.0,Uninsured
Harrison,MO,29081,51809.0,16.02,1.1,1.01,2.67,13.0,37.75,19.4,58.6,14620.89,0.3077,3.0,Hypertension
Henry,MO,29083,54903.0,14.79,1.68,0.73,2.84,12.7,37.75,19.25,59.55,13159.61,0.3026,3.0,Hypertension
Hickory,MO,29085,33302.0,17.32,4.31,0.18,2.13,16.3,43.6,20.0,60.7,13135.42,0.4437,4.0,Diabetes
Holt,MO,29087,55153.0,9.15,1.24,0.66,1.43,12.2,37.05,18.1,61.05,11921.65,0.2584,2.0,Hypertension
Howard,MO,29089,59023.0,11.89,1.54,5.91,1.96,11.05,34.75,18.200000000000003,63.5,11865.74,0.2381,2.0,Uninsured
Howell,MO,29091,46401.0,22.54,2.58,0.45,2.44,13.45,37.9,20.15,57.7,10391.14,0.3616,4.0,Poverty
Iron,MO,29093,53401.0,18.79,1.09,0.65,2.0,13.25,38.9,19.6,57.1,12644.59,0.3331,3.0,Poverty
Jackson,MO,29095,65169.0,13.66,1.89,22.79,9.58,11.55,34.55,19.2,60.1,13470.96,0.2569,2.0,Uninsured
Jasper,MO,29097,54963.0,18.13,1.92,1.89,8.68,12.15,36.05,19.549999999999997,61.15,11924.2,0.299,3.0,Poverty
Jefferson,MO,29099,77217.0,8.17,0.93,1.0,2.22,10.3,33.5,17.9,63.45,13249.58,0.1929,1.0,Uninsured
Johnson,MO,29101,62503.0,11.32,1.6,3.58,5.04,9.95,31.05,19.25,61.05,13125.26,0.1907,1.0,Uninsured
Knox,MO,29103,49167.0,12.46,10.18,1.19,0.82,13.35,38.55,19.85,56.25,12424.79,0.3927,4.0,Uninsured
Laclede,MO,29105,49202.0,16.8,1.55,0.48,2.72,12.75,37.35,19.9,58.05,11001.76,0.3087,3.0,Poverty
Lafayette,MO,29107,78397.0,9.05,1.29,2.09,3.36,10.65,34.3,18.2,60.2,12425.59,0.2123,2.0,Uninsured
Lawrence,MO,29109,52225.0,14.35,2.28,0.25,8.16,12.6,36.8,19.65,56.0,11639.83,0.298,3.0,Uninsured
Lewis,MO,29111,49779.0,15.15,0.51,3.87,1.37,11.8,35.5,19.65,55.5,11771.05,0.2613,2.0,Poverty
Lincoln,MO,29113,82543.0,11.29,1.88,2.16,2.7,10.5,33.0,18.65,57.95,12753.05,0.2167,2.0,Uninsured
Linn,MO,29115,58435.0,16.52,2.24,0.74,2.86,12.0,36.15,18.85,59.0,12597.02,0.2929,3.0,Poverty
Livingston,MO,29117,58772.0,9.56,2.13,2.87,2.14,11.55,35.9,19.65,60.05,13555.17,0.2498,2.0,Uninsured
McDonald,MO,29119,46494.0,16.73,4.02,1.96,11.6,14.65,38.9,20.799999999999997,51.0,12480.35,0.3762,4.0,Diabetes
Macon,MO,29121,54113.0,10.76,2.6,2.24,1.71,11.4,35.65,18.2,61.55,12633.65,0.2557,2.0,Uninsured
Madison,MO,29123,54042.0,11.83,3.66,1.14,2.58,11.9,35.9,18.9,60.65,14120.92,0.2815,3.0,Uninsured
Maries,MO,29125,56491.0,17.31,2.52,0.33,1.83,11.95,36.55,18.95,60.8,10687.03,0.3014,3.0,Poverty
Marion,MO,29127,62492.0,13.57,0.33,5.45,0.44,11.7,35.95,18.6,62.0,12767.54,0.2536,2.0,Poverty
Mercer,MO,29129,55592.0,14.67,2.62,0.34,2.99,13.7,39.4,19.2,59.25,14635.02,0.3402,4.0,Hypertension
Miller,MO,29131,53490.0,15.72,1.47,1.05,2.13,11.9,35.95,18.950000000000003,57.85,10710.47,0.2784,3.0,Poverty
Mississippi,MO,29133,40833.0,20.8,1.07,24.14,1.12,15.4,42.2,20.549999999999997,55.25,10744.44,0.4026,4.0,Hypertension
Moniteau,MO,29135,66792.0,9.93,5.82,2.66,5.47,11.05,34.4,18.6,58.75,11888.9,0.2688,3.0,Uninsured
Monroe,MO,29137,50245.0,16.2,3.15,3.47,1.86,13.0,37.95,18.85,62.2,11666.33,0.3303,3.0,Uninsured
Montgomery,MO,29139,58660.0,14.39,1.14,1.66,2.12,12.4,37.2,19.15,57.6,10451.97,0.2864,3.0,Hypertension
Morgan,MO,29141,48841.0,19.31,7.8,0.35,2.53,13.7,38.85,19.55,54.55,10292.3,0.4092,4.0,Uninsured
New Madrid,MO,29143,44092.0,16.79,0.86,12.16,2.13,14.4,40.5,20.25,58.4,13068.54,0.3525,4.0,Hypertension
Newton,MO,29145,60313.0,14.6,2.07,0.91,5.88,12.25,35.95,18.8,61.15,12036.56,0.285,3.0,Uninsured
Nodaway,MO,29147,53917.0,16.84,1.58,2.16,1.73,10.5,33.15,19.0,60.4,16195.4,0.2408,2.0,Poverty
Oregon,MO,29149,41365.0,22.46,3.26,0.07,1.95,14.5,39.95,20.4,54.75,10639.97,0.4005,4.0,Poverty
Osage,MO,29151,70313.0,7.47,0.8,0.16,1.0,10.2,33.6,17.75,62.0,11384.68,0.1874,1.0,Uninsured
Ozark,MO,29153,39125.0,22.23,2.35,0.6,2.07,15.4,42.2,20.2,55.85,9890.4,0.4219,4.0,Hypertension
Pemiscot,MO,29155,37426.0,28.86,0.84,26.17,3.11,16.4,42.55,21.25,53.55,13313.34,0.4574,4.0,Poverty
Perry,MO,29157,61486.0,11.12,1.16,0.72,2.42,11.2,35.5,18.15,59.1,14472.68,0.2387,2.0,Uninsured
Pettis,MO,29159,57581.0,14.57,2.73,2.81,9.16,11.7,34.35,18.65,57.6,11579.66,0.2705,3.0,Uninsured
Phelps,MO,29161,53242.0,16.41,1.06,2.1,2.88,11.3,34.65,18.45,55.05,12603.66,0.258,2.0,Poverty
Pike,MO,29163,53363.0,14.18,0.92,5.02,2.32,12.4,37.95,19.15,58.05,11365.26,0.2886,3.0,Hypertension
Platte,MO,29165,92543.0,6.9,1.21,7.39,6.62,9.4,32.4,15.75,65.1,12761.61,0.1666,1.0,Uninsured
Polk,MO,29167,54487.0,16.36,3.44,1.16,2.82,12.1,36.1,19.55,58.35,11774.44,0.3053,3.0,Uninsured
Pulaski,MO,29169,62541.0,11.88,0.99,10.09,11.6,9.75,31.3,18.5,59.1,10972.31,0.1857,1.0,Uninsured
Putnam,MO,29171,50950.0,12.01,3.94,0.23,2.62,11.9,36.95,18.200000000000003,59.5,11588.93,0.2927,3.0,Uninsured
Ralls,MO,29173,62615.0,12.25,1.9,1.78,1.44,12.25,37.75,18.6,58.65,11735.81,0.2853,3.0,Hypertension
Randolph,MO,29175,51480.0,15.82,1.68,5.04,2.23,11.85,35.95,19.3,57.6,13001.49,0.2801,3.0,Poverty
Ray,MO,29177,69779.0,12.04,1.21,1.19,2.71,11.95,36.85,18.85,58.4,14917.04,0.2659,3.0,Hypertension
Reynolds,MO,29179,43856.0,17.58,0.87,1.66,1.7,13.85,39.1,19.65,54.1,11541.0,0.3369,4.0,Hypertension
Ripley,MO,29181,42541.0,20.41,2.19,0.1,2.24,14.05,38.85,20.85,57.7,10880.83,0.3648,4.0,Poverty
St. Charles,MO,29183,99596.0,4.44,0.68,5.04,3.56,9.55,30.15,15.600000000000001,66.05,13464.84,0.1362,1.0,Uninsured
St. Clair,MO,29185,43483.0,15.13,2.72,0.55,2.37,14.0,40.4,19.299999999999997,60.45,15115.12,0.3557,4.0,Hypertension
Ste. Genevieve,MO,29186,61215.0,8.98,0.41,1.53,1.34,11.15,36.25,18.0,60.85,13690.07,0.2258,2.0,Hypertension
St. Francois,MO,29187,53083.0,16.09,1.23,2.96,2.0,12.15,37.65,19.700000000000003,57.9,12786.52,0.2942,3.0,Poverty
St. Louis,MO,29189,78067.0,9.41,0.74,24.21,3.1,10.55,34.7,16.5,63.85,13412.48,0.2098,2.0,Uninsured
Saline,MO,29195,55396.0,12.15,0.81,5.56,11.1,11.8,34.15,18.35,57.65,11392.13,0.2405,2.0,Poverty
Schuyler,MO,29197,53728.0,10.18,5.73,0.39,1.28,11.0,35.4,18.6,59.35,12599.2,0.2754,3.0,Uninsured
Scotland,MO,29199,58656.0,7.27,14.89,0.06,0.0,11.6,35.65,19.35,58.55,15822.85,0.3644,4.0,Uninsured
Scott,MO,29201,54621.0,15.31,1.04,11.37,2.64,12.25,37.45,18.9,57.15,11722.07,0.289,3.0,Hypertension
Shannon,MO,29203,46767.0,14.32,2.26,0.28,0.38,13.2,38.45,19.3,59.65,12456.61,0.3197,3.0,Hypertension
Shelby,MO,29205,50387.0,14.32,1.26,2.15,2.31,13.2,39.1,19.5,57.7,12144.18,0.3145,3.0,Hypertension
Stoddard,MO,29207,51703.0,16.2,1.97,1.31,1.93,12.75,37.3,19.85,58.15,11078.94,0.3097,3.0,Poverty
Stone,MO,29209,58392.0,13.87,0.79,0.22,2.52,12.95,39.5,17.65,62.65,10869.14,0.3064,3.0,Hypertension
Sullivan,MO,29211,53438.0,14.69,0.48,3.16,18.67,13.5,37.8,18.6,56.45,14705.53,0.3042,3.0,Diabetes
Taney,MO,29213,54467.0,15.85,2.08,1.97,6.34,11.95,36.45,18.35,59.4,11172.4,0.2895,3.0,Poverty
Texas,MO,29215,42870.0,18.83,2.7,2.49,2.38,14.25,40.85,20.0,57.6,11178.15,0.3803,4.0,Hypertension
Vernon,MO,29217,53318.0,17.46,4.68,0.54,2.49,12.9,37.65,19.9,55.85,11445.66,0.3475,4.0,Uninsured
Warren,MO,29219,75531.0,10.06,1.78,2.15,3.67,11.15,35.35,18.5,58.7,12860.66,0.2379,2.0,Uninsured
Washington,MO,29221,49364.0,17.74,1.34,1.67,1.68,13.5,38.55,20.5,56.35,11916.97,0.3324,3.0,Poverty
Wayne,MO,29223,42758.0,24.72,1.24,1.03,1.99,15.0,40.9,20.55,55.15,10730.21,0.4064,4.0,Poverty
Webster,MO,29225,65103.0,15.2,4.92,0.62,2.28,11.4,35.5,19.4,57.95,11853.65,0.2984,3.0,Uninsured
Worth,MO,29227,43536.0,16.3,0.61,0.25,1.92,13.35,39.3,18.85,60.3,12210.45,0.3213,3.0,Hypertension
Wright,MO,29229,43573.0,19.89,4.82,0.19,2.43,14.0,38.45,20.700000000000003,56.65,10467.9,0.3846,4.0,Uninsured
St. Louis,MO,29510,52941.0,19.59,0.76,43.87,4.31,13.0,37.05,18.299999999999997,62.05,13979.79,0.316,3.0,Poverty
Beaverhead,MT,30001,55867.0,14.65,1.24,1.03,5.54,9.45,31.45,17.65,61.3,11844.96,0.1971,1.0,Poverty
Big Horn,MT,30003,52463.0,25.15,4.45,0.0,6.26,14.45,34.55,22.549999999999997,51.75,15937.79,0.385,4.0,Poverty
Blaine,MT,30005,58507.0,19.84,5.19,0.8,3.6,13.3,35.0,20.450000000000003,52.15,14556.84,0.3513,4.0,Uninsured
Broadwater,MT,30007,61679.0,9.07,0.8,0.27,2.19,9.1,31.85,17.35,58.6,16339.42,0.1636,1.0,Uninsured
Carbon,MT,30009,66780.0,10.08,0.71,0.47,2.87,10.0,35.35,16.65,60.1,8359.37,0.208,1.0,Hypertension
Carter,MT,30011,46486.0,16.67,3.15,0.0,1.13,10.4,34.85,17.9,60.15,15095.19,0.2661,3.0,Uninsured
Cascade,MT,30013,61351.0,13.23,0.86,1.48,5.05,9.6,32.0,19.4,59.7,10726.81,0.1932,1.0,Poverty
Chouteau,MT,30015,51791.0,14.89,0.47,0.14,3.0,10.85,34.15,18.950000000000003,57.3,12296.06,0.2338,2.0,Poverty
Custer,MT,30017,61114.0,10.71,1.53,0.23,3.6,9.5,31.3,17.65,60.75,10857.07,0.1813,1.0,Uninsured
Daniels,MT,30019,47378.0,11.92,0.72,0.33,1.43,9.7,32.45,17.2,59.7,16513.74,0.1906,1.0,Poverty
Dawson,MT,30021,68168.0,7.11,0.68,0.76,2.74,9.15,30.7,17.6,62.7,11270.69,0.1458,1.0,Uninsured
Deer Lodge,MT,30023,46436.0,21.94,1.48,0.54,3.74,11.2,34.3,18.450000000000003,57.5,10820.65,0.2838,3.0,Poverty
Fallon,MT,30025,79750.0,12.41,3.16,0.03,0.78,9.25,30.3,18.4,60.7,14792.55,0.1939,1.0,Uninsured
Fergus,MT,30027,58321.0,14.36,2.57,0.48,2.05,9.9,33.5,17.549999999999997,61.85,8875.66,0.2313,2.0,Uninsured
Flathead,MT,30029,68025.0,9.18,1.29,0.32,3.28,8.35,28.6,16.5,61.3,9471.52,0.1328,1.0,Uninsured
Gallatin,MT,30031,83434.0,10.22,1.05,0.44,4.26,6.95,24.45,16.5,62.4,9840.74,0.0816,1.0,Uninsured
Garfield,MT,30033,61786.0,9.32,4.71,1.13,0.0,10.0,32.65,18.2,55.5,7976.06,0.2245,2.0,Uninsured
Glacier,MT,30035,41078.0,28.92,8.66,0.17,3.57,15.0,35.5,23.45,50.65,10108.23,0.4605,4.0,Uninsured
Golden Valley,MT,30037,54792.0,16.05,3.21,1.07,8.56,12.1,37.1,18.35,60.55,7811.17,0.3088,3.0,Uninsured
Granite,MT,30039,53917.0,12.8,1.48,0.0,3.09,10.35,34.4,17.15,61.5,9476.08,0.2274,2.0,Uninsured
Hill,MT,30041,58427.0,16.5,1.05,0.35,4.0,11.5,35.05,20.6,56.45,10494.45,0.2646,2.0,Poverty
Jefferson,MT,30043,73875.0,4.96,0.48,0.3,2.98,8.95,29.95,16.45,62.45,8821.0,0.125,1.0,Uninsured
Judith Basin,MT,30045,58750.0,17.51,0.15,0.0,5.54,10.95,35.1,17.6,58.45,7513.47,0.2514,2.0,Poverty
Lake,MT,30047,58009.0,18.73,3.39,0.25,4.46,10.75,32.85,18.65,57.7,8992.6,0.2696,3.0,Poverty
Lewis and Clark,MT,30049,71967.0,9.19,0.91,0.57,3.69,8.4,28.25,17.35,61.8,9200.57,0.1274,1.0,Uninsured
Liberty,MT,30051,48047.0,25.84,0.5,0.0,0.55,11.5,35.6,19.5,53.35,14715.02,0.3068,3.0,Poverty
Lincoln,MT,30053,44593.0,16.67,2.7,0.07,3.48,11.7,37.15,18.65,60.15,8658.19,0.3002,3.0,Uninsured
McCone,MT,30055,79022.0,2.41,0.63,0.0,0.0,9.4,33.4,16.95,61.65,10794.68,0.1471,1.0,Uninsured
Madison,MT,30057,61226.0,6.77,1.86,0.0,4.54,8.95,31.3,16.35,63.9,9511.09,0.1569,1.0,Uninsured
Meagher,MT,30059,55753.0,11.45,1.69,0.05,2.57,10.4,33.55,16.7,58.7,12321.99,0.2179,2.0,Uninsured
Mineral,MT,30061,56098.0,13.74,0.95,0.71,3.31,10.8,34.3,17.5,60.7,9523.16,0.2334,2.0,Poverty
Missoula,MT,30063,66840.0,11.6,0.41,0.63,3.64,8.1,25.85,17.700000000000003,63.45,9495.5,0.1113,1.0,Poverty
Musselshell,MT,30065,54875.0,11.7,1.12,0.0,3.41,10.85,34.3,17.85,55.75,11665.51,0.2264,2.0,Uninsured
Park,MT,30067,67602.0,11.36,1.0,0.19,3.29,9.2,30.65,16.85,58.25,9718.03,0.1693,1.0,Uninsured
Petroleum,MT,30069,57981.0,6.25,1.44,0.0,0.0,10.3,34.05,16.6,63.5,9200.15,0.193,1.0,Uninsured
Phillips,MT,30071,61250.0,6.85,0.28,0.0,2.27,10.4,31.95,18.35,61.95,11500.89,0.1709,1.0,Uninsured
Pondera,MT,30073,59861.0,21.25,0.99,0.05,2.36,12.05,34.3,19.9,58.75,9463.71,0.2901,3.0,Poverty
Powder River,MT,30075,60313.0,12.41,0.0,0.0,2.26,9.95,32.1,16.9,61.2,7318.2,0.1875,1.0,Poverty
Powell,MT,30077,60994.0,3.87,1.44,0.89,2.16,10.25,32.6,17.65,58.3,10818.1,0.1706,1.0,Uninsured
Prairie,MT,30079,44107.0,21.67,0.0,0.0,0.94,13.2,37.8,18.45,55.4,11765.3,0.327,3.0,Poverty
Ravalli,MT,30081,67424.0,9.74,1.74,0.32,3.82,8.85,30.2,16.55,62.1,9234.88,0.1599,1.0,Uninsured
Richland,MT,30083,67515.0,8.29,1.37,0.19,5.79,8.45,29.45,17.25,58.2,12257.43,0.1373,1.0,Uninsured
Roosevelt,MT,30085,51038.0,30.29,11.09,0.32,3.67,13.8,35.7,22.6,51.7,12208.82,0.4721,4.0,Uninsured
Rosebud,MT,30087,57656.0,20.1,6.81,0.12,5.33,12.55,37.3,20.9,54.3,10264.15,0.3724,4.0,Uninsured
Sanders,MT,30089,47110.0,16.07,3.01,0.31,3.4,11.35,34.75,18.1,55.7,8437.17,0.2773,3.0,Uninsured
Sheridan,MT,30091,67457.0,9.62,4.19,0.0,4.54,9.95,33.5,17.6,61.35,13293.99,0.2261,2.0,Uninsured
Silver Bow,MT,30093,56297.0,15.4,0.31,0.15,4.63,9.45,30.8,19.05,58.7,10241.48,0.1867,1.0,Poverty
Stillwater,MT,30095,78380.0,7.94,0.53,0.09,4.22,9.25,31.15,16.6,61.75,9374.42,0.1532,1.0,Uninsured
Sweet Grass,MT,30097,64872.0,5.92,1.57,1.54,2.3,9.3,31.8,17.0,62.95,9567.74,0.1596,1.0,Uninsured
Teton,MT,30099,65224.0,14.2,2.79,0.88,1.8,9.65,31.55,18.1,56.6,8361.47,0.2144,2.0,Uninsured
Toole,MT,30101,54040.0,9.33,2.25,1.55,4.2,10.9,32.75,19.200000000000003,55.1,8538.78,0.2162,2.0,Uninsured
Treasure,MT,30103,70096.0,9.85,0.15,0.0,4.26,10.4,34.45,16.6,61.85,12042.05,0.2016,1.0,Hypertension
Valley,MT,30105,59725.0,12.05,0.85,0.38,2.71,10.1,35.35,18.25,58.55,11404.43,0.2202,2.0,Hypertension
Wheatland,MT,30107,48272.0,22.33,6.89,2.38,2.14,11.3,34.9,19.0,57.05,12002.04,0.3451,4.0,Uninsured
Wibaux,MT,30109,58750.0,17.43,3.84,0.89,7.24,10.1,33.3,17.95,57.4,11119.82,0.2602,2.0,Uninsured
Yellowstone,MT,30111,72300.0,10.49,0.98,0.83,6.2,8.85,30.0,18.1,61.05,10205.48,0.1545,1.0,Uninsured
Adams,NE,31001,61502.0,11.44,0.71,0.7,11.65,10.85,33.5,14.5,56.4,11125.44,0.2154,2.0,Uninsured
Antelope,NE,31003,61924.0,10.89,1.33,1.03,3.59,11.25,34.65,14.45,62.8,13100.7,0.234,2.0,Uninsured
Arthur,NE,31005,66667.0,7.01,2.27,0.0,1.24,10.7,34.0,14.55,59.15,7711.38,0.2112,2.0,Uninsured
Banner,NE,31007,62375.0,7.31,0.0,0.0,5.07,11.05,34.15,13.55,61.05,9723.19,0.1971,1.0,Hypertension
Blaine,NE,31009,52083.0,11.46,0.0,0.0,0.0,11.35,35.3,14.8,60.35,10288.22,0.2299,2.0,Hypertension
Boone,NE,31011,66800.0,7.21,0.74,0.07,2.76,11.05,33.4,14.2,58.7,15040.74,0.1986,1.0,Uninsured
Box Butte,NE,31013,67893.0,11.79,1.96,3.39,13.26,11.7,33.7,14.85,59.1,12910.85,0.2452,2.0,Uninsured
Boyd,NE,31015,57120.0,11.43,0.62,0.28,3.23,12.4,37.3,14.3,60.5,11524.34,0.2681,3.0,Hypertension
Brown,NE,31017,44267.0,8.77,1.08,0.07,4.01,11.55,35.35,14.75,59.3,11270.49,0.2318,2.0,Uninsured
Buffalo,NE,31019,70093.0,11.28,1.3,0.9,9.71,9.35,31.55,14.8,56.2,12361.18,0.181,1.0,Uninsured
Burt,NE,31021,54950.0,14.01,0.58,0.45,3.59,11.4,35.85,14.75,59.95,12267.87,0.2524,2.0,Poverty
Butler,NE,31023,75690.0,7.73,1.9,0.12,4.9,10.05,31.8,14.25,58.15,11578.33,0.184,1.0,Uninsured
Cass,NE,31025,87673.0,5.54,2.32,0.16,3.84,9.7,31.85,14.0,62.9,11435.42,0.1723,1.0,Uninsured
Cedar,NE,31027,72035.0,5.3,1.35,0.14,2.34,9.85,31.9,13.9,59.35,11561.5,0.1645,1.0,Uninsured
Chase,NE,31029,57313.0,8.05,0.51,0.35,18.74,11.2,33.1,14.0,53.7,16783.11,0.2006,1.0,Uninsured
Cherry,NE,31031,62373.0,9.68,2.87,0.48,2.1,11.6,34.0,14.9,56.05,12082.34,0.2448,2.0,Uninsured
Cheyenne,NE,31033,54038.0,11.44,0.63,1.06,8.17,11.4,34.15,14.95,59.0,14412.08,0.2286,2.0,Poverty
Clay,NE,31035,73933.0,8.54,1.48,0.38,9.36,10.55,32.55,14.399999999999999,56.05,10616.0,0.1975,1.0,Uninsured
Colfax,NE,31037,71205.0,10.01,0.8,3.27,46.14,12.55,30.85,13.75,54.1,12098.71,0.2193,2.0,Diabetes
Cuming,NE,31039,68917.0,7.53,0.91,0.43,10.3,10.8,34.2,14.3,57.35,12230.48,0.2033,1.0,Uninsured
Custer,NE,31041,62288.0,11.14,1.83,0.58,3.67,10.75,34.4,14.45,58.4,13100.69,0.2299,2.0,Uninsured
Dakota,NE,31043,66112.0,11.05,1.01,7.59,39.8,12.35,30.85,14.45,55.1,10998.38,0.2228,2.0,Diabetes
Dawes,NE,31045,53760.0,11.64,0.99,2.34,5.77,10.1,31.25,15.0,56.15,9586.51,0.1901,1.0,Uninsured
Dawson,NE,31047,67462.0,14.05,2.48,7.03,34.28,12.7,33.4,14.05,54.8,14200.68,0.2757,3.0,Uninsured
Deuel,NE,31049,58875.0,7.1,0.43,0.11,11.63,11.95,36.25,14.35,59.15,11432.59,0.2308,2.0,Hypertension
Dixon,NE,31051,60568.0,9.28,2.06,0.2,15.04,11.65,33.3,14.3,54.4,11916.28,0.2308,2.0,Uninsured
Dodge,NE,31053,66793.0,8.76,0.47,0.59,15.04,10.95,31.9,14.2,58.95,11625.46,0.1906,1.0,Uninsured
Douglas,NE,31055,76083.0,10.79,1.69,10.71,13.35,9.55,30.0,14.7,60.4,11568.85,0.1747,1.0,Uninsured
Dundy,NE,31057,58977.0,12.27,1.75,0.22,1.48,12.05,36.15,14.399999999999999,56.45,17291.43,0.269,3.0,Uninsured
Fillmore,NE,31059,72335.0,6.75,0.32,0.29,3.78,10.75,33.15,14.05,64.5,12219.46,0.1854,1.0,Uninsured
Franklin,NE,31061,55625.0,14.51,0.9,0.24,2.83,12.15,37.1,15.2,58.1,15706.98,0.2796,3.0,Hypertension
Frontier,NE,31063,62928.0,11.84,2.89,1.28,3.37,10.45,33.05,14.45,60.45,12314.23,0.2288,2.0,Uninsured
Furnas,NE,31065,58895.0,10.93,0.78,0.32,4.92,11.7,35.45,14.7,61.25,14138.64,0.2422,2.0,Hypertension
Gage,NE,31067,60035.0,13.09,0.99,0.69,3.1,11.15,36.15,15.200000000000001,60.6,11671.09,0.2501,2.0,Hypertension
Garden,NE,31069,47139.0,9.45,8.55,0.0,4.16,13.0,38.3,14.850000000000001,57.65,14867.44,0.3547,4.0,Uninsured
Garfield,NE,31071,64957.0,11.62,1.25,0.49,3.22,10.45,33.35,13.7,61.65,13148.57,0.2137,2.0,Uninsured
Gosper,NE,31073,76583.0,6.41,2.51,0.27,4.32,10.7,33.45,13.850000000000001,61.85,11778.62,0.2068,1.0,Uninsured
Grant,NE,31075,65139.0,10.48,2.16,0.15,0.31,10.45,33.55,13.95,62.25,8723.94,0.2188,2.0,Uninsured
Greeley,NE,31077,52813.0,12.25,0.9,0.63,2.08,10.95,33.8,14.55,55.45,9326.43,0.2249,2.0,Poverty
Hall,NE,31079,63553.0,12.56,1.71,3.43,30.04,11.35,31.4,14.3,52.5,11412.5,0.2238,2.0,Uninsured
Hamilton,NE,31081,73254.0,5.43,0.45,0.2,3.88,9.4,31.5,14.100000000000001,59.15,11245.2,0.1457,1.0,Uninsured
Harlan,NE,31083,64583.0,7.24,0.36,0.1,3.36,11.0,34.6,14.35,62.05,15371.04,0.2028,1.0,Hypertension
Hayes,NE,31085,59405.0,14.69,0.33,0.0,6.75,12.0,35.6,14.3,60.5,8716.5,0.2614,2.0,Poverty
Hitchcock,NE,31087,49456.0,12.18,1.98,0.08,3.93,11.55,35.95,14.85,60.5,11732.11,0.2609,2.0,Uninsured
Holt,NE,31089,66325.0,9.72,0.77,0.42,5.27,11.25,32.8,14.3,62.8,12364.56,0.2097,2.0,Uninsured
Hooker,NE,31091,43333.0,7.74,0.15,1.52,0.0,11.35,35.2,14.7,60.25,8027.86,0.2133,2.0,Hypertension
Howard,NE,31093,70766.0,4.82,1.71,0.45,2.89,10.1,34.1,14.25,58.9,11550.04,0.186,1.0,Uninsured
Jefferson,NE,31095,54494.0,10.86,0.93,0.77,5.05,11.6,33.55,14.649999999999999,59.6,12822.48,0.2279,2.0,Uninsured
Johnson,NE,31097,64352.0,5.01,0.25,5.5,10.29,10.85,32.65,14.05,58.25,12781.81,0.1746,1.0,Uninsured
Kearney,NE,31099,74276.0,9.3,1.25,0.09,7.77,9.65,30.45,13.5,60.4,14393.79,0.1684,1.0,Uninsured
Keith,NE,31101,59511.0,11.78,0.45,1.43,7.72,11.25,33.75,14.05,60.05,11617.15,0.223,2.0,Poverty
Keya Paha,NE,31103,63977.0,8.61,1.11,0.1,1.82,11.95,36.2,14.05,56.25,11890.19,0.2442,2.0,Hypertension
Kimball,NE,31105,53151.0,9.81,2.0,0.21,10.52,13.05,36.1,15.2,54.15,15386.94,0.2766,3.0,Diabetes
Knox,NE,31107,61250.0,11.68,1.32,0.7,3.4,12.2,34.55,15.25,59.5,12166.33,0.253,2.0,Uninsured
Lancaster,NE,31109,70387.0,11.33,0.98,3.73,7.7,9.5,29.9,14.55,60.65,12022.41,0.1687,1.0,Uninsured
Lincoln,NE,31111,63019.0,10.71,1.2,1.22,9.65,11.55,34.5,15.25,57.0,12216.27,0.2359,2.0,Uninsured
Logan,NE,31113,69250.0,9.18,2.86,0.0,1.67,10.2,34.15,13.55,62.85,15704.14,0.2198,2.0,Uninsured
Loup,NE,31115,50000.0,7.95,0.0,0.0,11.76,11.2,34.7,13.55,60.5,6952.69,0.2066,1.0,Hypertension
McPherson,NE,31117,58250.0,7.68,0.0,0.0,0.66,11.25,35.15,14.1,59.0,17218.98,0.2095,2.0,Hypertension
Madison,NE,31119,61139.0,11.82,2.21,0.86,16.06,11.0,33.25,14.4,58.0,11329.87,0.2327,2.0,Uninsured
Merrick,NE,31121,57873.0,10.06,1.41,0.07,5.37,10.45,33.0,15.0,57.15,12716.85,0.2055,1.0,Uninsured
Morrill,NE,31123,57325.0,9.27,0.22,0.09,15.8,11.85,33.85,14.8,55.9,11845.01,0.2199,2.0,Diabetes
Nance,NE,31125,60054.0,13.25,0.48,0.56,3.48,11.25,34.25,15.5,58.8,12333.05,0.2337,2.0,Poverty
Nemaha,NE,31127,57196.0,14.26,0.9,1.61,3.05,10.8,31.7,15.350000000000001,59.25,12850.33,0.2166,2.0,Poverty
Nuckolls,NE,31129,66000.0,6.18,3.01,0.2,1.47,10.85,35.3,14.0,60.6,13589.1,0.2265,2.0,Uninsured
Otoe,NE,31131,73031.0,11.28,0.31,0.7,8.47,10.65,33.75,14.35,58.55,13468.21,0.2091,1.0,Poverty
Pawnee,NE,31133,55833.0,13.0,3.02,0.24,2.08,12.15,36.95,15.15,55.4,14001.02,0.2924,3.0,Uninsured
Perkins,NE,31135,61786.0,8.57,1.22,0.07,4.79,10.45,33.25,14.2,59.8,13569.73,0.1984,1.0,Uninsured
Phelps,NE,31137,65114.0,14.02,1.29,0.62,6.19,10.45,32.7,14.8,57.8,14318.14,0.2206,2.0,Poverty
Pierce,NE,31139,65603.0,7.79,0.58,0.27,2.29,9.75,31.6,14.45,59.9,11960.57,0.1647,1.0,Uninsured
Platte,NE,31141,69943.0,8.11,1.84,0.66,21.33,10.95,32.65,13.9,61.4,11064.43,0.2066,1.0,Uninsured
Polk,NE,31143,67695.0,7.58,2.34,0.15,6.19,10.45,33.3,14.25,60.15,13874.87,0.2052,1.0,Uninsured
Red Willow,NE,31145,58344.0,11.81,2.1,1.07,5.87,10.85,35.65,14.95,62.2,11972.57,0.2464,2.0,Uninsured
Richardson,NE,31147,50321.0,10.66,1.1,1.07,2.15,12.1,36.85,14.8,57.9,13118.28,0.2609,2.0,Hypertension
Rock,NE,31149,57566.0,8.61,1.75,0.61,0.76,10.65,33.7,13.899999999999999,62.3,13985.5,0.2105,2.0,Uninsured
Saline,NE,31151,71104.0,10.68,3.76,0.95,27.08,11.15,30.65,14.5,55.55,11277.55,0.2265,2.0,Uninsured
Sarpy,NE,31153,95911.0,5.44,0.78,4.17,10.53,9.15,29.65,13.55,62.0,11780.07,0.1314,1.0,Uninsured
Saunders,NE,31155,84474.0,6.57,0.53,0.33,2.42,9.45,32.2,13.6,63.25,11638.26,0.1577,1.0,Uninsured
Scotts Bluff,NE,31157,60137.0,12.15,1.42,0.57,24.89,11.75,34.9,14.8,54.5,11606.89,0.2511,2.0,Uninsured
Seward,NE,31159,79677.0,6.26,1.44,0.66,2.69,8.9,30.55,14.2,62.4,13061.08,0.1441,1.0,Uninsured
Sheridan,NE,31161,53609.0,10.56,2.41,1.35,6.13,11.95,36.1,14.55,58.7,11623.05,0.2655,2.0,Uninsured
Sherman,NE,31163,60194.0,10.71,0.71,0.51,2.49,11.7,35.2,14.75,59.85,11645.13,0.2386,2.0,Hypertension
Sioux,NE,31165,50833.0,17.38,6.02,0.34,4.73,13.6,38.7,15.25,59.1,12740.71,0.3798,4.0,Uninsured
Stanton,NE,31167,76035.0,6.93,0.58,0.55,6.47,10.2,31.2,14.100000000000001,58.65,9899.77,0.1654,1.0,Uninsured
Thayer,NE,31169,60305.0,9.35,1.32,0.22,2.96,11.45,34.3,14.8,58.45,17261.69,0.2276,2.0,Uninsured
Thomas,NE,31171,70069.0,6.59,1.52,1.35,3.55,9.8,32.15,13.6,61.35,10014.81,0.1732,1.0,Uninsured
Thurston,NE,31173,63459.0,18.66,4.21,0.18,7.88,13.25,35.65,17.75,53.4,16905.57,0.3399,4.0,Uninsured
Valley,NE,31175,62321.0,8.71,3.38,0.17,2.07,11.2,34.4,14.350000000000001,59.5,14313.42,0.2415,2.0,Uninsured
Washington,NE,31177,89671.0,7.87,1.1,0.43,2.95,9.6,31.5,13.55,62.6,11621.14,0.1669,1.0,Uninsured
Wayne,NE,31179,64951.0,14.24,1.05,1.46,6.81,9.85,29.45,15.4,60.6,11288.85,0.1857,1.0,Poverty
Webster,NE,31181,62571.0,7.68,0.59,0.15,5.34,11.35,33.95,14.55,59.1,10871.84,0.2083,1.0,Uninsured
Wheeler,NE,31183,59167.0,10.25,4.02,0.0,0.52,11.05,35.25,13.15,59.45,12751.03,0.2586,2.0,Uninsured
York,NE,31185,72914.0,8.74,1.48,1.13,5.27,10.25,31.8,14.9,61.45,12039.9,0.1879,1.0,Uninsured
Churchill,NV,32001,69922.0,9.7,2.03,1.9,15.22,10.75,33.25,19.450000000000003,59.15,9725.33,0.2168,2.0,Uninsured
Clark,NV,32003,69911.0,13.22,1.92,12.01,32.02,11.75,33.25,19.049999999999997,54.8,15022.6,0.2491,2.0,Uninsured
Douglas,NV,32005,84262.0,7.43,1.15,0.67,13.24,10.15,32.7,16.1,65.5,10111.87,0.1834,1.0,Uninsured
Elko,NV,32007,87755.0,10.21,1.4,0.87,25.04,10.7,31.45,18.950000000000003,55.4,9109.58,0.1991,1.0,Uninsured
Esmeralda,NV,32009,40694.0,16.02,0.51,0.2,30.31,14.9,38.95,18.55,57.9,10146.92,0.3428,4.0,Diabetes
Eureka,NV,32011,73929.0,17.57,1.73,0.06,12.39,14.2,37.95,20.799999999999997,57.45,10411.14,0.343,4.0,Diabetes
Humboldt,NV,32013,75574.0,14.18,2.0,0.76,27.89,10.8,30.5,18.6,58.8,8212.01,0.2184,2.0,Uninsured
Lander,NV,32015,92388.0,10.67,0.72,3.54,21.46,12.05,34.0,19.65,54.35,9335.96,0.2358,2.0,Diabetes
Lincoln,NV,32017,67412.0,6.39,1.29,4.53,7.32,10.3,33.2,18.1,61.0,9575.36,0.186,1.0,Uninsured
Lyon,NV,32019,70026.0,10.29,1.67,0.95,18.87,11.05,34.55,18.549999999999997,60.45,10155.81,0.2305,2.0,Uninsured
Mineral,NV,32021,46625.0,18.13,2.12,4.25,18.87,15.2,39.3,20.85,56.35,9569.54,0.3762,4.0,Diabetes
Nye,NV,32023,53602.0,14.98,2.08,2.38,16.17,13.3,37.1,19.5,54.8,13168.08,0.313,3.0,Diabetes
Pershing,NV,32027,66304.0,7.17,0.96,3.99,24.62,11.2,33.4,18.1,54.15,11866.29,0.2031,1.0,Uninsured
Storey,NV,32029,86932.0,9.06,1.59,1.98,5.42,10.3,33.0,16.35,62.4,9215.19,0.2,1.0,Uninsured
Washoe,NV,32031,81531.0,10.72,1.72,2.49,25.47,9.4,28.3,17.85,60.0,11026.83,0.1599,1.0,Uninsured
White Pine,NV,32033,71297.0,7.6,0.91,7.32,17.16,11.4,33.75,19.3,58.15,11052.0,0.2105,2.0,Uninsured
Carson City,NV,32510,67465.0,10.67,1.63,2.13,25.02,11.0,32.0,18.3,59.6,10162.76,0.2126,2.0,Uninsured
Belknap,NH,33001,80719.0,8.46,0.86,0.74,2.0,9.1,31.9,16.2,62.15,10458.65,0.1617,1.0,Uninsured
Carroll,NH,33003,77049.0,7.89,0.68,0.57,1.67,8.85,30.15,15.25,69.5,10177.39,0.1404,1.0,Uninsured
Cheshire,NH,33005,76551.0,8.53,0.64,0.67,2.17,8.5,30.6,16.55,64.45,9793.28,0.1403,1.0,Uninsured
Coos,NH,33007,55247.0,10.88,0.86,2.02,1.87,11.2,34.05,17.25,61.95,10914.16,0.2241,2.0,Uninsured
Grafton,NH,33009,79949.0,9.2,0.47,1.16,2.63,8.4,29.4,15.65,64.55,9753.32,0.1314,1.0,Uninsured
Hillsborough,NH,33011,95112.0,6.73,0.83,2.58,7.7,8.55,29.75,15.75,68.25,11036.51,0.1285,1.0,Uninsured
Merrimack,NH,33013,88806.0,6.97,0.68,1.59,2.47,8.25,29.65,16.1,65.25,10330.0,0.1223,1.0,Uninsured
Rockingham,NH,33015,110225.0,4.81,0.53,0.89,3.47,8.1,31.8,15.100000000000001,67.4,10549.27,0.1237,1.0,Uninsured
Strafford,NH,33017,83212.0,8.48,0.66,1.1,2.89,8.2,30.1,17.7,63.55,10822.59,0.1316,1.0,Uninsured
Sullivan,NH,33019,70788.0,11.51,0.72,0.75,1.87,9.8,32.6,16.7,63.15,10344.45,0.1915,1.0,Uninsured
Atlantic,NJ,34001,73113.0,12.75,0.8,13.51,19.75,11.5,33.55,16.55,60.5,13312.23,0.2338,2.0,Poverty
Bergen,NJ,34003,118714.0,6.7,0.76,5.74,21.56,8.85,30.3,14.1,60.75,13351.76,0.1367,1.0,Uninsured
Burlington,NJ,34005,102615.0,6.43,0.57,16.52,8.9,9.6,31.85,15.55,65.15,13207.3,0.1575,1.0,Uninsured
Camden,NJ,34007,82005.0,12.26,0.88,19.3,18.16,10.65,31.85,16.6,62.4,14088.96,0.2056,1.0,Poverty
Cape May,NJ,34009,83870.0,8.84,0.62,3.77,8.34,9.85,33.95,15.65,67.5,12652.02,0.1886,1.0,Uninsured
Cumberland,NJ,34011,62310.0,14.51,1.0,18.99,32.43,12.8,37.4,18.049999999999997,54.6,14409.15,0.2938,3.0,Hypertension
Essex,NJ,34013,73785.0,14.67,1.59,37.75,24.02,11.5,30.75,16.25,60.0,13812.83,0.2303,2.0,Poverty
Gloucester,NJ,34015,99668.0,7.35,0.44,10.45,7.13,9.6,34.9,16.75,64.75,13935.53,0.1825,1.0,Hypertension
Hudson,NJ,34017,86854.0,13.98,1.15,12.07,42.45,10.65,28.9,14.6,53.85,13403.99,0.195,1.0,Poverty
Hunterdon,NJ,34019,133534.0,3.63,0.41,2.57,7.28,8.1,28.65,14.05,66.8,12278.45,0.0943,1.0,Uninsured
Mercer,NJ,34021,92697.0,10.71,0.86,19.71,19.21,10.45,29.8,14.85,61.5,13284.8,0.18,1.0,Uninsured
Middlesex,NJ,34023,105206.0,8.09,0.86,10.23,22.26,10.95,31.8,14.100000000000001,61.55,13173.03,0.1906,1.0,Uninsured
Monmouth,NJ,34025,118527.0,6.31,0.87,6.59,11.26,8.8,30.3,14.25,64.1,14110.42,0.1351,1.0,Uninsured
Morris,NJ,34027,130808.0,4.87,0.74,3.38,14.12,8.2,28.75,13.5,66.5,12983.79,0.1058,1.0,Uninsured
Ocean,NJ,34029,82379.0,10.37,0.49,3.1,9.71,10.1,31.7,15.9,62.3,14859.93,0.1825,1.0,Uninsured
Passaic,NJ,34031,84465.0,13.27,1.48,10.74,43.17,11.95,31.05,16.15,54.05,13282.19,0.2325,2.0,Uninsured
Salem,NJ,34033,73378.0,12.76,0.3,14.64,10.33,10.8,34.85,17.65,61.2,13637.19,0.2264,2.0,Poverty
Somerset,NJ,34035,131948.0,5.25,0.85,9.59,15.5,9.3,28.6,13.05,61.95,12148.25,0.1262,1.0,Uninsured
Sussex,NJ,34037,111094.0,5.49,0.56,2.2,9.9,8.55,30.8,15.5,63.8,12552.07,0.1276,1.0,Uninsured
Union,NJ,34039,95000.0,8.76,1.68,20.66,33.08,10.9,32.25,15.35,59.25,12461.63,0.2043,1.0,Uninsured
Warren,NJ,34041,92620.0,7.63,0.71,5.16,10.96,9.0,31.8,16.0,63.85,12781.1,0.1539,1.0,Uninsured
Bernalillo,NM,35001,62220.0,16.21,1.09,2.87,50.74,10.9,31.95,16.1,56.4,10215.28,0.2311,2.0,Poverty
Catron,NM,35003,44777.0,20.8,0.0,0.47,15.49,14.15,39.2,16.4,57.5,7110.47,0.3491,4.0,Poverty
Chaves,NM,35005,49673.0,20.9,1.59,1.56,59.05,13.6,35.6,17.65,50.9,10344.61,0.33,3.0,Poverty
Cibola,NM,35006,49866.0,25.96,0.58,1.47,38.44,15.6,35.15,19.15,51.55,10438.86,0.3743,4.0,Poverty
Colfax,NM,35007,46286.0,17.22,1.09,0.78,49.18,13.45,34.8,15.7,55.85,7637.98,0.2996,3.0,Poverty
Curry,NM,35009,55427.0,18.86,1.35,5.64,44.44,12.2,32.6,18.200000000000003,51.1,12580.22,0.2728,3.0,Poverty
De Baca,NM,35011,34702.0,16.11,1.0,0.06,63.48,13.1,35.7,16.7,55.55,9782.56,0.2941,3.0,Poverty
DoÃ±a Ana,NM,35013,51232.0,22.16,1.3,1.86,68.95,13.4,31.95,16.05,51.5,11146.24,0.3033,3.0,Poverty
Eddy,NM,35015,77458.0,11.64,1.61,1.5,51.5,11.15,31.35,16.9,53.85,12190.87,0.2148,2.0,Uninsured
Grant,NM,35017,44895.0,19.77,0.12,0.91,50.13,13.65,34.85,15.75,57.0,10101.06,0.3057,3.0,Poverty
Guadalupe,NM,35019,38713.0,18.15,0.88,1.97,75.25,15.4,35.15,15.75,52.1,8977.0,0.3374,4.0,Diabetes
Harding,NM,35021,39489.0,14.31,0.0,0.15,42.92,16.0,40.0,15.8,58.8,10168.24,0.3559,4.0,Diabetes
Hidalgo,NM,35023,53651.0,22.57,0.82,0.17,59.35,14.5,35.6,16.75,52.65,8936.96,0.3455,4.0,Poverty
Lea,NM,35025,65855.0,17.18,2.62,4.21,61.54,12.05,32.5,17.55,49.9,12880.06,0.2742,3.0,Poverty
Lincoln,NM,35027,47919.0,15.53,0.68,1.81,34.33,12.15,35.7,15.65,56.8,10007.73,0.2721,3.0,Poverty
Los Alamos,NM,35028,135801.0,3.69,1.01,1.16,18.31,7.35,26.15,12.55,62.65,8642.24,0.0698,1.0,Uninsured
Luna,NM,35029,38241.0,22.9,0.94,1.9,68.81,16.35,36.6,18.25,48.9,10871.58,0.3868,4.0,Diabetes
McKinley,NM,35031,44029.0,33.23,3.46,0.54,14.65,18.45,37.5,23.5,42.65,11389.24,0.5021,4.0,Poverty
Mora,NM,35033,40231.0,21.65,0.74,0.0,81.44,15.6,35.35,13.899999999999999,54.8,8550.65,0.3572,4.0,Diabetes
Otero,NM,35035,50833.0,18.36,0.97,3.71,38.96,12.25,33.3,17.3,51.35,11089.02,0.2726,3.0,Poverty
Quay,NM,35037,38998.0,24.23,2.31,2.62,46.11,14.95,37.5,17.2,53.6,12625.73,0.3893,4.0,Poverty
Rio Arriba,NM,35039,52031.0,21.65,1.09,0.63,71.27,15.45,33.65,16.65,50.85,8611.2,0.3459,4.0,Diabetes
Roosevelt,NM,35041,52644.0,19.31,1.08,1.95,44.05,11.6,31.2,18.1,51.45,12104.64,0.2519,2.0,Poverty
Sandoval,NM,35043,76424.0,10.01,0.96,2.27,40.61,10.75,31.65,15.950000000000001,58.55,10319.56,0.1961,1.0,Uninsured
San Juan,NM,35045,50734.0,24.19,2.3,0.75,21.65,13.65,32.65,19.9,51.95,10935.3,0.332,3.0,Poverty
San Miguel,NM,35047,43490.0,22.38,0.09,1.37,78.02,15.2,33.65,15.4,52.85,8940.98,0.3352,3.0,Poverty
Santa Fe,NM,35049,70522.0,12.14,1.23,1.03,50.8,10.95,29.25,14.05,59.85,8819.35,0.1948,1.0,Uninsured
Sierra,NM,35051,35256.0,24.63,0.21,0.26,32.13,15.05,39.25,17.05,53.9,10675.37,0.3847,4.0,Poverty
Socorro,NM,35053,40699.0,29.25,0.49,0.91,50.31,14.45,34.35,17.85,51.5,10273.6,0.3636,4.0,Poverty
Taos,NM,35055,55145.0,14.76,0.86,0.14,56.78,12.95,33.2,14.65,57.4,8590.83,0.2658,3.0,Diabetes
Torrance,NM,35057,50727.0,21.17,0.94,2.24,44.73,14.75,36.5,18.1,52.35,8995.79,0.3509,4.0,Poverty
Union,NM,35059,41714.0,15.68,0.74,1.23,42.17,13.25,35.2,16.8,48.1,10712.97,0.2884,3.0,Diabetes
Valencia,NM,35061,56246.0,17.35,1.09,1.46,61.12,13.5,33.1,16.6,54.45,9444.4,0.2888,3.0,Poverty
Albany,NY,36001,78829.0,11.94,0.23,12.21,6.54,8.8,30.75,15.600000000000001,68.35,11356.65,0.1584,1.0,Poverty
Allegany,NY,36003,58725.0,15.32,1.81,1.66,1.88,10.3,33.75,18.0,63.35,10384.47,0.2369,2.0,Poverty
Bronx,NY,36005,47036.0,26.32,0.63,34.07,56.4,15.45,35.55,16.65,60.05,14887.41,0.3769,4.0,Poverty
Broome,NY,36007,58317.0,18.14,0.44,5.45,4.75,10.2,33.35,17.1,64.35,11164.39,0.2319,2.0,Poverty
Cattaraugus,NY,36009,56889.0,16.9,1.72,1.55,2.37,10.85,35.2,18.35,64.9,10209.67,0.2631,2.0,Poverty
Cayuga,NY,36011,63227.0,12.79,0.66,3.45,3.19,10.55,33.9,17.450000000000003,64.85,11692.45,0.219,2.0,Poverty
Chautauqua,NY,36013,54625.0,16.88,1.39,2.63,8.11,11.3,34.45,17.549999999999997,65.3,11148.62,0.262,2.0,Poverty
Chemung,NY,36015,61358.0,14.5,0.69,5.35,3.44,10.4,34.2,17.85,64.55,11523.47,0.2269,2.0,Poverty
Chenango,NY,36017,61741.0,12.2,0.58,0.79,2.39,10.8,33.65,17.9,64.6,11260.26,0.2179,2.0,Poverty
Clinton,NY,36019,67097.0,12.01,0.35,3.56,2.93,9.9,32.3,18.15,64.45,10544.41,0.1897,1.0,Poverty
Columbia,NY,36021,81741.0,10.02,0.56,3.35,5.43,10.15,32.8,15.450000000000001,67.6,10836.72,0.1903,1.0,Uninsured
Cortland,NY,36023,65029.0,11.92,0.56,2.13,3.01,8.95,30.55,18.049999999999997,63.45,10811.54,0.1626,1.0,Poverty
Delaware,NY,36025,58338.0,14.1,0.55,1.38,4.32,10.85,35.7,17.200000000000003,64.45,11206.76,0.2421,2.0,Poverty
Dutchess,NY,36027,94578.0,8.15,0.36,10.6,13.54,9.1,31.3,15.350000000000001,67.5,12568.38,0.151,1.0,Uninsured
Erie,NY,36029,68014.0,13.42,0.29,12.91,5.96,9.95,31.0,16.5,64.25,11180.99,0.1872,1.0,Poverty
Essex,NY,36031,68090.0,9.84,0.22,2.62,2.86,10.15,33.7,16.3,66.1,10342.85,0.1926,1.0,Uninsured
Franklin,NY,36033,60270.0,16.26,1.53,3.49,3.0,11.1,34.0,18.0,62.0,10524.67,0.2539,2.0,Poverty
Fulton,NY,36035,60557.0,13.66,0.33,1.56,3.89,10.8,35.3,18.25,65.55,12063.27,0.2341,2.0,Poverty
Genesee,NY,36037,68178.0,10.26,0.19,2.04,3.52,9.6,32.45,17.15,66.9,12496.02,0.1759,1.0,Poverty
Greene,NY,36039,70294.0,9.81,0.46,5.23,6.53,10.3,33.15,16.45,60.9,10365.64,0.1934,1.0,Uninsured
Hamilton,NY,36041,66891.0,10.63,0.1,1.14,2.0,10.95,35.5,16.25,68.9,9600.25,0.2217,2.0,Hypertension
Herkimer,NY,36043,68104.0,11.84,0.87,1.16,2.49,10.05,33.25,17.5,67.85,11520.68,0.2035,1.0,Uninsured
Jefferson,NY,36045,62782.0,12.18,0.95,5.86,7.94,9.85,30.55,17.5,65.75,10224.55,0.183,1.0,Poverty
Kings,NY,36047,74692.0,18.79,0.5,29.99,18.9,11.55,29.6,15.399999999999999,60.85,15437.76,0.2314,2.0,Poverty
Lewis,NY,36049,64401.0,12.96,0.94,1.09,1.64,10.5,33.25,17.700000000000003,63.45,10256.21,0.217,2.0,Poverty
Livingston,NY,36051,70443.0,10.76,0.7,2.23,3.9,9.3,31.8,16.8,66.0,10905.98,0.1736,1.0,Uninsured
Madison,NY,36053,68869.0,8.76,0.69,1.68,2.49,9.3,31.4,17.0,67.2,10591.41,0.1612,1.0,Uninsured
Monroe,NY,36055,71450.0,13.02,0.39,14.93,9.55,10.4,31.9,15.75,67.5,13114.57,0.2004,1.0,Poverty
Montgomery,NY,36057,58033.0,14.88,2.07,3.18,15.42,10.5,32.9,17.450000000000003,64.35,12176.87,0.2346,2.0,Uninsured
Nassau,NY,36059,137709.0,5.31,0.5,11.59,17.54,9.2,29.6,13.7,65.9,14277.62,0.1285,1.0,Uninsured
New York,NY,36061,99880.0,15.35,0.31,14.01,26.02,8.65,26.5,14.65,65.7,13739.18,0.1419,1.0,Poverty
Niagara,NY,36063,65882.0,12.74,0.25,6.62,3.55,10.1,34.2,17.0,66.95,11112.4,0.2092,1.0,Poverty
Oneida,NY,36065,66402.0,13.79,0.5,6.02,6.46,10.5,34.2,17.35,64.75,11355.43,0.2234,2.0,Poverty
Onondaga,NY,36067,71479.0,13.34,0.44,11.05,5.41,10.1,33.75,17.0,67.6,11674.69,0.2107,2.0,Poverty
Ontario,NY,36069,76603.0,8.73,0.49,2.19,5.21,9.3,31.15,16.0,68.95,10789.9,0.1573,1.0,Uninsured
Orange,NY,36071,91806.0,12.73,0.54,11.46,22.3,10.65,30.75,16.25,62.35,12299.85,0.1965,1.0,Poverty
Orleans,NY,36073,61069.0,11.96,1.06,5.4,5.29,10.5,33.0,17.95,63.1,11282.23,0.2117,2.0,Uninsured
Oswego,NY,36075,65054.0,16.37,0.67,1.06,2.88,10.3,33.25,18.55,65.55,11804.32,0.2269,2.0,Poverty
Otsego,NY,36077,65778.0,11.88,1.07,2.2,4.2,9.6,30.8,17.75,66.6,10805.81,0.1803,1.0,Uninsured
Putnam,NY,36079,120970.0,6.26,0.48,3.43,17.25,8.7,27.95,14.3,70.35,11714.2,0.1124,1.0,Uninsured
Queens,NY,36081,82431.0,11.56,0.61,17.69,28.03,13.25,31.7,14.0,60.25,13965.36,0.2426,2.0,Diabetes
Rensselaer,NY,36083,83734.0,11.05,0.27,6.68,5.44,9.2,30.45,16.45,67.05,11322.45,0.1592,1.0,Poverty
Richmond,NY,36085,96185.0,10.26,0.4,9.87,18.75,11.0,32.2,15.05,66.45,13499.76,0.2,1.0,Uninsured
Rockland,NY,36087,106173.0,14.88,0.56,11.47,18.65,10.6,30.7,15.4,64.0,13840.31,0.2055,1.0,Poverty
St. Lawrence,NY,36089,58339.0,15.34,2.22,2.23,2.37,11.05,34.85,18.7,64.45,10545.93,0.2617,2.0,Uninsured
Saratoga,NY,36091,97038.0,6.45,0.27,1.65,3.52,8.6,29.8,15.4,71.05,10506.88,0.1229,1.0,Uninsured
Schenectady,NY,36093,75056.0,11.3,0.47,10.54,7.71,9.55,31.4,16.200000000000003,66.2,11037.14,0.1752,1.0,Poverty
Schoharie,NY,36095,71479.0,9.69,0.44,1.75,3.7,10.0,33.6,17.0,67.35,10762.47,0.1908,1.0,Uninsured
Schuyler,NY,36097,61316.0,15.58,1.18,0.95,1.9,10.75,34.0,17.25,64.95,9913.99,0.2413,2.0,Poverty
Seneca,NY,36099,64050.0,12.31,2.95,4.45,3.82,10.35,33.5,17.65,65.5,10832.06,0.2331,2.0,Uninsured
Steuben,NY,36101,62506.0,13.24,1.22,1.54,1.79,10.25,32.75,17.25,63.35,10827.43,0.2132,2.0,Poverty
Suffolk,NY,36103,122498.0,6.38,0.62,7.61,20.56,9.15,29.65,14.9,64.7,14453.81,0.1342,1.0,Uninsured
Sullivan,NY,36105,67841.0,14.24,1.37,8.42,17.36,11.05,33.4,16.299999999999997,60.0,13004.47,0.2377,2.0,Poverty
Tioga,NY,36107,70427.0,10.03,0.22,1.15,2.16,9.95,33.55,16.95,65.95,10561.15,0.189,1.0,Uninsured
Tompkins,NY,36109,69995.0,13.88,0.53,4.05,5.38,7.9,27.0,15.950000000000001,70.8,10084.72,0.1281,1.0,Poverty
Ulster,NY,36111,77197.0,14.13,0.31,6.05,11.06,9.85,34.35,15.9,64.65,12167.46,0.2132,2.0,Poverty
Warren,NY,36113,74531.0,8.54,0.26,1.38,2.91,9.75,32.25,16.3,69.7,10310.92,0.1697,1.0,Uninsured
Washington,NY,36115,68703.0,10.83,0.95,2.6,2.96,9.9,33.1,17.25,60.6,10116.0,0.1959,1.0,Uninsured
Wayne,NY,36117,71007.0,10.9,1.74,2.42,4.78,9.9,31.0,16.950000000000003,66.35,12124.59,0.1889,1.0,Uninsured
Westchester,NY,36119,114651.0,8.36,0.48,14.58,25.77,9.65,27.75,13.8,65.75,13275.37,0.1369,1.0,Uninsured
Wyoming,NY,36121,65066.0,10.01,0.78,3.65,3.35,10.1,34.0,17.25,66.1,11168.67,0.2003,1.0,Uninsured
Yates,NY,36123,63974.0,13.54,7.51,0.54,2.2,10.25,32.75,17.6,67.25,9781.55,0.2769,3.0,Uninsured
Alamance,NC,37001,60866.0,13.83,1.1,19.63,13.51,11.45,34.95,17.6,63.5,11378.98,0.251,2.0,Poverty
Alexander,NC,37003,62764.0,11.77,0.65,4.37,5.13,11.4,36.3,18.3,62.8,12722.42,0.2458,2.0,Hypertension
Alleghany,NC,37005,42115.0,19.36,0.55,1.93,10.04,13.6,39.8,17.85,61.5,11260.7,0.3429,4.0,Poverty
Anson,NC,37007,42000.0,17.63,1.17,47.98,4.56,15.9,44.3,19.549999999999997,60.25,11683.54,0.4124,4.0,Hypertension
Ashe,NC,37009,49176.0,13.95,0.77,0.98,5.25,11.95,38.2,17.549999999999997,63.6,10255.56,0.2802,3.0,Hypertension
Avery,NC,37011,53513.0,9.35,1.51,3.64,5.11,11.55,36.85,17.6,62.9,11286.47,0.2496,2.0,Hypertension
Beaufort,NC,37013,56081.0,16.83,1.12,23.14,8.35,13.5,40.6,17.7,64.85,11319.09,0.3408,4.0,Hypertension
Bertie,NC,37015,41652.0,19.64,1.19,61.66,1.45,17.1,46.35,18.55,59.9,12120.66,0.4571,4.0,Hypertension
Bladen,NC,37017,40476.0,24.12,0.82,33.74,8.09,14.65,42.6,18.45,61.25,13218.2,0.4058,4.0,Poverty
Brunswick,NC,37019,71193.0,9.0,0.88,8.62,5.09,11.2,35.85,15.6,70.25,10503.87,0.2285,2.0,Hypertension
Buncombe,NC,37021,66531.0,10.96,1.05,5.6,7.09,9.9,33.65,15.950000000000001,63.5,10594.28,0.2015,1.0,Uninsured
Burke,NC,37023,53732.0,16.46,0.67,5.9,6.67,12.35,37.25,18.15,61.75,11592.18,0.2909,3.0,Poverty
Cabarrus,NC,37025,83828.0,8.33,1.11,18.94,11.32,10.35,33.7,16.4,62.65,12092.67,0.1978,1.0,Uninsured
Caldwell,NC,37027,52362.0,13.07,0.91,4.33,6.15,11.75,36.65,18.450000000000003,62.45,12415.83,0.2629,2.0,Hypertension
Camden,NC,37029,79120.0,5.87,0.07,8.07,3.71,9.75,33.3,16.65,67.35,11576.81,0.1629,1.0,Uninsured
Carteret,NC,37031,66965.0,9.49,1.25,4.26,4.54,10.6,35.9,15.95,69.65,10558.83,0.2247,2.0,Hypertension
Caswell,NC,37033,56999.0,14.45,1.34,32.0,4.79,13.75,40.65,18.15,62.3,10601.99,0.3364,4.0,Hypertension
Catawba,NC,37035,62070.0,12.8,2.15,8.1,10.35,11.1,35.05,17.299999999999997,60.2,11686.7,0.2514,2.0,Uninsured
Chatham,NC,37037,84222.0,10.26,1.17,10.79,12.16,11.15,35.6,14.850000000000001,64.2,10225.35,0.2346,2.0,Hypertension
Cherokee,NC,37039,49254.0,16.52,1.22,1.45,3.71,12.65,39.05,17.4,63.8,9944.39,0.3147,3.0,Hypertension
Chowan,NC,37041,51188.0,20.51,0.0,33.52,3.69,14.75,42.7,18.0,63.95,11499.5,0.3832,4.0,Hypertension
Clay,NC,37043,57065.0,13.35,0.77,1.01,3.86,11.8,38.2,16.45,65.1,9549.22,0.2749,3.0,Hypertension
Cleveland,NC,37045,50723.0,18.01,1.05,20.21,4.13,12.4,38.7,18.450000000000003,59.1,12041.05,0.3132,3.0,Poverty
Columbus,NC,37047,43206.0,19.97,1.46,28.63,5.89,14.2,41.9,19.05,58.95,13162.04,0.38,4.0,Hypertension
Craven,NC,37049,61676.0,13.36,1.59,20.99,7.77,11.5,37.2,17.35,65.7,10842.48,0.2708,3.0,Hypertension
Cumberland,NC,37051,55551.0,16.67,1.16,37.19,12.53,12.4,38.25,18.299999999999997,65.85,10790.0,0.3048,3.0,Hypertension
Currituck,NC,37053,82793.0,8.42,2.85,5.57,4.75,9.65,32.65,16.450000000000003,65.85,10742.9,0.196,1.0,Uninsured
Dare,NC,37055,79742.0,6.45,2.14,3.13,7.56,9.65,33.85,15.25,66.2,10367.32,0.1884,1.0,Uninsured
Davidson,NC,37057,58473.0,13.77,0.98,9.64,7.84,11.5,36.0,18.2,62.55,11223.69,0.258,2.0,Poverty
Davie,NC,37059,69105.0,11.52,1.37,4.14,7.34,10.65,35.6,16.700000000000003,62.85,11512.9,0.234,2.0,Uninsured
Duplin,NC,37061,49376.0,18.3,2.63,21.49,23.21,14.1,40.1,18.05,60.85,12204.64,0.3691,4.0,Hypertension
Durham,NC,37063,74927.0,11.75,1.5,34.29,13.78,10.45,32.85,15.25,64.6,11167.68,0.2132,2.0,Uninsured
Edgecombe,NC,37065,46370.0,21.71,1.23,56.24,5.4,16.1,44.55,19.049999999999997,61.95,12573.13,0.4372,4.0,Hypertension
Forsyth,NC,37067,61229.0,14.79,0.98,25.8,13.66,11.7,35.2,16.75,64.7,11793.38,0.2604,2.0,Poverty
Franklin,NC,37069,70493.0,9.49,1.19,23.92,9.38,11.75,36.5,17.35,62.2,11188.08,0.2479,2.0,Hypertension
Gaston,NC,37071,62628.0,12.21,1.19,17.19,8.03,11.5,35.4,17.85,62.0,12422.12,0.2484,2.0,Uninsured
Gates,NC,37073,55750.0,14.1,0.26,31.5,3.21,13.75,40.55,18.4,62.85,12137.5,0.3234,3.0,Hypertension
Graham,NC,37075,46010.0,11.11,3.09,0.48,4.13,11.45,36.65,18.0,63.55,10859.33,0.2703,3.0,Uninsured
Granville,NC,37077,68079.0,13.48,1.36,29.17,9.33,12.45,38.4,17.55,63.65,10966.78,0.2938,3.0,Hypertension
Greene,NC,37079,50320.0,19.68,2.7,32.3,15.89,15.1,41.65,19.0,58.85,11626.33,0.4044,4.0,Hypertension
Guilford,NC,37081,62880.0,14.47,0.99,34.25,8.61,11.7,36.0,17.05,62.25,11078.16,0.2647,2.0,Poverty
Halifax,NC,37083,41629.0,23.27,1.45,51.63,3.26,17.3,46.3,19.4,59.1,12640.79,0.4796,4.0,Hypertension
Harnett,NC,37085,64992.0,14.02,0.97,20.76,13.72,11.45,37.1,18.200000000000003,64.45,12235.18,0.2661,3.0,Hypertension
Haywood,NC,37087,56596.0,11.97,1.2,0.83,4.52,10.8,36.2,17.0,65.4,11099.35,0.2413,2.0,Hypertension
Henderson,NC,37089,65508.0,11.24,1.38,3.39,10.57,10.8,34.6,16.05,63.5,11178.59,0.2282,2.0,Uninsured
Hertford,NC,37091,46196.0,18.3,1.05,58.35,4.64,17.05,45.15,19.049999999999997,63.3,12961.55,0.4399,4.0,Diabetes
Hoke,NC,37093,57141.0,16.8,1.47,33.48,14.75,13.25,38.2,18.95,60.55,10325.23,0.3225,3.0,Hypertension
Hyde,NC,37095,43724.0,26.08,0.65,28.58,12.36,15.15,43.1,18.1,57.4,12462.91,0.4253,4.0,Poverty
Iredell,NC,37097,73103.0,9.32,1.16,11.68,8.28,9.85,34.4,16.4,62.7,11796.78,0.1995,1.0,Uninsured
Jackson,NC,37099,51482.0,17.64,1.85,2.07,6.53,11.5,34.5,18.65,60.0,11445.82,0.2739,3.0,Poverty
Johnston,NC,37101,75288.0,10.58,1.57,16.52,14.5,11.05,34.0,17.15,63.3,11909.55,0.2269,2.0,Uninsured
Jones,NC,37103,53053.0,17.51,1.1,27.71,5.71,14.85,42.25,18.75,63.25,11948.23,0.3785,4.0,Hypertension
Lee,NC,37105,60941.0,15.63,1.39,18.96,19.97,12.6,36.5,18.0,62.0,11394.83,0.293,3.0,Poverty
Lenoir,NC,37107,43063.0,21.96,0.74,40.16,8.27,15.95,43.7,19.4,61.2,11957.99,0.4249,4.0,Hypertension
Lincoln,NC,37109,75672.0,9.17,1.13,5.59,7.55,10.3,34.75,16.9,63.3,12049.31,0.2086,1.0,Uninsured
McDowell,NC,37111,53532.0,14.48,0.86,3.63,6.46,11.65,36.7,18.25,63.75,12109.77,0.2677,3.0,Hypertension
Macon,NC,37113,51042.0,15.26,2.3,1.03,7.87,12.1,38.55,17.200000000000003,65.75,10716.61,0.3066,3.0,Hypertension
Madison,NC,37115,56664.0,11.98,0.43,1.14,2.67,10.35,35.3,17.15,62.95,11418.6,0.2196,2.0,Hypertension
Martin,NC,37117,44799.0,20.12,0.8,41.7,4.36,15.45,43.15,18.8,63.0,11743.04,0.4044,4.0,Hypertension
Mecklenburg,NC,37119,79265.0,10.38,1.78,31.32,13.94,10.1,31.15,15.649999999999999,61.55,11515.23,0.1913,1.0,Uninsured
Mitchell,NC,37121,55534.0,13.07,0.76,0.8,6.01,11.1,36.2,17.299999999999997,67.4,10783.42,0.2472,2.0,Hypertension
Montgomery,NC,37123,55523.0,15.62,1.51,17.24,15.91,13.45,39.4,18.0,62.75,10989.6,0.3295,3.0,Hypertension
Moore,NC,37125,77981.0,9.31,1.33,10.29,7.33,10.2,34.8,15.65,65.25,10893.03,0.2099,2.0,Uninsured
Nash,NC,37127,56770.0,14.23,1.55,40.47,7.5,13.65,39.95,17.9,62.0,11814.62,0.3307,3.0,Hypertension
New Hanover,NC,37129,67515.0,12.36,1.42,12.12,6.07,9.9,33.2,16.700000000000003,67.1,11355.95,0.2084,1.0,Uninsured
Northampton,NC,37131,45698.0,17.87,1.29,53.96,2.64,17.25,46.55,18.15,63.55,12899.51,0.4538,4.0,Hypertension
Onslow,NC,37133,59976.0,11.45,1.03,13.92,13.29,9.65,31.45,18.35,63.65,10110.93,0.1835,1.0,Uninsured
Orange,NC,37135,85785.0,11.31,0.56,10.93,8.73,9.15,30.0,15.3,68.25,10494.91,0.1592,1.0,Poverty
Pamlico,NC,37137,55867.0,12.89,0.56,19.29,4.49,12.8,40.5,16.5,64.2,10119.38,0.3042,3.0,Hypertension
Pasquotank,NC,37139,61411.0,10.8,1.75,35.5,6.18,12.15,37.6,17.55,63.6,12268.17,0.2743,3.0,Hypertension
Pender,NC,37141,74538.0,11.45,1.92,13.27,7.8,10.75,34.85,17.15,63.7,10348.01,0.2354,2.0,Uninsured
Perquimans,NC,37143,59401.0,13.21,2.21,22.81,3.18,13.0,39.9,17.35,67.2,11885.58,0.3211,3.0,Hypertension
Person,NC,37145,60688.0,17.03,0.6,25.52,4.88,13.25,39.95,18.15,63.7,10543.19,0.3276,3.0,Hypertension
Pitt,NC,37147,54915.0,19.26,1.08,35.12,6.74,12.0,35.1,18.1,65.0,11995.28,0.2866,3.0,Poverty
Polk,NC,37149,60465.0,10.83,0.74,4.85,5.95,11.75,37.95,16.15,66.7,10802.47,0.2602,2.0,Hypertension
Randolph,NC,37151,56423.0,14.55,1.03,5.65,12.35,12.05,36.7,18.5,62.3,11164.06,0.2765,3.0,Hypertension
Richmond,NC,37153,42354.0,22.32,0.48,31.92,7.15,15.1,41.7,19.700000000000003,60.75,11425.79,0.3951,4.0,Poverty
Robeson,NC,37155,39393.0,26.3,1.42,23.63,9.36,17.4,44.25,20.5,57.8,12173.88,0.4804,4.0,Diabetes
Rockingham,NC,37157,50737.0,18.43,0.59,17.63,6.48,12.9,39.2,18.75,63.0,11957.06,0.3227,3.0,Poverty
Rowan,NC,37159,59717.0,15.94,1.31,16.01,9.77,11.75,35.75,18.05,60.55,11981.01,0.2738,3.0,Poverty
Rutherford,NC,37161,50512.0,18.02,1.13,8.63,5.02,12.75,38.25,18.7,64.0,10999.45,0.3168,3.0,Poverty
Sampson,NC,37163,49963.0,21.85,1.58,25.17,21.01,14.3,40.3,18.700000000000003,58.3,12231.49,0.3802,4.0,Poverty
Scotland,NC,37165,41948.0,24.43,0.78,38.95,3.61,16.3,44.35,20.2,57.75,11883.94,0.4474,4.0,Hypertension
Stanly,NC,37167,60634.0,13.34,1.45,11.31,4.77,11.6,36.15,18.200000000000003,61.3,11905.69,0.2634,2.0,Hypertension
Stokes,NC,37169,57539.0,11.82,0.37,4.35,3.59,11.55,37.25,17.95,64.45,12102.02,0.2527,2.0,Hypertension
Surry,NC,37171,52743.0,17.66,1.69,3.77,11.5,12.25,37.25,18.549999999999997,61.75,12591.58,0.3049,3.0,Poverty
Swain,NC,37173,52818.0,19.44,5.39,1.2,6.89,13.85,39.1,19.95,59.2,12103.69,0.3903,4.0,Uninsured
Transylvania,NC,37175,62056.0,12.99,1.7,4.46,3.47,10.9,37.15,15.95,65.35,10746.28,0.2596,2.0,Hypertension
Tyrrell,NC,37177,55341.0,12.69,0.47,32.99,8.59,15.4,42.25,18.1,62.25,11719.11,0.3591,4.0,Hypertension
Union,NC,37179,95533.0,6.72,1.53,11.39,11.79,9.9,32.3,16.1,64.25,11290.15,0.1767,1.0,Uninsured
Vance,NC,37181,48340.0,18.5,1.83,48.88,8.52,15.35,42.55,18.8,62.8,12305.27,0.401,4.0,Hypertension
Wake,NC,37183,96734.0,8.03,1.23,19.67,10.42,9.25,31.7,14.8,65.0,11309.47,0.1645,1.0,Uninsured
Warren,NC,37185,42282.0,20.31,0.95,47.75,4.21,17.4,45.95,18.5,61.8,9794.46,0.46,4.0,Hypertension
Washington,NC,37187,38927.0,21.3,0.19,48.28,6.19,17.7,46.9,19.2,61.75,11189.79,0.4691,4.0,Hypertension
Watauga,NC,37189,50034.0,22.35,0.8,1.8,3.97,10.15,32.55,18.65,63.75,10469.13,0.2485,2.0,Poverty
Wayne,NC,37191,54323.0,17.52,0.89,30.67,12.71,13.35,39.55,18.299999999999997,60.35,12105.97,0.3316,3.0,Hypertension
Wilkes,NC,37193,49119.0,16.86,0.84,3.7,7.0,12.3,37.95,18.5,60.7,12874.27,0.2987,3.0,Poverty
Wilson,NC,37195,49827.0,19.98,1.29,39.63,11.17,15.4,42.25,18.75,58.0,11963.95,0.4013,4.0,Hypertension
Yadkin,NC,37197,57486.0,13.69,1.41,3.19,11.59,11.85,37.35,18.15,62.05,13372.34,0.2775,3.0,Hypertension
Yancey,NC,37199,53103.0,15.16,0.39,0.44,5.4,11.85,37.15,17.8,62.4,10774.94,0.2729,3.0,Hypertension
Adams,ND,38001,57950.0,12.97,2.65,0.5,3.79,11.95,36.1,14.6,63.3,9494.71,0.2791,3.0,Uninsured
Barnes,ND,38003,64447.0,12.28,1.0,1.86,2.34,10.25,33.15,14.3,62.35,10902.44,0.2095,2.0,Uninsured
Benson,ND,38005,63220.0,27.08,2.3,0.25,1.36,14.4,38.45,17.8,55.1,11656.35,0.4001,4.0,Poverty
Billings,ND,38007,74000.0,10.97,1.31,0.0,1.43,10.65,34.65,13.649999999999999,65.5,7753.85,0.224,2.0,Uninsured
Bottineau,ND,38009,80113.0,7.78,2.06,0.48,2.5,10.3,34.7,14.0,62.4,10152.27,0.211,2.0,Uninsured
Bowman,ND,38011,79709.0,10.42,4.91,0.0,5.45,9.95,32.85,14.1,62.55,11899.82,0.2322,2.0,Uninsured
Burke,ND,38013,94583.0,6.5,0.73,0.69,1.05,9.65,33.45,13.75,63.15,10051.23,0.1718,1.0,Uninsured
Burleigh,ND,38015,82141.0,7.65,0.99,1.94,2.87,8.7,29.2,13.45,66.05,10764.71,0.133,1.0,Uninsured
Cass,ND,38017,73249.0,10.51,1.13,6.45,3.0,8.2,28.4,13.7,61.95,11571.35,0.1335,1.0,Uninsured
Cavalier,ND,38019,61174.0,9.7,0.92,0.0,0.89,10.0,34.85,13.600000000000001,63.25,12494.48,0.2047,1.0,Uninsured
Dickey,ND,38021,60250.0,8.65,2.2,0.22,4.8,10.2,32.8,14.8,61.4,13809.22,0.201,1.0,Uninsured
Divide,ND,38023,95938.0,6.38,1.55,3.19,5.47,10.8,34.25,14.399999999999999,63.25,13747.41,0.2046,1.0,Uninsured
Dunn,ND,38025,91758.0,6.67,8.79,0.74,6.25,10.45,32.75,14.75,62.65,10446.6,0.2609,2.0,Uninsured
Eddy,ND,38027,50375.0,11.73,0.77,0.0,2.69,11.85,35.35,15.05,60.9,11656.67,0.2476,2.0,Hypertension
Emmons,ND,38029,63750.0,6.58,2.61,0.18,1.46,11.35,35.65,14.45,65.75,10349.16,0.2355,2.0,Uninsured
Foster,ND,38031,78426.0,8.09,1.06,0.47,0.56,10.25,33.9,14.1,64.85,11024.76,0.1959,1.0,Uninsured
Golden Valley,ND,38033,84750.0,12.4,0.29,0.17,5.31,11.75,36.4,15.1,61.6,10311.78,0.2519,2.0,Hypertension
Grand Forks,ND,38035,64698.0,13.31,0.66,3.78,4.77,9.45,29.25,15.05,61.55,12776.84,0.1692,1.0,Poverty
Grant,ND,38037,57069.0,15.04,0.91,0.09,1.72,12.75,38.7,14.95,60.05,14465.94,0.3039,3.0,Hypertension
Griggs,ND,38039,66688.0,6.24,0.09,0.0,1.52,10.3,35.55,13.3,63.3,14360.24,0.1904,1.0,Hypertension
Hettinger,ND,38041,66797.0,9.53,3.03,0.48,0.57,10.3,33.6,14.9,63.1,10474.17,0.2208,2.0,Uninsured
Kidder,ND,38043,57240.0,12.42,0.88,0.21,4.6,10.95,35.0,14.45,59.95,10493.77,0.2342,2.0,Poverty
LaMoure,ND,38045,70227.0,11.8,0.94,0.39,1.98,10.65,33.6,14.100000000000001,63.7,11733.5,0.2167,2.0,Uninsured
Logan,ND,38047,59750.0,7.84,0.0,0.11,2.76,11.35,35.95,14.850000000000001,61.45,10130.98,0.2177,2.0,Hypertension
McHenry,ND,38049,78071.0,10.14,2.25,0.73,1.43,10.4,34.75,14.6,60.9,9852.7,0.2259,2.0,Uninsured
McIntosh,ND,38051,64375.0,13.01,1.5,0.63,2.61,12.1,36.8,14.899999999999999,61.2,15239.59,0.2755,3.0,Hypertension
McKenzie,ND,38053,83813.0,13.18,7.12,2.15,10.57,9.75,30.85,15.25,57.85,14115.5,0.2492,2.0,Uninsured
McLean,ND,38055,80556.0,6.76,1.28,0.41,2.67,10.35,34.45,14.05,65.2,11069.88,0.1975,1.0,Uninsured
Mercer,ND,38057,82155.0,9.38,4.2,0.25,2.62,10.65,34.45,14.649999999999999,58.7,9358.84,0.2437,2.0,Uninsured
Morton,ND,38059,79555.0,7.97,0.98,1.3,4.22,8.95,30.95,14.45,62.85,10830.76,0.1512,1.0,Uninsured
Mountrail,ND,38061,81886.0,12.25,4.31,1.86,9.12,12.2,33.7,16.5,56.65,10812.02,0.2791,3.0,Uninsured
Nelson,ND,38063,62219.0,10.45,0.33,0.0,3.87,10.5,35.1,13.5,66.1,10497.7,0.2126,2.0,Hypertension
Oliver,ND,38065,69722.0,11.52,0.44,0.0,3.33,10.0,32.95,13.9,62.45,8012.35,0.1947,1.0,Poverty
Pembina,ND,38067,64243.0,8.89,1.93,0.96,3.72,11.05,34.4,14.5,62.65,13038.95,0.2254,2.0,Uninsured
Pierce,ND,38069,59583.0,10.73,1.83,0.25,1.23,10.55,33.1,14.4,60.95,11555.66,0.2152,2.0,Uninsured
Ramsey,ND,38071,61490.0,15.16,5.0,0.56,3.25,11.05,33.85,15.100000000000001,60.9,11474.6,0.2811,3.0,Uninsured
Ransom,ND,38073,71462.0,9.57,1.61,2.21,2.07,10.75,33.65,14.65,61.1,11839.73,0.2149,2.0,Uninsured
Renville,ND,38075,77067.0,6.22,1.45,0.0,2.54,9.8,33.0,14.5,64.85,12072.87,0.1769,1.0,Uninsured
Richland,ND,38077,67089.0,10.3,0.81,0.83,3.61,9.75,32.9,14.75,65.75,10628.77,0.1881,1.0,Uninsured
Rolette,ND,38079,53806.0,24.15,6.96,0.83,2.42,17.2,39.3,19.45,52.15,12118.95,0.4861,4.0,Diabetes
Sargent,ND,38081,75648.0,6.11,0.99,2.61,3.27,10.4,33.3,14.25,61.25,12447.06,0.1842,1.0,Uninsured
Sheridan,ND,38083,68684.0,6.88,0.22,0.0,0.45,11.45,37.45,14.0,61.0,8981.98,0.2279,2.0,Hypertension
Sioux,ND,38085,41201.0,39.04,10.32,0.26,0.98,20.15,41.55,22.1,46.25,12358.75,0.6552,4.0,Poverty
Slope,ND,38087,70625.0,4.66,0.36,0.0,0.12,12.0,38.1,14.0,62.8,11738.31,0.2329,2.0,Hypertension
Stark,ND,38089,78734.0,9.87,2.13,2.48,6.12,9.2,31.05,14.75,62.6,10151.82,0.1764,1.0,Uninsured
Steele,ND,38091,85750.0,13.02,0.11,0.23,2.2,10.85,34.35,14.2,63.25,11652.25,0.223,2.0,Poverty
Stutsman,ND,38093,59167.0,12.15,0.77,2.04,2.81,9.95,31.5,15.3,62.65,10550.55,0.1896,1.0,Poverty
Towner,ND,38095,61250.0,13.38,0.98,0.37,3.86,12.7,38.05,15.4,57.75,14312.8,0.2913,3.0,Hypertension
Traill,ND,38097,81157.0,6.18,0.95,0.86,3.87,9.5,31.7,14.0,62.55,11924.97,0.1573,1.0,Uninsured
Walsh,ND,38099,68082.0,9.48,2.05,0.78,12.11,10.9,33.75,14.3,58.3,14127.71,0.2221,2.0,Uninsured
Ward,ND,38101,78143.0,8.81,0.64,4.31,6.75,8.8,31.4,14.45,61.4,10425.38,0.1525,1.0,Uninsured
Wells,ND,38103,59732.0,10.5,0.53,0.0,2.43,11.6,35.35,14.700000000000001,64.0,10737.78,0.2353,2.0,Hypertension
Williams,ND,38105,86139.0,7.33,4.26,5.2,9.47,9.15,31.0,15.8,57.45,10486.81,0.1844,1.0,Uninsured
Adams,OH,39001,46234.0,19.31,0.82,0.48,1.1,14.2,37.85,20.65,54.9,12568.87,0.3414,4.0,Poverty
Allen,OH,39003,58976.0,11.83,1.05,10.74,3.48,13.35,36.5,18.9,62.5,12752.08,0.2846,3.0,Diabetes
Ashland,OH,39005,62254.0,11.33,2.91,0.78,1.68,12.55,37.65,18.8,62.35,11568.55,0.2954,3.0,Uninsured
Ashtabula,OH,39007,53663.0,17.43,2.81,3.57,4.74,14.6,38.8,20.35,54.35,13020.68,0.3659,4.0,Diabetes
Athens,OH,39009,48750.0,21.3,0.45,2.54,2.01,12.05,35.0,20.5,61.65,11227.63,0.29,3.0,Poverty
Auglaize,OH,39011,75231.0,6.5,0.54,0.86,1.84,11.0,34.9,18.0,65.8,11896.26,0.2032,1.0,Hypertension
Belmont,OH,39013,56943.0,13.22,0.9,3.03,1.17,13.0,38.4,18.950000000000003,60.75,12374.84,0.2974,3.0,Hypertension
Brown,OH,39015,66677.0,15.62,0.68,1.03,1.25,13.05,39.25,19.75,62.85,14047.6,0.3134,3.0,Hypertension
Butler,OH,39017,77062.0,11.5,0.94,8.26,5.21,11.9,34.25,18.1,60.65,13109.9,0.2411,2.0,Diabetes
Carroll,OH,39019,59872.0,11.98,3.8,0.78,1.39,13.05,37.35,19.450000000000003,62.45,12990.35,0.3135,3.0,Uninsured
Champaign,OH,39021,70486.0,9.07,0.81,1.95,1.72,11.45,35.35,18.45,63.15,11255.4,0.2288,2.0,Hypertension
Clark,OH,39023,58954.0,15.2,0.96,8.12,3.76,13.6,38.85,19.6,58.2,12576.13,0.3206,3.0,Hypertension
Clermont,OH,39025,79573.0,8.29,0.82,1.4,2.18,11.5,33.95,17.85,66.35,12482.25,0.216,2.0,Uninsured
Clinton,OH,39027,64210.0,14.03,0.84,1.95,1.93,12.35,35.8,19.1,63.4,12118.0,0.2708,3.0,Poverty
Columbiana,OH,39029,55473.0,12.73,1.38,2.18,2.01,13.5,38.75,18.9,64.2,12231.39,0.3108,3.0,Hypertension
Coshocton,OH,39031,52048.0,18.58,3.01,1.13,1.21,13.75,38.3,19.799999999999997,57.2,11947.22,0.3553,4.0,Poverty
Crawford,OH,39033,52486.0,13.76,1.14,0.88,1.84,13.05,36.95,19.55,61.1,11779.06,0.2926,3.0,Diabetes
Cuyahoga,OH,39035,60074.0,16.18,0.7,29.06,6.52,12.35,36.35,16.65,63.25,12178.92,0.2834,3.0,Poverty
Darke,OH,39037,60237.0,10.9,1.41,0.7,1.73,12.8,36.65,19.200000000000003,58.35,11314.24,0.2756,3.0,Diabetes
Defiance,OH,39039,69302.0,10.31,1.58,1.74,10.72,12.1,34.75,17.9,63.65,11932.44,0.2489,2.0,Uninsured
Delaware,OH,39041,123995.0,4.47,0.92,3.94,2.91,9.4,29.75,13.85,68.4,11145.53,0.1332,1.0,Uninsured
Erie,OH,39043,65171.0,11.29,0.58,8.95,4.77,12.7,38.0,17.85,61.95,12428.64,0.2772,3.0,Hypertension
Fairfield,OH,39045,82969.0,8.52,1.01,8.46,2.52,11.3,34.5,17.1,63.5,11835.11,0.2195,2.0,Uninsured
Fayette,OH,39047,56773.0,15.57,1.54,2.78,2.34,13.1,39.2,19.9,55.75,13155.72,0.3221,3.0,Hypertension
Franklin,OH,39049,71070.0,14.22,1.08,22.95,6.03,11.8,32.95,18.05,60.85,11764.26,0.2442,2.0,Poverty
Fulton,OH,39051,71453.0,8.4,1.11,0.5,9.11,12.0,35.05,17.85,63.85,10979.08,0.2358,2.0,Uninsured
Gallia,OH,39053,55533.0,16.79,3.42,1.84,1.47,13.8,38.7,20.450000000000003,62.35,11971.96,0.3547,4.0,Uninsured
Geauga,OH,39055,97162.0,5.78,2.74,0.96,1.72,10.85,33.9,16.2,63.9,11292.49,0.2119,2.0,Uninsured
Greene,OH,39057,81243.0,10.1,0.62,6.42,3.14,10.5,33.8,16.700000000000003,66.1,11771.37,0.2045,1.0,Uninsured
Guernsey,OH,39059,53901.0,16.79,1.24,1.86,1.23,13.35,37.35,19.950000000000003,62.3,11489.46,0.3158,3.0,Poverty
Hamilton,OH,39061,68249.0,14.55,0.86,25.42,3.75,12.55,35.1,17.6,63.5,12540.83,0.2717,3.0,Poverty
Hancock,OH,39063,67006.0,10.27,0.55,1.76,6.01,11.6,34.3,17.95,60.55,11592.09,0.2268,2.0,Diabetes
Hardin,OH,39065,55876.0,16.77,5.35,1.19,2.14,12.4,37.4,20.15,58.55,12230.95,0.3406,4.0,Uninsured
Harrison,OH,39067,54056.0,15.1,2.99,2.88,1.3,13.7,39.25,19.85,60.95,13170.37,0.3448,4.0,Hypertension
Henry,OH,39069,71616.0,9.35,1.07,0.55,7.96,11.8,35.35,18.0,63.2,11529.68,0.2386,2.0,Hypertension
Highland,OH,39071,60522.0,14.65,2.67,1.71,1.36,13.25,37.4,20.0,60.25,13079.35,0.3186,3.0,Uninsured
Hocking,OH,39073,59007.0,16.36,0.57,0.62,1.11,14.0,39.25,20.25,62.6,12216.19,0.3319,3.0,Diabetes
Holmes,OH,39075,72987.0,8.78,17.69,0.19,1.03,12.2,34.4,21.8,55.35,9356.41,0.4004,4.0,Uninsured
Huron,OH,39077,64144.0,10.85,1.47,0.71,6.95,12.3,35.3,18.65,61.3,11614.95,0.2577,2.0,Uninsured
Jackson,OH,39079,56549.0,17.06,1.81,0.73,1.13,13.65,40.35,20.7,60.0,12494.07,0.3494,4.0,Hypertension
Jefferson,OH,39081,53124.0,17.56,0.75,5.35,1.74,13.55,38.9,19.6,63.1,12484.29,0.3291,3.0,Hypertension
Knox,OH,39083,71246.0,12.2,3.79,0.87,1.69,11.55,35.3,18.35,62.25,11803.32,0.2743,3.0,Uninsured
Lake,OH,39085,76835.0,7.53,0.68,4.71,4.84,11.55,34.9,17.049999999999997,63.9,11817.22,0.2188,2.0,Hypertension
Lawrence,OH,39087,51846.0,17.64,0.78,1.53,1.04,13.65,40.1,20.4,57.35,13744.89,0.3401,4.0,Hypertension
Licking,OH,39089,78505.0,9.59,0.83,4.12,2.24,11.9,33.55,17.6,61.25,11247.58,0.2261,2.0,Diabetes
Logan,OH,39091,69125.0,10.81,0.81,1.61,1.98,12.55,36.15,18.75,62.8,11116.51,0.2614,2.0,Diabetes
Lorain,OH,39093,67272.0,13.12,0.84,7.53,10.6,12.85,36.1,18.15,62.35,12657.33,0.2772,3.0,Diabetes
Lucas,OH,39095,57265.0,17.46,0.87,18.94,7.67,13.1,35.5,18.8,62.7,12624.56,0.2977,3.0,Poverty
Madison,OH,39097,77062.0,9.12,1.23,5.17,2.56,11.6,35.9,18.0,61.4,11655.31,0.2397,2.0,Hypertension
Mahoning,OH,39099,54279.0,17.11,0.52,14.33,6.55,13.3,37.15,18.5,64.8,12332.6,0.3078,3.0,Poverty
Marion,OH,39101,55106.0,14.75,0.56,5.16,3.02,13.65,39.15,19.299999999999997,59.4,13181.82,0.3176,3.0,Hypertension
Medina,OH,39103,89968.0,5.9,0.48,1.42,2.49,10.65,34.2,16.6,65.55,12996.31,0.1889,1.0,Uninsured
Meigs,OH,39105,46255.0,19.27,0.64,0.43,0.85,15.4,41.65,21.4,56.7,11730.72,0.3872,4.0,Diabetes
Mercer,OH,39107,73278.0,6.23,0.52,0.51,1.97,10.9,35.1,17.85,63.5,10437.95,0.2015,1.0,Hypertension
Miami,OH,39109,71440.0,8.36,0.87,2.02,1.93,11.5,34.6,17.65,63.7,12441.75,0.2215,2.0,Uninsured
Monroe,OH,39111,55381.0,13.74,1.25,0.89,0.3,14.05,39.3,19.75,57.3,10711.15,0.3275,3.0,Diabetes
Montgomery,OH,39113,61942.0,14.62,1.2,20.42,3.42,13.5,35.2,18.5,61.9,13009.51,0.2923,3.0,Diabetes
Morgan,OH,39115,51056.0,16.35,0.84,3.21,1.0,14.15,39.5,19.6,58.95,11692.33,0.3388,4.0,Diabetes
Morrow,OH,39117,70412.0,10.44,2.66,0.68,1.73,12.4,35.4,18.9,59.55,11213.49,0.27,3.0,Uninsured
Muskingum,OH,39119,56810.0,15.2,0.99,3.22,1.31,13.2,37.6,19.549999999999997,62.4,12240.77,0.3051,3.0,Diabetes
Noble,OH,39121,51547.0,14.08,2.51,3.89,1.28,14.9,41.6,18.3,61.2,12339.45,0.3726,4.0,Hypertension
Ottawa,OH,39123,69515.0,8.62,0.64,0.99,5.35,11.7,37.05,16.85,64.95,11915.51,0.2415,2.0,Hypertension
Paulding,OH,39125,65331.0,9.34,0.9,0.56,5.07,12.65,37.0,18.65,60.2,13553.51,0.2632,2.0,Hypertension
Perry,OH,39127,62899.0,15.14,0.94,0.26,0.98,12.95,37.85,19.55,60.95,11271.62,0.3019,3.0,Hypertension
Pickaway,OH,39129,67600.0,11.58,0.98,3.79,1.63,11.85,37.25,18.85,60.65,11385.75,0.2627,2.0,Hypertension
Pike,OH,39131,50832.0,19.51,0.76,1.09,0.84,14.7,41.05,21.8,56.0,12510.43,0.3733,4.0,Hypertension
Portage,OH,39133,69796.0,10.78,0.69,4.7,2.06,11.15,33.5,18.15,60.85,11611.4,0.2172,2.0,Uninsured
Preble,OH,39135,66355.0,10.24,1.04,0.68,1.08,11.95,35.95,18.75,64.15,12337.53,0.2494,2.0,Hypertension
Putnam,OH,39137,79453.0,6.49,0.63,0.64,6.57,11.05,33.85,17.15,64.55,12432.2,0.1974,1.0,Uninsured
Richland,OH,39139,56557.0,13.08,1.26,7.88,2.13,13.3,36.6,19.5,58.75,12359.58,0.2924,3.0,Diabetes
Ross,OH,39141,58048.0,15.01,1.23,5.55,1.38,13.8,38.5,19.85,60.8,12806.7,0.3233,3.0,Diabetes
Sandusky,OH,39143,60814.0,12.73,0.93,3.35,10.55,13.0,36.9,18.4,59.5,11387.34,0.2845,3.0,Diabetes
Scioto,OH,39145,46360.0,22.72,0.45,2.77,1.55,14.1,41.45,21.7,57.0,14200.66,0.378,4.0,Poverty
Seneca,OH,39147,62476.0,11.01,0.7,2.94,5.55,12.15,34.0,18.6,61.1,11914.31,0.2389,2.0,Diabetes
Shelby,OH,39149,73502.0,10.78,0.59,2.1,1.63,12.1,35.85,18.8,60.7,11682.97,0.2492,2.0,Hypertension
Stark,OH,39151,63130.0,12.86,0.64,7.45,2.33,12.4,35.85,18.5,61.9,11230.05,0.2645,2.0,Diabetes
Summit,OH,39153,68360.0,12.21,0.58,13.97,2.44,12.55,35.2,17.85,65.65,11474.94,0.2588,2.0,Diabetes
Trumbull,OH,39155,53537.0,16.81,1.36,7.9,2.03,13.8,37.0,19.45,57.7,13338.74,0.3222,3.0,Diabetes
Tuscarawas,OH,39157,61953.0,12.29,2.13,0.61,3.42,12.3,37.1,19.2,61.05,11336.59,0.2839,3.0,Uninsured
Union,OH,39159,104496.0,4.94,0.8,2.49,2.28,9.75,31.1,16.35,60.75,11027.59,0.1499,1.0,Uninsured
Van Wert,OH,39161,64841.0,8.25,0.4,0.71,3.89,11.9,36.05,18.6,59.6,11492.43,0.2336,2.0,Hypertension
Vinton,OH,39163,50967.0,18.91,1.04,0.07,0.23,13.85,38.3,20.450000000000003,57.8,12818.91,0.339,4.0,Poverty
Warren,OH,39165,103128.0,4.98,0.65,3.5,3.12,10.2,30.5,15.65,65.25,12750.04,0.1519,1.0,Uninsured
Washington,OH,39167,59053.0,13.75,0.95,1.21,1.15,12.3,38.0,18.55,60.45,12329.2,0.2856,3.0,Hypertension
Wayne,OH,39169,70320.0,8.46,5.17,1.34,2.15,11.85,34.95,18.450000000000003,63.75,10904.79,0.273,3.0,Uninsured
Williams,OH,39171,60632.0,10.81,1.25,1.17,5.03,13.0,37.15,19.0,62.1,10281.67,0.2805,3.0,Diabetes
Wood,OH,39173,70537.0,12.34,0.7,2.02,5.98,10.45,32.7,17.45,62.15,11708.77,0.2069,1.0,Poverty
Wyandot,OH,39175,68552.0,6.8,0.59,0.16,3.16,11.6,36.0,17.85,60.55,11443.26,0.2233,2.0,Hypertension
Adair,OK,40001,44955.0,22.0,4.02,0.33,7.62,16.35,42.25,21.75,51.5,13162.83,0.4538,4.0,Diabetes
Alfalfa,OK,40003,75028.0,9.4,0.99,3.54,6.62,12.3,39.85,16.95,55.9,17495.61,0.279,3.0,Hypertension
Atoka,OK,40005,49181.0,16.37,4.28,3.24,4.24,13.65,40.8,19.35,56.3,14825.75,0.3739,4.0,Uninsured
Beaver,OK,40007,62981.0,6.92,2.41,0.39,26.37,12.6,38.45,16.85,57.4,13945.61,0.2764,3.0,Hypertension
Beckham,OK,40009,51499.0,18.43,0.91,6.38,15.99,12.85,40.0,18.95,53.65,16021.34,0.3308,3.0,Hypertension
Blaine,OK,40011,56843.0,11.7,1.28,4.66,13.58,12.85,40.05,18.25,57.25,17507.38,0.3034,3.0,Hypertension
Bryan,OK,40013,54289.0,15.9,3.66,2.17,6.88,12.7,38.95,19.299999999999997,57.75,15901.37,0.3361,3.0,Uninsured
Caddo,OK,40015,52443.0,17.55,2.01,3.53,15.01,14.4,40.75,19.25,51.95,18641.35,0.3693,4.0,Hypertension
Canadian,OK,40017,82364.0,7.82,1.78,3.56,10.54,10.15,35.1,17.4,60.6,14032.23,0.2087,1.0,Uninsured
Carter,OK,40019,56390.0,15.06,2.48,6.1,8.48,12.8,39.55,18.9,56.45,16632.43,0.3265,3.0,Hypertension
Cherokee,OK,40021,52410.0,19.97,3.66,1.21,7.88,13.7,39.7,19.9,53.15,12756.93,0.3775,4.0,Poverty
Choctaw,OK,40023,43252.0,22.37,2.09,9.73,5.33,15.5,42.95,20.25,54.65,15667.14,0.4271,4.0,Hypertension
Cimarron,OK,40025,57100.0,10.83,3.87,0.13,23.94,11.9,37.45,15.55,61.3,15046.39,0.2901,3.0,Uninsured
Cleveland,OK,40027,71757.0,12.29,1.39,4.79,9.61,10.8,34.25,17.5,58.25,13503.91,0.2306,2.0,Uninsured
Coal,OK,40029,47117.0,22.62,5.09,0.25,5.16,15.55,42.5,21.0,52.5,17072.94,0.4556,4.0,Hypertension
Comanche,OK,40031,57150.0,15.24,1.67,15.55,14.19,12.75,37.6,18.85,57.2,13111.72,0.3044,3.0,Hypertension
Cotton,OK,40033,60208.0,21.29,1.99,1.79,9.19,13.75,40.95,18.9,56.35,15487.95,0.377,4.0,Poverty
Craig,OK,40035,48018.0,17.94,3.53,3.38,4.79,14.55,42.15,20.45,54.1,16021.78,0.3988,4.0,Hypertension
Creek,OK,40037,61657.0,13.31,1.7,1.97,4.88,12.3,37.15,18.6,54.4,16103.05,0.2848,3.0,Hypertension
Custer,OK,40039,58669.0,15.11,1.97,3.4,19.22,11.8,35.35,18.4,56.0,13632.69,0.2744,3.0,Poverty
Delaware,OK,40041,53290.0,18.75,2.12,0.42,4.16,14.6,42.85,19.85,54.35,12776.02,0.3945,4.0,Hypertension
Dewey,OK,40043,61310.0,13.94,2.84,0.07,7.79,12.25,39.05,18.3,56.75,17410.7,0.3119,3.0,Hypertension
Ellis,OK,40045,57768.0,14.41,2.37,0.24,8.02,12.35,39.75,17.65,56.15,14681.54,0.3162,3.0,Hypertension
Garfield,OK,40047,64165.0,13.55,2.17,2.11,13.81,11.95,37.5,17.25,56.45,13683.75,0.2872,3.0,Hypertension
Garvin,OK,40049,53600.0,14.43,3.09,1.89,10.14,13.0,39.55,19.35,56.7,14577.11,0.333,3.0,Hypertension
Grady,OK,40051,74349.0,10.76,1.46,2.21,6.4,11.15,37.45,18.2,57.95,14179.07,0.2532,2.0,Hypertension
Grant,OK,40053,58980.0,12.84,0.79,2.24,5.83,11.95,38.85,17.85,54.3,14936.14,0.28,3.0,Hypertension
Greer,OK,40055,55204.0,13.56,1.39,5.68,12.67,12.3,39.3,17.950000000000003,55.4,18650.51,0.2984,3.0,Hypertension
Harmon,OK,40057,55729.0,17.01,3.32,9.96,31.77,15.4,41.6,18.0,51.8,18397.19,0.4028,4.0,Diabetes
Harper,OK,40059,59934.0,13.54,2.63,0.0,24.24,12.6,38.75,17.0,56.55,14801.77,0.3117,3.0,Hypertension
Haskell,OK,40061,46239.0,21.17,2.53,0.5,5.12,13.9,41.15,19.700000000000003,54.95,16700.95,0.3857,4.0,Hypertension
Hughes,OK,40063,44799.0,18.52,2.22,4.06,6.2,14.25,41.45,19.75,52.7,16173.05,0.3784,4.0,Hypertension
Jackson,OK,40065,60954.0,14.09,1.63,6.34,25.37,12.7,38.2,17.75,57.65,12986.62,0.3021,3.0,Hypertension
Jefferson,OK,40067,48346.0,22.53,1.4,1.88,11.53,14.55,42.2,19.45,54.55,13916.53,0.3995,4.0,Hypertension
Johnston,OK,40069,48476.0,21.85,2.8,2.19,6.15,14.25,40.4,20.4,54.5,15201.01,0.3921,4.0,Poverty
Kay,OK,40071,53746.0,15.96,2.17,2.02,8.82,13.0,39.15,19.25,56.7,12996.89,0.3281,3.0,Hypertension
Kingfisher,OK,40073,65167.0,12.02,1.88,0.65,16.85,11.1,36.3,17.45,60.15,15341.1,0.2541,2.0,Uninsured
Kiowa,OK,40075,42679.0,22.67,2.75,3.63,12.08,14.85,42.05,19.35,51.45,15631.2,0.4175,4.0,Hypertension
Latimer,OK,40077,42735.0,15.96,3.77,1.2,4.94,15.4,42.15,20.9,57.45,13716.76,0.4063,4.0,Hypertension
Le Flore,OK,40079,46750.0,19.72,2.98,1.88,7.56,14.05,40.45,20.4,52.85,14588.04,0.3809,4.0,Hypertension
Lincoln,OK,40081,57656.0,14.07,1.8,1.87,3.72,12.75,40.5,18.8,55.7,14971.43,0.3212,3.0,Hypertension
Logan,OK,40083,80565.0,13.12,1.68,7.18,7.29,11.15,37.9,17.4,61.35,13877.96,0.2697,3.0,Hypertension
Love,OK,40085,60758.0,14.08,2.89,2.02,17.3,13.3,39.3,18.65,52.45,14474.32,0.3327,3.0,Hypertension
McClain,OK,40087,80150.0,7.05,2.19,1.0,8.76,10.55,37.15,17.5,57.45,12655.11,0.2308,2.0,Uninsured
McCurtain,OK,40089,47046.0,20.84,3.32,7.81,6.63,14.4,40.6,20.1,52.35,14340.73,0.3965,4.0,Poverty
McIntosh,OK,40091,43467.0,21.68,3.78,2.55,3.18,15.45,44.8,20.25,53.8,14505.36,0.4531,4.0,Hypertension
Major,OK,40093,67621.0,11.37,2.9,0.03,10.33,11.9,37.5,17.85,59.35,12115.65,0.2834,3.0,Uninsured
Marshall,OK,40095,53734.0,18.55,2.43,0.99,18.74,13.95,40.3,18.8,53.5,13896.34,0.3672,4.0,Hypertension
Mayes,OK,40097,56552.0,16.78,2.82,0.38,3.98,13.35,40.8,19.75,53.95,13927.41,0.3562,4.0,Hypertension
Murray,OK,40099,60213.0,14.09,1.76,1.24,7.36,12.8,39.85,18.4,58.85,14522.7,0.317,3.0,Hypertension
Muskogee,OK,40101,50289.0,16.99,2.32,9.96,7.14,14.3,41.05,20.55,56.05,16272.78,0.3702,4.0,Hypertension
Noble,OK,40103,66813.0,10.52,1.47,1.13,4.43,11.9,38.5,18.25,59.1,14706.02,0.2725,3.0,Hypertension
Nowata,OK,40105,50960.0,15.64,2.57,1.46,3.93,13.75,40.6,19.6,54.75,11523.91,0.3538,4.0,Hypertension
Okfuskee,OK,40107,45429.0,24.2,2.42,6.49,4.61,16.0,43.75,20.549999999999997,51.8,15898.36,0.4532,4.0,Hypertension
Oklahoma,OK,40109,62505.0,15.49,1.93,14.71,18.32,12.3,36.5,17.549999999999997,57.2,14476.78,0.2926,3.0,Poverty
Okmulgee,OK,40111,50819.0,17.23,2.16,7.46,4.71,14.3,41.8,20.1,55.85,13752.72,0.3751,4.0,Hypertension
Osage,OK,40113,58189.0,12.06,1.93,10.6,4.23,12.9,42.4,18.299999999999997,59.45,14894.83,0.3293,3.0,Hypertension
Ottawa,OK,40115,46186.0,19.61,2.9,1.17,6.14,14.2,39.2,20.4,55.0,12645.96,0.3731,4.0,Poverty
Pawnee,OK,40117,56279.0,14.79,3.19,0.57,3.77,12.9,39.25,19.049999999999997,57.0,17905.52,0.3318,3.0,Hypertension
Payne,OK,40119,46658.0,21.4,2.32,3.87,5.04,10.75,33.1,18.55,56.9,13739.24,0.2733,3.0,Poverty
Pittsburg,OK,40121,53054.0,17.98,2.56,2.34,5.83,13.05,40.9,18.95,55.55,12984.64,0.3549,4.0,Hypertension
Pontotoc,OK,40123,59457.0,12.85,4.18,2.45,6.02,11.6,38.6,18.35,57.65,14770.27,0.3058,3.0,Uninsured
Pottawatomie,OK,40125,58270.0,15.06,2.02,3.23,5.78,12.25,39.4,19.65,56.25,14322.91,0.3115,3.0,Hypertension
Pushmataha,OK,40127,42274.0,21.34,4.13,1.15,4.26,15.7,43.2,20.35,54.0,13976.12,0.4477,4.0,Hypertension
Roger Mills,OK,40129,57574.0,13.47,1.14,0.09,8.03,12.95,40.2,18.1,58.35,15043.38,0.313,3.0,Hypertension
Rogers,OK,40131,75312.0,9.37,1.92,0.93,5.31,11.5,35.8,17.45,60.75,14417.8,0.2453,2.0,Uninsured
Seminole,OK,40133,43239.0,21.87,3.62,4.25,5.7,14.9,42.25,21.0,52.15,14644.53,0.4247,4.0,Hypertension
Sequoyah,OK,40135,47494.0,19.3,2.99,1.77,4.94,15.15,42.15,21.05,54.85,13723.59,0.41,4.0,Hypertension
Stephens,OK,40137,57065.0,16.59,1.69,1.67,8.38,12.8,40.75,18.75,58.2,15344.12,0.3345,3.0,Hypertension
Texas,OK,40139,55682.0,20.02,1.47,6.15,47.75,13.45,37.25,16.95,49.7,11928.04,0.3341,3.0,Poverty
Tillman,OK,40141,46306.0,16.34,0.77,7.24,28.6,14.55,40.3,18.049999999999997,54.2,12417.22,0.3506,4.0,Diabetes
Tulsa,OK,40143,65229.0,14.18,1.99,9.87,13.67,11.25,34.7,18.1,59.25,14192.05,0.2563,2.0,Uninsured
Wagoner,OK,40145,75082.0,9.12,1.76,3.42,7.28,11.1,36.9,17.15,57.7,14214.69,0.2437,2.0,Hypertension
Washington,OK,40147,59426.0,13.61,1.96,2.64,6.63,12.1,37.15,17.9,58.55,12263.49,0.2854,3.0,Hypertension
Washita,OK,40149,60600.0,12.12,1.64,1.4,10.53,12.1,37.65,18.0,57.8,16020.17,0.2789,3.0,Hypertension
Woods,OK,40151,50724.0,16.57,1.26,3.12,7.48,10.9,35.8,18.1,60.1,13213.63,0.2622,2.0,Poverty
Woodward,OK,40153,61207.0,14.15,2.51,1.58,13.94,11.4,37.85,17.799999999999997,54.6,15084.41,0.2866,3.0,Hypertension
Baker,OR,41001,51657.0,13.34,0.76,1.17,4.94,11.7,34.35,18.049999999999997,62.85,8874.08,0.2453,2.0,Poverty
Benton,OR,41003,72882.0,17.89,0.67,1.18,8.07,9.3,27.55,17.95,62.65,8546.25,0.1759,1.0,Poverty
Clackamas,OR,41005,95740.0,7.52,0.79,0.87,9.33,9.55,29.7,17.2,63.9,9449.42,0.1484,1.0,Uninsured
Clatsop,OR,41007,68025.0,10.14,0.66,0.92,9.08,11.05,33.45,18.1,61.1,9451.97,0.2118,2.0,Uninsured
Columbia,OR,41009,83265.0,9.0,0.96,0.46,6.03,10.85,32.15,18.8,61.4,8813.81,0.1967,1.0,Uninsured
Coos,OR,41011,57563.0,15.83,0.4,0.51,7.11,12.2,36.15,18.799999999999997,61.6,11220.03,0.2748,3.0,Poverty
Crook,OR,41013,74969.0,7.86,2.04,0.32,8.02,10.85,33.8,18.25,61.75,10843.63,0.214,2.0,Uninsured
Curry,OR,41015,64300.0,12.33,0.08,0.38,7.8,12.8,37.0,18.200000000000003,67.05,9866.96,0.2716,3.0,Hypertension
Deschutes,OR,41017,82042.0,9.06,0.76,0.42,8.47,9.2,30.5,16.35,61.7,10593.12,0.1551,1.0,Uninsured
Douglas,OR,41019,56440.0,14.7,0.71,0.26,6.31,12.4,35.35,19.1,57.15,8834.63,0.2702,3.0,Poverty
Gilliam,OR,41021,58409.0,12.66,0.0,0.0,8.37,12.5,35.85,18.95,59.1,7554.8,0.259,2.0,Diabetes
Grant,OR,41023,56045.0,16.08,1.73,0.11,4.31,12.3,35.7,18.65,60.8,11665.52,0.2876,3.0,Poverty
Harney,OR,41025,45462.0,11.87,1.16,0.31,5.46,13.0,37.6,19.95,58.25,11927.93,0.2879,3.0,Hypertension
Hood River,OR,41027,80254.0,6.5,0.92,0.96,30.84,10.35,30.0,16.65,61.25,7620.46,0.1606,1.0,Uninsured
Jackson,OR,41029,67690.0,13.09,0.64,0.64,14.02,11.35,33.0,18.95,58.25,9796.8,0.2273,2.0,Poverty
Jefferson,OR,41031,69345.0,12.1,1.48,0.71,20.77,12.2,33.1,18.8,59.45,11576.69,0.2461,2.0,Uninsured
Josephine,OR,41033,56068.0,15.89,0.95,0.57,8.12,12.8,34.7,19.5,57.55,9467.76,0.2803,3.0,Poverty
Klamath,OR,41035,57219.0,17.55,1.08,0.64,14.24,12.65,36.95,19.6,59.35,9020.18,0.303,3.0,Poverty
Lake,OR,41037,54663.0,18.35,0.35,0.26,9.44,12.85,36.55,18.7,59.0,10176.81,0.3,3.0,Poverty
Lane,OR,41039,65157.0,15.78,0.65,1.06,9.58,10.05,31.6,19.35,56.4,8723.48,0.2078,1.0,Poverty
Lincoln,OR,41041,57794.0,14.53,0.49,0.38,9.79,12.5,36.15,18.2,61.6,8829.97,0.2747,3.0,Poverty
Linn,OR,41043,69523.0,11.72,1.66,0.46,9.94,11.05,32.3,19.450000000000003,60.8,9174.37,0.2208,2.0,Uninsured
Malheur,OR,41045,48371.0,16.73,1.28,0.87,34.99,13.2,34.95,19.25,54.2,9586.18,0.296,3.0,Poverty
Marion,OR,41047,70926.0,12.63,0.91,1.2,27.84,11.9,32.05,18.75,61.25,9560.55,0.2302,2.0,Poverty
Morrow,OR,41049,64975.0,16.64,0.77,0.67,38.31,13.6,33.8,19.75,53.95,10695.86,0.289,3.0,Diabetes
Multnomah,OR,41051,83668.0,11.98,0.52,5.44,12.31,9.3,28.1,18.200000000000003,62.05,9496.83,0.1508,1.0,Poverty
Polk,OR,41053,77353.0,11.58,0.84,0.74,15.05,10.25,30.05,18.05,63.2,9591.5,0.1823,1.0,Uninsured
Sherman,OR,41055,57171.0,15.53,0.05,0.37,5.05,12.3,35.8,19.200000000000003,60.3,7301.97,0.2691,3.0,Poverty
Tillamook,OR,41057,63098.0,12.14,0.18,0.53,10.76,11.6,33.2,17.950000000000003,61.4,8743.34,0.2239,2.0,Poverty
Umatilla,OR,41059,70322.0,11.1,0.68,0.77,28.05,11.95,31.55,18.7,58.55,9553.97,0.2181,2.0,Diabetes
Union,OR,41061,61946.0,14.93,1.14,0.98,5.2,11.15,33.6,19.35,60.8,9784.36,0.2417,2.0,Poverty
Wallowa,OR,41063,62238.0,9.09,0.15,1.01,3.76,10.65,33.65,17.1,61.2,9881.7,0.1965,1.0,Uninsured
Wasco,OR,41065,61316.0,11.45,1.09,0.31,19.93,12.1,32.7,18.65,57.6,9275.56,0.2346,2.0,Diabetes
Washington,OR,41067,100121.0,8.09,0.63,2.3,17.39,9.55,29.15,16.3,60.6,9638.56,0.1455,1.0,Uninsured
Wheeler,OR,41069,50774.0,9.74,0.07,0.0,6.11,13.55,38.35,18.35,60.6,9879.06,0.2819,3.0,Diabetes
Yamhill,OR,41071,80125.0,10.8,0.95,0.62,16.57,10.45,31.5,17.4,60.2,8856.25,0.1935,1.0,Uninsured
Bristol,RI,44001,105875.0,6.7,0.15,1.02,3.41,8.85,29.9,15.15,73.0,11874.67,0.1278,1.0,Uninsured
Kent,RI,44003,85732.0,7.44,0.38,2.02,6.29,10.7,34.15,16.5,73.25,12079.28,0.1956,1.0,Uninsured
Newport,RI,44005,96319.0,7.46,0.3,3.97,5.97,9.05,31.65,14.8,73.45,11655.1,0.1489,1.0,Uninsured
Providence,RI,44007,72579.0,13.05,0.73,8.94,24.47,11.1,32.0,18.15,68.35,11338.16,0.2165,2.0,Poverty
Washington,RI,44009,99510.0,7.5,0.15,1.12,3.57,8.05,30.45,15.05,74.75,11870.56,0.122,1.0,Uninsured
Abbeville,SC,45001,49759.0,15.4,1.58,26.15,1.81,15.05,40.45,18.55,63.95,11913.44,0.3638,4.0,Diabetes
Aiken,SC,45003,63212.0,13.92,0.84,24.85,6.16,12.6,36.2,16.3,64.9,11453.93,0.2774,3.0,Diabetes
Allendale,SC,45005,37096.0,24.22,0.25,71.89,3.72,19.75,47.45,19.0,62.2,13674.7,0.522,4.0,Diabetes
Anderson,SC,45007,62347.0,14.06,1.6,14.94,4.19,12.2,35.85,18.299999999999997,66.7,12690.68,0.2763,3.0,Poverty
Bamberg,SC,45009,43920.0,20.92,2.7,60.57,1.65,17.55,44.05,18.65,62.2,12665.84,0.469,4.0,Diabetes
Barnwell,SC,45011,42470.0,24.77,1.06,44.24,2.81,17.65,43.05,19.65,61.25,14548.59,0.4653,4.0,Diabetes
Beaufort,SC,45013,81260.0,10.05,1.34,16.24,11.24,11.0,34.2,14.1,68.55,11130.88,0.2227,2.0,Uninsured
Berkeley,SC,45015,77874.0,10.72,1.42,23.34,7.29,12.4,35.55,16.9,68.6,12547.84,0.2601,2.0,Diabetes
Calhoun,SC,45017,55550.0,18.34,0.62,38.91,4.17,15.1,41.2,16.9,66.05,12115.77,0.3743,4.0,Diabetes
Charleston,SC,45019,78795.0,11.94,1.21,24.79,5.41,10.7,30.85,14.75,71.7,12441.48,0.201,1.0,Uninsured
Cherokee,SC,45021,47011.0,17.65,0.88,19.67,4.92,13.95,37.85,19.25,63.6,11601.07,0.33,3.0,Diabetes
Chester,SC,45023,50022.0,18.82,1.45,36.07,2.36,15.3,41.05,19.3,63.1,12916.36,0.3871,4.0,Diabetes
Chesterfield,SC,45025,46326.0,20.07,1.38,30.78,4.88,16.45,41.9,19.15,61.05,12391.97,0.4179,4.0,Diabetes
Clarendon,SC,45027,48677.0,18.7,0.87,45.57,3.37,17.3,44.4,18.6,63.5,13342.19,0.4388,4.0,Diabetes
Colleton,SC,45029,46795.0,16.23,2.86,34.83,3.83,15.55,41.05,18.65,61.25,12948.98,0.3932,4.0,Diabetes
Darlington,SC,45031,44317.0,19.82,0.64,41.01,2.37,16.05,42.1,18.5,63.65,12746.74,0.404,4.0,Diabetes
Dillon,SC,45033,42454.0,31.21,1.41,46.37,3.15,18.8,45.3,20.799999999999997,61.45,12620.16,0.5346,4.0,Diabetes
Dorchester,SC,45035,73686.0,12.13,1.74,25.44,6.11,12.1,34.05,16.5,64.25,13388.82,0.2539,2.0,Uninsured
Edgefield,SC,45037,60033.0,15.56,0.95,32.51,6.88,14.9,38.0,17.65,63.85,12291.75,0.3381,4.0,Diabetes
Fairfield,SC,45039,44521.0,18.46,0.61,55.94,2.63,17.95,45.0,18.35,63.8,12051.35,0.4505,4.0,Diabetes
Florence,SC,45041,56088.0,17.4,0.94,42.83,2.94,14.35,40.6,18.15,66.55,12909.54,0.356,4.0,Hypertension
Georgetown,SC,45043,59782.0,15.85,0.85,29.55,3.24,14.25,38.9,15.45,70.9,11474.32,0.334,3.0,Diabetes
Greenville,SC,45045,71328.0,10.66,1.32,17.22,9.87,11.45,34.1,16.4,67.0,11999.92,0.2323,2.0,Uninsured
Greenwood,SC,45047,47553.0,16.59,0.73,31.73,6.52,14.2,38.6,17.700000000000003,64.2,11971.25,0.3332,3.0,Diabetes
Hampton,SC,45049,40157.0,19.13,1.38,52.72,4.92,18.65,44.35,19.049999999999997,60.0,12657.16,0.4684,4.0,Diabetes
Horry,SC,45051,59880.0,12.87,1.53,12.35,6.27,12.9,37.85,17.8,67.6,12315.6,0.2963,3.0,Hypertension
Jasper,SC,45053,60452.0,17.2,1.15,37.34,14.1,15.1,39.8,16.65,65.55,10502.09,0.3641,4.0,Diabetes
Kershaw,SC,45055,61343.0,14.36,0.89,22.89,5.16,13.45,37.6,17.35,64.5,12023.87,0.3044,3.0,Diabetes
Lancaster,SC,45057,72186.0,11.83,0.89,19.72,6.25,12.7,34.4,16.55,64.15,12377.06,0.2568,2.0,Diabetes
Laurens,SC,45059,52077.0,18.21,1.43,23.07,5.6,14.3,38.2,18.549999999999997,63.7,13200.69,0.3465,4.0,Diabetes
Lee,SC,45061,39099.0,25.65,0.79,62.87,2.59,18.5,46.0,19.25,60.1,13125.43,0.5024,4.0,Diabetes
Lexington,SC,45063,71280.0,11.48,1.11,15.05,6.48,11.4,35.15,16.7,67.55,12422.36,0.2407,2.0,Uninsured
McCormick,SC,45065,55569.0,14.93,0.23,43.46,0.62,17.1,44.95,15.8,67.7,10141.81,0.4155,4.0,Diabetes
Marion,SC,45067,35972.0,27.13,2.1,56.32,3.27,19.85,46.5,20.05,58.5,12876.91,0.5488,4.0,Diabetes
Marlboro,SC,45069,34275.0,25.33,0.78,49.4,3.45,18.95,46.9,20.049999999999997,60.9,13313.19,0.5149,4.0,Diabetes
Newberry,SC,45071,56706.0,15.03,0.9,30.12,8.13,14.6,39.75,17.7,63.15,11334.0,0.3427,4.0,Diabetes
Oconee,SC,45073,56710.0,15.54,1.07,6.74,5.82,13.35,35.85,16.9,65.15,11439.49,0.2974,3.0,Diabetes
Orangeburg,SC,45075,41020.0,24.03,0.63,61.49,2.47,17.35,44.85,18.75,64.15,12125.34,0.4655,4.0,Diabetes
Pickens,SC,45077,57628.0,15.93,1.02,6.25,4.16,11.75,34.45,18.2,63.3,12197.66,0.2615,2.0,Poverty
Richland,SC,45079,59850.0,15.67,1.05,47.29,5.43,13.0,36.75,16.55,69.05,12148.57,0.2984,3.0,Poverty
Saluda,SC,45081,51041.0,17.67,3.33,23.05,16.12,15.05,39.1,17.35,61.25,10998.1,0.382,4.0,Diabetes
Spartanburg,SC,45083,61955.0,14.07,1.54,20.29,7.58,12.8,36.85,17.6,66.05,11614.62,0.2931,3.0,Diabetes
Sumter,SC,45085,53970.0,15.99,0.55,45.86,4.29,14.8,40.0,17.85,64.4,12605.56,0.3489,4.0,Diabetes
Union,SC,45087,42305.0,20.71,1.48,29.14,1.83,17.05,44.0,19.75,62.5,12434.95,0.4472,4.0,Diabetes
Williamsburg,SC,45089,40848.0,22.35,0.66,63.62,2.95,18.35,46.8,18.799999999999997,62.7,13361.24,0.4889,4.0,Diabetes
York,SC,45091,80158.0,8.3,0.76,18.9,6.3,11.05,33.95,16.3,63.8,11890.78,0.2078,1.0,Uninsured
Aurora,SD,46003,71490.0,4.94,1.27,1.27,6.64,11.0,31.9,15.649999999999999,65.3,12821.85,0.1815,1.0,Uninsured
Beadle,SD,46005,63813.0,9.49,1.92,0.59,11.76,12.35,32.7,15.95,59.45,10416.9,0.2379,2.0,Uninsured
Bennett,SD,46007,44821.0,29.22,9.82,0.18,9.29,18.0,37.85,20.7,54.7,12659.61,0.5412,4.0,Uninsured
Bon Homme,SD,46009,57554.0,8.98,1.17,1.64,2.91,11.75,34.35,15.9,57.5,11475.56,0.2298,2.0,Uninsured
Brookings,SD,46011,64438.0,11.33,0.84,1.07,3.87,9.1,27.05,15.55,65.15,11016.11,0.1399,1.0,Uninsured
Brown,SD,46013,70379.0,10.25,0.83,2.45,3.82,10.35,29.9,15.25,64.65,12470.04,0.1766,1.0,Uninsured
Brule,SD,46015,64821.0,13.47,2.23,1.32,1.79,11.75,33.7,16.15,59.15,10656.67,0.2566,2.0,Uninsured
Buffalo,SD,46017,42917.0,36.2,9.68,0.0,8.28,18.1,36.75,22.700000000000003,49.8,16505.49,0.5662,4.0,Poverty
Butte,SD,46019,58106.0,8.11,3.45,0.0,4.25,11.25,33.0,16.5,60.25,9540.51,0.2301,2.0,Uninsured
Campbell,SD,46021,66932.0,5.61,0.26,0.0,3.98,11.45,34.15,14.149999999999999,63.0,8447.53,0.1985,1.0,Diabetes
Charles Mix,SD,46023,60729.0,22.03,5.38,0.13,3.97,13.85,35.55,17.65,56.75,13097.83,0.3767,4.0,Uninsured
Clark,SD,46025,59340.0,9.15,0.6,0.55,4.09,11.5,32.85,15.649999999999999,60.6,10229.55,0.2099,2.0,Uninsured
Clay,SD,46027,55963.0,17.86,0.46,1.73,2.21,9.2,27.25,17.05,63.25,10360.21,0.1698,1.0,Poverty
Codington,SD,46029,65747.0,10.77,1.37,0.6,3.44,11.05,30.9,15.799999999999999,62.75,11655.84,0.2034,1.0,Uninsured
Corson,SD,46031,48125.0,43.19,3.94,0.1,0.36,19.1,39.05,21.549999999999997,49.0,10789.56,0.5756,4.0,Poverty
Custer,SD,46033,75943.0,8.14,2.56,0.38,4.25,11.4,34.3,14.0,62.2,11010.19,0.2334,2.0,Uninsured
Davison,SD,46035,55606.0,14.55,1.23,0.5,3.84,11.05,33.05,15.9,61.35,9570.53,0.2352,2.0,Poverty
Day,SD,46037,57558.0,14.38,1.26,0.13,2.46,12.6,34.6,15.95,62.05,12040.81,0.2722,3.0,Poverty
Deuel,SD,46039,76997.0,5.68,1.28,0.09,3.68,10.5,31.3,15.3,61.1,11414.88,0.1723,1.0,Uninsured
Dewey,SD,46041,55077.0,30.5,5.08,0.36,1.02,18.0,38.25,21.0,53.65,17284.71,0.5031,4.0,Diabetes
Douglas,SD,46043,75048.0,13.96,8.64,1.66,2.09,11.85,34.25,15.799999999999999,62.4,10699.52,0.328,3.0,Uninsured
Edmunds,SD,46045,76806.0,7.03,0.02,0.35,1.79,10.75,32.55,15.0,60.1,10747.67,0.1794,1.0,Uninsured
Fall River,SD,46047,54886.0,18.58,2.9,0.0,4.0,13.65,37.5,15.85,60.9,11453.47,0.3467,4.0,Poverty
Faulk,SD,46049,56734.0,23.08,1.12,0.0,1.87,12.6,34.75,16.55,60.2,13895.25,0.3125,3.0,Poverty
Grant,SD,46051,70851.0,9.61,1.53,0.19,4.65,11.1,32.55,14.850000000000001,62.95,11518.26,0.2123,2.0,Uninsured
Gregory,SD,46053,48272.0,12.63,0.68,0.9,1.93,12.15,34.45,16.1,61.25,12318.45,0.2495,2.0,Diabetes
Haakon,SD,46055,53109.0,10.43,1.14,1.82,0.06,11.65,33.65,15.75,59.4,12243.07,0.2295,2.0,Uninsured
Hamlin,SD,46057,76995.0,7.18,3.5,0.23,5.34,9.55,29.1,15.5,64.9,11013.09,0.1693,1.0,Uninsured
Hand,SD,46059,72857.0,7.54,1.46,0.13,4.88,10.35,31.8,14.649999999999999,63.55,12140.73,0.1838,1.0,Uninsured
Hanson,SD,46061,86827.0,6.01,2.03,0.0,0.03,11.0,31.8,16.35,64.25,8506.69,0.1933,1.0,Uninsured
Harding,SD,46063,71484.0,6.38,0.34,0.0,1.96,9.85,30.8,14.55,63.55,5441.94,0.1516,1.0,Uninsured
Hughes,SD,46065,83750.0,9.41,1.72,0.04,3.4,9.9,29.85,14.95,63.1,11047.67,0.1734,1.0,Uninsured
Hutchinson,SD,46067,69139.0,9.47,0.59,0.0,2.53,10.7,31.95,15.3,63.05,11350.68,0.1913,1.0,Uninsured
Hyde,SD,46069,69712.0,6.44,1.44,1.52,3.94,11.9,33.6,16.25,62.4,10332.32,0.2177,2.0,Uninsured
Jackson,SD,46071,26078.0,37.28,4.3,0.28,0.81,17.85,39.05,21.25,54.05,16934.12,0.5303,4.0,Poverty
Jerauld,SD,46073,66607.0,8.88,0.71,0.0,7.35,11.6,34.0,14.65,63.3,10513.25,0.2197,2.0,Uninsured
Jones,SD,46075,61250.0,14.81,4.87,1.39,0.0,12.4,35.85,15.5,62.35,6790.35,0.3155,3.0,Uninsured
Kingsbury,SD,46077,65964.0,9.09,1.04,0.0,2.84,10.6,31.9,15.3,63.55,10036.68,0.1919,1.0,Uninsured
Lake,SD,46079,74884.0,9.24,0.24,0.37,2.8,10.55,32.5,14.45,66.35,11813.88,0.1881,1.0,Uninsured
Lawrence,SD,46081,62977.0,10.73,1.22,0.71,3.77,10.1,30.05,14.8,63.6,9689.36,0.1795,1.0,Uninsured
Lincoln,SD,46083,92317.0,6.38,0.53,2.29,2.67,8.45,28.1,13.8,67.9,11984.91,0.1103,1.0,Uninsured
Lyman,SD,46085,60284.0,24.71,6.16,0.0,1.21,14.5,36.25,17.8,56.95,7649.84,0.413,4.0,Uninsured
McCook,SD,46087,74873.0,8.12,1.33,0.26,4.43,9.9,30.25,14.899999999999999,63.3,11552.1,0.1664,1.0,Uninsured
McPherson,SD,46089,58529.0,12.39,1.16,1.87,1.02,12.45,35.5,15.6,61.25,11725.0,0.2658,3.0,Diabetes
Marshall,SD,46091,74018.0,7.31,0.39,0.16,8.55,11.1,32.3,15.05,61.4,13481.08,0.1885,1.0,Uninsured
Meade,SD,46093,70256.0,7.19,1.35,1.82,4.54,9.05,30.25,16.05,60.35,10957.39,0.1479,1.0,Uninsured
Mellette,SD,46095,41397.0,47.01,1.11,0.25,0.65,19.7,40.65,21.299999999999997,48.5,9916.71,0.5871,4.0,Poverty
Miner,SD,46097,62037.0,10.21,1.08,0.56,2.9,11.5,33.65,15.75,64.1,11565.82,0.2254,2.0,Uninsured
Minnehaha,SD,46099,73110.0,8.48,1.49,6.25,5.57,10.3,31.1,15.85,63.4,11521.86,0.1826,1.0,Uninsured
Moody,SD,46101,71469.0,9.44,2.27,0.79,4.84,10.85,31.2,14.95,62.65,12575.9,0.2049,1.0,Uninsured
Oglala Lakota,SD,46102,32279.0,55.1,10.33,0.06,5.27,22.45,40.7,25.1,42.1,17629.81,0.7631,4.0,Poverty
Pennington,SD,46103,67823.0,11.9,1.69,1.34,5.65,11.0,32.25,15.4,63.3,10613.34,0.2207,2.0,Uninsured
Perkins,SD,46105,64410.0,11.75,2.02,0.0,0.44,12.15,33.9,15.8,58.65,10654.77,0.2547,2.0,Uninsured
Potter,SD,46107,71786.0,6.73,2.71,1.51,0.0,11.05,33.1,14.85,65.3,12985.23,0.2137,2.0,Uninsured
Roberts,SD,46109,59022.0,20.36,4.89,0.46,0.98,14.55,36.3,17.8,58.7,11405.44,0.3813,4.0,Uninsured
Sanborn,SD,46111,65806.0,8.47,1.69,0.0,3.83,11.1,32.5,15.65,61.2,9734.71,0.2082,1.0,Uninsured
Spink,SD,46115,65795.0,10.43,0.8,1.12,3.27,11.2,33.2,15.35,59.1,10816.36,0.2153,2.0,Uninsured
Stanley,SD,46117,82298.0,3.22,0.0,0.3,4.4,9.8,30.4,14.8,61.35,11052.73,0.1298,1.0,Uninsured
Sully,SD,46119,66875.0,8.42,0.76,5.46,0.0,10.7,33.25,14.600000000000001,64.8,11004.46,0.1974,1.0,Uninsured
Todd,SD,46121,33792.0,51.26,3.43,0.01,4.19,21.8,40.1,24.25,42.55,14267.92,0.6616,4.0,Poverty
Tripp,SD,46123,56758.0,20.94,1.64,0.64,1.02,13.45,36.0,17.05,56.4,11227.21,0.3311,3.0,Poverty
Turner,SD,46125,72312.0,8.98,1.02,0.58,2.33,10.55,31.5,15.399999999999999,61.65,12431.91,0.1874,1.0,Uninsured
Union,SD,46127,82036.0,8.14,1.24,0.43,4.14,9.6,29.6,14.4,63.3,10737.46,0.1559,1.0,Uninsured
Walworth,SD,46129,57697.0,12.94,2.76,2.18,2.05,11.8,33.1,15.55,61.75,11435.56,0.2559,2.0,Uninsured
Yankton,SD,46135,68847.0,7.42,1.55,1.24,5.27,10.6,32.25,15.100000000000001,60.85,10350.36,0.1916,1.0,Uninsured
Ziebach,SD,46137,46023.0,41.34,3.67,0.0,6.76,18.4,39.2,21.55,46.45,13439.78,0.5535,4.0,Poverty
Anderson,TN,47001,60633.0,15.08,0.8,3.16,3.44,12.8,39.15,20.65,59.25,11825.48,0.3071,3.0,Hypertension
Bedford,TN,47003,59955.0,12.22,2.51,6.47,13.57,12.9,38.25,20.65,59.3,12188.65,0.3058,3.0,Hypertension
Benton,TN,47005,47737.0,17.79,0.67,1.91,1.81,14.75,41.85,21.8,57.15,12415.61,0.371,4.0,Hypertension
Bledsoe,TN,47007,51783.0,23.95,1.72,5.7,3.02,15.55,42.5,21.95,54.45,13156.23,0.4284,4.0,Poverty
Blount,TN,47009,70935.0,8.46,1.74,2.64,3.85,12.0,37.75,19.35,63.2,11462.94,0.2618,2.0,Hypertension
Bradley,TN,47011,60692.0,12.98,1.48,4.83,6.9,12.45,38.9,20.2,56.55,12893.58,0.2963,3.0,Hypertension
Campbell,TN,47013,48258.0,18.97,0.9,0.3,1.68,14.15,40.5,22.45,54.1,11925.15,0.3589,4.0,Hypertension
Cannon,TN,47015,57651.0,14.97,1.84,2.48,2.74,13.2,38.9,21.25,58.7,13273.4,0.3218,3.0,Hypertension
Carroll,TN,47017,49700.0,15.86,0.85,8.88,3.1,13.8,39.5,21.0,59.4,12834.08,0.3307,3.0,Hypertension
Carter,TN,47019,47994.0,17.57,1.3,2.17,2.71,14.2,41.4,21.25,58.85,12536.88,0.3636,4.0,Hypertension
Cheatham,TN,47021,77014.0,9.23,1.26,1.92,3.84,11.45,36.15,19.45,61.65,11772.68,0.2398,2.0,Hypertension
Chester,TN,47023,57471.0,14.58,0.97,10.32,2.94,13.2,38.65,21.6,59.8,11243.54,0.3096,3.0,Hypertension
Claiborne,TN,47025,42406.0,17.52,0.31,0.85,1.5,13.65,40.15,21.55,59.2,11845.49,0.3353,3.0,Hypertension
Clay,TN,47027,39572.0,21.97,1.0,0.7,2.78,15.4,42.85,21.7,57.65,11919.08,0.412,4.0,Hypertension
Cocke,TN,47029,45110.0,19.78,1.15,1.2,2.84,15.2,41.85,22.35,58.4,11710.44,0.3927,4.0,Hypertension
Coffee,TN,47031,57424.0,16.7,1.4,3.87,5.22,12.8,39.4,20.65,59.5,13424.19,0.3224,3.0,Hypertension
Crockett,TN,47033,59136.0,15.39,1.86,11.06,11.54,14.15,40.2,20.7,58.95,12343.94,0.3495,4.0,Hypertension
Cumberland,TN,47035,56002.0,12.5,0.96,0.93,3.22,14.5,43.15,20.15,58.95,10709.12,0.3543,4.0,Hypertension
Davidson,TN,47037,71863.0,13.91,1.71,26.33,10.6,11.45,33.85,19.0,59.7,12523.17,0.2495,2.0,Uninsured
Decatur,TN,47039,48466.0,18.88,0.67,2.35,3.55,15.65,42.55,21.85,56.55,15496.47,0.3964,4.0,Hypertension
DeKalb,TN,47041,46907.0,19.79,0.7,1.73,8.4,14.45,40.9,21.55,56.7,11510.44,0.3687,4.0,Hypertension
Dickson,TN,47043,68492.0,10.72,1.5,3.95,4.22,11.75,35.7,20.15,59.5,12033.29,0.251,2.0,Uninsured
Dyer,TN,47045,53150.0,16.07,1.38,13.28,3.75,13.75,40.5,21.35,61.6,13792.01,0.3433,4.0,Hypertension
Fayette,TN,47047,81074.0,9.57,0.84,27.02,3.16,13.95,41.25,18.700000000000003,62.55,11820.72,0.3164,3.0,Hypertension
Fentress,TN,47049,47884.0,19.7,1.08,0.32,1.85,14.95,41.6,21.9,54.65,12551.61,0.3856,4.0,Hypertension
Franklin,TN,47051,57933.0,13.65,1.02,4.89,3.76,12.7,38.4,20.3,61.45,12754.45,0.2955,3.0,Hypertension
Gibson,TN,47053,55455.0,13.6,1.45,15.98,3.02,13.6,39.35,20.799999999999997,58.85,12270.88,0.3216,3.0,Hypertension
Giles,TN,47055,56877.0,13.09,0.56,9.14,3.3,13.8,40.0,20.75,62.7,12728.32,0.3185,3.0,Hypertension
Grainger,TN,47057,47098.0,17.41,0.69,1.35,3.65,13.9,39.8,21.15,55.3,11243.86,0.3402,4.0,Hypertension
Greene,TN,47059,51975.0,15.13,1.06,1.73,3.25,13.75,39.1,20.9,58.35,11540.15,0.3256,3.0,Hypertension
Grundy,TN,47061,47948.0,17.87,1.54,0.36,1.59,14.8,41.4,22.4,56.9,12801.93,0.3776,4.0,Hypertension
Hamblen,TN,47063,49656.0,16.85,1.21,3.3,12.29,14.05,39.25,21.200000000000003,57.55,11282.45,0.3413,4.0,Diabetes
Hamilton,TN,47065,69069.0,11.94,0.93,17.89,6.23,11.85,36.45,18.4,63.95,13051.88,0.2581,2.0,Hypertension
Hancock,TN,47067,31809.0,31.33,0.31,0.55,0.7,17.95,45.8,24.45,55.0,11949.78,0.5134,4.0,Poverty
Hardeman,TN,47069,43566.0,13.77,1.02,39.72,1.99,16.15,44.2,21.2,57.0,12233.24,0.3964,4.0,Hypertension
Hardin,TN,47071,46902.0,18.99,1.64,3.39,2.63,14.95,41.65,21.9,57.45,12035.79,0.3881,4.0,Hypertension
Hawkins,TN,47073,53647.0,16.65,0.61,1.04,1.78,14.2,40.45,21.200000000000003,58.1,11238.36,0.3457,4.0,Hypertension
Haywood,TN,47075,44890.0,21.62,0.96,50.24,4.3,18.6,48.0,21.9,59.35,15806.11,0.5014,4.0,Diabetes
Henderson,TN,47077,51576.0,17.68,2.04,8.15,2.7,14.0,40.35,21.2,55.5,16804.43,0.3605,4.0,Hypertension
Henry,TN,47079,48025.0,17.74,1.06,7.41,2.84,14.75,41.0,21.05,59.8,11627.13,0.3685,4.0,Hypertension
Hickman,TN,47081,54669.0,13.32,1.4,3.5,2.88,12.95,39.25,21.1,60.55,12975.85,0.3081,3.0,Hypertension
Houston,TN,47083,51544.0,12.92,0.9,3.4,2.84,13.2,39.35,21.0,59.9,18801.65,0.3062,3.0,Hypertension
Humphreys,TN,47085,54185.0,11.73,1.54,1.25,2.72,13.45,39.4,21.200000000000003,59.85,13528.08,0.3116,3.0,Hypertension
Jackson,TN,47087,42357.0,19.32,0.59,0.69,2.42,14.9,40.9,21.5,57.3,12418.29,0.373,4.0,Diabetes
Jefferson,TN,47089,60393.0,10.76,0.8,1.68,3.87,12.2,37.85,20.4,60.2,11314.34,0.2674,3.0,Hypertension
Johnson,TN,47091,47571.0,19.27,1.65,3.65,2.25,15.45,42.55,21.549999999999997,60.65,11339.13,0.4045,4.0,Hypertension
Knox,TN,47093,68580.0,12.08,0.8,8.25,4.76,11.55,35.7,19.25,66.15,12055.66,0.247,2.0,Hypertension
Lake,TN,47095,32064.0,18.57,0.49,25.67,2.9,18.4,47.55,23.6,53.1,12683.1,0.4758,4.0,Diabetes
Lauderdale,TN,47097,46702.0,16.36,0.58,34.38,2.88,16.15,43.85,22.25,56.45,14602.95,0.4016,4.0,Hypertension
Lawrence,TN,47099,51038.0,15.82,3.22,1.42,2.54,13.65,39.7,21.9,58.95,14144.83,0.3529,4.0,Hypertension
Lewis,TN,47101,44613.0,18.51,2.41,1.18,2.63,13.4,39.0,21.55,52.85,12634.24,0.3481,4.0,Poverty
Lincoln,TN,47103,61374.0,11.73,1.54,6.22,3.85,13.25,39.05,20.200000000000003,59.85,12722.71,0.3057,3.0,Hypertension
Loudon,TN,47105,75008.0,11.74,0.62,1.39,9.56,12.95,39.95,18.299999999999997,64.8,11605.07,0.298,3.0,Hypertension
McMinn,TN,47107,57982.0,13.28,1.25,3.48,4.52,13.9,40.4,21.0,60.95,11657.31,0.3308,3.0,Hypertension
McNairy,TN,47109,46920.0,16.46,0.93,5.87,2.44,14.55,41.3,21.85,58.75,11988.29,0.36,4.0,Hypertension
Macon,TN,47111,51215.0,16.25,0.43,0.7,5.33,13.65,37.75,22.3,56.1,13113.97,0.3132,3.0,Diabetes
Madison,TN,47113,55280.0,17.42,1.22,37.19,4.28,15.15,41.95,20.0,59.85,12118.86,0.3822,4.0,Hypertension
Marion,TN,47115,58139.0,16.09,0.33,2.9,2.11,14.4,40.65,21.25,56.45,12318.08,0.3451,4.0,Hypertension
Marshall,TN,47117,65325.0,15.34,0.72,4.71,6.03,12.65,38.05,20.5,60.25,12176.86,0.297,3.0,Hypertension
Maury,TN,47119,71500.0,8.76,1.71,10.86,6.61,11.7,37.2,19.4,62.5,11862.98,0.2538,2.0,Hypertension
Meigs,TN,47121,59434.0,15.3,0.79,2.38,1.21,14.05,41.4,21.5,59.25,11504.06,0.3454,4.0,Hypertension
Monroe,TN,47123,52123.0,15.56,0.74,1.85,4.57,14.05,41.55,21.5,58.1,10984.48,0.3472,4.0,Hypertension
Montgomery,TN,47125,67890.0,11.67,1.2,20.17,10.71,11.3,35.1,19.65,61.45,10984.51,0.2405,2.0,Uninsured
Moore,TN,47127,69250.0,9.76,1.13,3.66,0.47,13.0,39.2,19.95,57.45,11070.85,0.2892,3.0,Hypertension
Morgan,TN,47129,51971.0,18.45,0.68,4.91,1.64,13.6,40.15,21.450000000000003,58.25,11073.01,0.3424,4.0,Hypertension
Obion,TN,47131,50638.0,15.87,1.16,10.55,5.09,14.6,40.7,21.35,58.7,13766.4,0.356,4.0,Hypertension
Overton,TN,47133,46580.0,17.01,1.12,1.25,1.86,14.05,40.5,21.9,55.8,11634.4,0.3502,4.0,Hypertension
Perry,TN,47135,55978.0,13.9,2.42,0.36,1.01,14.7,41.35,22.05,58.05,12185.43,0.3657,4.0,Hypertension
Pickett,TN,47137,44317.0,20.69,0.06,0.28,2.22,16.2,43.6,21.65,59.55,12879.01,0.4157,4.0,Hypertension
Polk,TN,47139,53775.0,12.61,1.74,0.41,2.24,13.4,40.4,21.1,59.1,11382.96,0.324,3.0,Hypertension
Putnam,TN,47141,54371.0,15.59,1.16,2.22,6.73,12.05,36.45,20.65,56.9,12241.32,0.2808,3.0,Poverty
Rhea,TN,47143,55568.0,15.3,1.18,1.72,5.5,14.25,40.55,21.4,57.75,11464.72,0.3466,4.0,Hypertension
Roane,TN,47145,66460.0,12.02,0.23,2.7,2.23,12.9,39.5,19.85,62.3,11199.42,0.2914,3.0,Hypertension
Robertson,TN,47147,74440.0,10.19,1.28,7.18,7.69,11.9,36.6,19.9,59.5,12876.98,0.2553,2.0,Hypertension
Rutherford,TN,47149,78291.0,9.67,1.42,15.23,9.13,11.0,34.45,19.4,59.15,11917.65,0.2235,2.0,Uninsured
Scott,TN,47151,39744.0,25.09,2.35,0.32,0.23,15.3,41.95,23.75,55.3,12714.47,0.4318,4.0,Poverty
Sequatchie,TN,47153,53038.0,21.91,2.09,0.53,3.95,14.9,41.35,21.7,55.9,13082.36,0.4032,4.0,Poverty
Sevier,TN,47155,60103.0,13.07,1.25,0.94,6.89,12.95,37.75,20.549999999999997,59.95,10720.08,0.2946,3.0,Hypertension
Shelby,TN,47157,59621.0,17.8,1.74,53.78,6.78,15.25,42.0,19.45,61.5,12989.48,0.3912,4.0,Hypertension
Smith,TN,47159,57677.0,14.72,0.72,1.88,3.19,12.35,36.85,20.75,57.25,11545.84,0.2804,3.0,Hypertension
Stewart,TN,47161,57257.0,11.27,2.19,0.74,3.58,12.5,38.25,20.15,58.25,11963.7,0.2915,3.0,Hypertension
Sullivan,TN,47163,54357.0,14.97,0.34,1.99,2.23,13.55,38.75,20.3,60.5,11778.57,0.3118,3.0,Hypertension
Sumner,TN,47165,81883.0,9.3,1.2,8.42,5.66,11.35,35.2,18.9,63.5,13140.59,0.231,2.0,Uninsured
Tipton,TN,47167,70674.0,10.65,1.31,18.51,2.94,13.25,40.35,20.45,60.05,12755.21,0.3077,3.0,Hypertension
Trousdale,TN,47169,62018.0,9.0,0.54,11.8,2.93,12.0,36.6,21.15,59.55,15074.5,0.2441,2.0,Hypertension
Unicoi,TN,47171,49855.0,16.14,0.4,0.3,5.87,14.55,41.45,21.0,58.7,11676.05,0.3543,4.0,Hypertension
Union,TN,47173,57094.0,15.66,0.75,0.55,1.98,13.15,38.4,21.25,58.6,10268.64,0.3098,3.0,Hypertension
Van Buren,TN,47175,44730.0,16.37,3.83,0.13,0.91,13.9,40.95,21.1,55.65,13483.03,0.3747,4.0,Hypertension
Warren,TN,47177,52948.0,16.56,2.3,2.78,9.49,14.3,39.85,21.35,56.75,12387.84,0.3593,4.0,Hypertension
Washington,TN,47179,58507.0,15.18,0.87,3.7,3.88,12.0,35.35,20.15,61.2,11380.58,0.2673,3.0,Poverty
Wayne,TN,47181,49360.0,17.38,1.0,4.81,2.36,14.1,40.25,21.4,55.9,13038.65,0.3498,4.0,Hypertension
Weakley,TN,47183,47769.0,17.59,0.97,7.87,3.0,13.35,37.55,21.8,58.5,13579.53,0.3183,3.0,Poverty
White,TN,47185,48220.0,16.79,2.21,1.8,2.92,14.0,40.25,21.65,56.9,12011.7,0.3573,4.0,Hypertension
Williamson,TN,47187,125943.0,4.15,0.67,3.91,5.1,9.25,33.05,15.55,65.45,11110.96,0.1505,1.0,Uninsured
Wilson,TN,47189,89462.0,8.16,1.28,7.02,5.04,10.55,34.05,18.15,60.1,12596.32,0.2046,1.0,Uninsured
Anderson,TX,48001,57445.0,12.25,2.5,19.33,18.33,13.45,37.8,18.6,53.75,12974.01,0.312,3.0,Diabetes
Andrews,TX,48003,86458.0,11.86,6.5,2.27,57.93,12.8,32.25,18.049999999999997,53.35,12163.36,0.2987,3.0,Uninsured
Angelina,TX,48005,57055.0,15.63,3.35,12.61,22.97,13.95,39.6,20.1,54.95,15375.2,0.3576,4.0,Hypertension
Aransas,TX,48007,58168.0,17.64,2.96,0.84,28.9,13.65,38.5,17.0,57.1,12442.0,0.3501,4.0,Poverty
Archer,TX,48009,69954.0,12.19,3.28,0.58,8.61,11.3,34.9,18.1,58.0,14976.01,0.262,2.0,Uninsured
Armstrong,TX,48011,70417.0,5.7,0.1,0.84,9.41,11.0,34.2,17.299999999999997,61.15,13816.2,0.1901,1.0,Hypertension
Atascosa,TX,48013,67442.0,13.84,3.34,1.01,65.66,14.7,35.7,17.3,51.95,13637.17,0.3337,3.0,Diabetes
Austin,TX,48015,73556.0,11.82,3.04,8.98,28.19,13.25,36.45,17.6,58.3,12726.11,0.3022,3.0,Uninsured
Bailey,TX,48017,69830.0,12.33,13.6,0.51,67.92,14.9,34.5,17.95,54.15,14948.17,0.423,4.0,Uninsured
Bandera,TX,48019,70965.0,14.01,2.04,0.95,20.5,13.25,37.25,16.95,60.05,11014.08,0.3083,3.0,Diabetes
Bastrop,TX,48021,80151.0,11.64,4.07,6.35,41.22,12.7,34.4,17.3,57.1,12672.34,0.2874,3.0,Uninsured
Baylor,TX,48023,52716.0,11.37,4.03,1.47,11.22,13.25,37.75,18.75,60.85,19520.18,0.3192,3.0,Uninsured
Bee,TX,48025,50283.0,15.18,1.65,6.45,59.81,14.25,34.9,17.35,50.2,13546.64,0.3099,3.0,Diabetes
Bell,TX,48027,62858.0,14.21,2.14,23.86,26.18,12.8,33.65,18.75,58.3,11180.65,0.2766,3.0,Uninsured
Bexar,TX,48029,67275.0,14.89,2.42,7.6,61.02,13.85,33.5,16.7,57.1,13333.2,0.2993,3.0,Diabetes
Blanco,TX,48031,79717.0,9.67,2.7,0.2,20.0,11.15,34.1,15.85,60.5,12380.54,0.2362,2.0,Uninsured
Borden,TX,48033,80625.0,1.6,0.0,1.46,7.58,11.25,34.85,16.4,62.85,14833.21,0.1789,1.0,Hypertension
Bosque,TX,48035,63868.0,11.32,2.65,2.03,19.63,12.4,35.8,17.7,60.2,11975.39,0.2769,3.0,Uninsured
Bowie,TX,48037,56628.0,16.3,2.26,25.3,8.11,12.95,37.2,19.1,57.8,14253.6,0.3157,3.0,Poverty
Brazoria,TX,48039,91972.0,7.28,2.4,15.25,31.91,11.65,34.05,16.200000000000003,59.2,15148.67,0.2302,2.0,Uninsured
Brazos,TX,48041,57562.0,22.48,1.96,10.91,26.3,11.1,30.85,18.7,56.5,12813.58,0.2644,2.0,Poverty
Brewster,TX,48043,47747.0,15.28,1.3,0.34,45.53,11.65,32.45,14.95,59.7,9490.69,0.2451,2.0,Poverty
Briscoe,TX,48045,35446.0,24.11,0.78,4.19,35.19,15.4,39.25,18.7,51.4,17160.65,0.3939,4.0,Poverty
Brooks,TX,48047,30566.0,30.83,4.72,0.62,89.45,19.0,37.2,17.8,47.95,16494.12,0.5105,4.0,Diabetes
Brown,TX,48049,53792.0,12.64,2.5,3.47,23.28,12.7,35.45,18.45,56.0,13664.71,0.2841,3.0,Uninsured
Burleson,TX,48051,71745.0,12.28,1.67,12.09,21.61,12.5,36.2,17.5,56.3,13154.79,0.2762,3.0,Uninsured
Burnet,TX,48053,71482.0,7.66,2.02,1.32,22.74,11.9,34.75,17.05,62.8,12574.53,0.2375,2.0,Uninsured
Caldwell,TX,48055,66779.0,13.32,4.28,4.56,55.07,14.05,34.0,17.7,52.85,16353.82,0.3173,3.0,Uninsured
Calhoun,TX,48057,62267.0,9.07,1.89,2.88,50.04,13.45,34.3,16.700000000000003,55.25,14883.2,0.2658,3.0,Diabetes
Callahan,TX,48059,63906.0,8.67,1.77,1.19,10.68,11.7,35.25,18.25,61.2,13364.54,0.24,2.0,Uninsured
Cameron,TX,48061,47435.0,25.17,4.96,0.68,89.98,17.9,33.45,16.65,47.1,13938.34,0.4407,4.0,Diabetes
Camp,TX,48063,53968.0,21.44,5.41,15.02,26.76,14.9,38.7,19.5,54.55,13173.98,0.4148,4.0,Uninsured
Carson,TX,48065,83199.0,7.45,2.83,1.19,10.64,10.5,33.15,17.4,60.75,14931.38,0.2092,1.0,Uninsured
Cass,TX,48067,54303.0,18.23,2.27,15.06,5.26,13.85,39.15,19.700000000000003,56.85,14551.94,0.3542,4.0,Hypertension
Castro,TX,48069,59886.0,12.3,3.74,1.44,65.36,14.6,34.6,17.0,50.75,15201.32,0.3209,3.0,Diabetes
Chambers,TX,48071,106103.0,13.62,2.11,7.12,25.21,10.75,32.0,18.0,57.95,15871.42,0.2269,2.0,Uninsured
Cherokee,TX,48073,56971.0,15.44,3.38,13.14,24.3,13.65,36.75,19.05,54.55,13892.88,0.3314,3.0,Uninsured
Childress,TX,48075,56063.0,11.83,1.24,7.05,37.35,12.0,34.0,18.35,55.05,13276.0,0.2455,2.0,Uninsured
Clay,TX,48077,75227.0,8.99,4.58,0.26,7.1,11.5,35.4,17.950000000000003,61.1,15919.55,0.2669,3.0,Uninsured
Cochran,TX,48079,41597.0,25.31,2.14,6.8,60.85,17.85,38.55,19.950000000000003,47.35,10575.07,0.4494,4.0,Diabetes
Coke,TX,48081,40230.0,15.85,1.42,1.66,23.06,13.85,37.8,18.25,56.6,16134.21,0.3249,3.0,Diabetes
Coleman,TX,48083,51034.0,16.92,5.38,3.24,18.29,13.35,37.5,18.25,58.4,14301.39,0.3584,4.0,Uninsured
Collin,TX,48085,113255.0,6.28,2.0,10.45,15.65,9.3,30.05,14.649999999999999,58.8,14293.12,0.1529,1.0,Uninsured
Collingsworth,TX,48087,52045.0,21.75,10.89,7.47,29.32,14.1,37.2,18.7,55.65,18743.45,0.4461,4.0,Uninsured
Colorado,TX,48089,63352.0,7.24,3.49,12.1,31.4,13.25,36.5,17.15,57.45,13810.07,0.2856,3.0,Uninsured
Comal,TX,48091,93744.0,6.05,1.92,2.3,28.62,10.2,32.0,15.2,60.9,12388.0,0.1803,1.0,Uninsured
Comanche,TX,48093,57383.0,13.3,2.59,0.43,29.18,13.1,36.35,17.75,58.0,13335.83,0.3014,3.0,Uninsured
Concho,TX,48095,55750.0,11.9,1.51,4.2,38.76,13.45,36.85,17.299999999999997,58.2,12806.76,0.2937,3.0,Diabetes
Cooke,TX,48097,66374.0,13.09,3.26,3.19,19.03,11.9,34.95,18.15,58.3,15584.57,0.2766,3.0,Uninsured
Coryell,TX,48099,63281.0,8.55,1.39,13.65,19.6,10.9,31.65,19.25,57.65,12296.18,0.1961,1.0,Uninsured
Cottle,TX,48101,47625.0,24.1,0.67,6.62,23.62,16.35,40.55,18.7,56.55,9831.22,0.4182,4.0,Diabetes
Crane,TX,48103,71364.0,3.71,2.63,2.35,65.9,14.75,33.85,17.700000000000003,54.5,13837.48,0.2669,3.0,Diabetes
Crockett,TX,48105,64103.0,9.12,0.44,0.37,58.6,14.95,34.9,17.25,55.05,12677.58,0.2815,3.0,Diabetes
Crosby,TX,48107,50268.0,23.11,4.3,3.03,56.78,15.85,37.2,18.4,53.95,13796.1,0.4169,4.0,Diabetes
Culberson,TX,48109,35924.0,22.01,0.0,0.18,81.34,17.75,37.8,17.9,52.5,19674.02,0.4057,4.0,Diabetes
Dallam,TX,48111,71969.0,8.37,5.72,0.07,47.9,14.65,35.15,18.9,52.05,14262.75,0.3269,3.0,Uninsured
Dallas,TX,48113,70732.0,13.82,4.01,22.5,40.95,12.5,33.3,17.0,54.7,14714.67,0.2857,3.0,Uninsured
Dawson,TX,48115,45268.0,21.26,3.92,8.05,58.56,15.3,36.05,18.6,49.6,14841.05,0.3868,4.0,Diabetes
Deaf Smith,TX,48117,51942.0,15.6,4.5,1.43,75.38,16.2,35.25,18.45,48.65,12391.52,0.3756,4.0,Diabetes
Delta,TX,48119,68491.0,13.94,1.17,8.75,9.45,12.3,36.15,19.0,59.4,14209.11,0.2753,3.0,Poverty
Denton,TX,48121,104180.0,7.32,1.98,10.41,19.75,9.75,29.4,15.8,58.15,13985.53,0.1605,1.0,Uninsured
DeWitt,TX,48123,61100.0,14.92,2.16,7.81,36.37,14.55,37.35,17.95,54.05,13966.94,0.3365,4.0,Diabetes
Dickens,TX,48125,46638.0,11.66,3.5,1.91,38.15,14.45,38.3,17.7,59.2,14633.32,0.3397,4.0,Diabetes
Dimmit,TX,48127,27374.0,42.97,0.89,0.6,87.96,22.45,41.1,19.6,41.3,16632.19,0.6159,4.0,Diabetes
Donley,TX,48129,51711.0,10.13,3.18,6.58,12.46,12.45,36.1,18.75,59.0,13264.6,0.2796,3.0,Uninsured
Duval,TX,48131,50697.0,20.25,1.68,0.85,88.69,17.9,37.0,17.799999999999997,50.55,18264.46,0.4109,4.0,Diabetes
Eastland,TX,48133,52902.0,15.37,2.16,2.42,17.34,12.75,35.9,18.85,56.3,14242.82,0.2976,3.0,Poverty
Ector,TX,48135,70566.0,15.59,6.77,4.96,63.59,13.2,31.35,17.75,52.25,14257.13,0.3191,3.0,Uninsured
Edwards,TX,48137,40809.0,22.83,1.45,1.01,49.49,16.5,39.25,16.9,52.3,9753.63,0.4132,4.0,Diabetes
Ellis,TX,48139,93248.0,8.11,3.87,12.57,27.52,11.25,33.55,17.4,60.8,14258.66,0.2382,2.0,Uninsured
El Paso,TX,48141,55417.0,19.19,3.31,3.21,82.95,15.35,33.05,17.45,52.8,11301.41,0.3503,4.0,Diabetes
Erath,TX,48143,59654.0,15.58,2.91,1.41,21.81,10.9,31.4,19.1,57.25,12895.71,0.2422,2.0,Uninsured
Falls,TX,48145,45172.0,14.11,4.54,20.65,24.78,14.95,38.85,19.700000000000003,53.9,12230.12,0.3738,4.0,Uninsured
Fannin,TX,48147,65835.0,11.75,2.09,6.03,12.64,12.3,35.6,18.9,58.3,14976.45,0.2702,3.0,Uninsured
Fayette,TX,48149,72881.0,9.98,3.14,5.97,22.04,11.95,34.95,16.6,60.05,13398.44,0.2617,2.0,Uninsured
Fisher,TX,48151,60461.0,12.01,1.28,3.07,32.8,12.65,36.0,17.200000000000003,59.55,14614.76,0.2722,3.0,Diabetes
Floyd,TX,48153,49321.0,18.86,3.9,5.53,59.28,15.7,36.5,17.9,51.5,12991.73,0.3855,4.0,Diabetes
Foard,TX,48155,41944.0,21.02,1.77,0.28,13.58,15.9,40.8,19.85,53.75,18490.37,0.4089,4.0,Diabetes
Fort Bend,TX,48157,109987.0,6.87,2.47,20.31,25.12,11.55,31.05,14.45,56.45,14350.09,0.2056,1.0,Uninsured
Franklin,TX,48159,67915.0,8.53,4.04,4.54,15.53,11.45,34.9,17.3,63.5,12686.72,0.255,2.0,Uninsured
Freestone,TX,48161,55902.0,11.74,1.51,14.98,16.82,13.3,38.1,18.549999999999997,59.85,12761.73,0.2994,3.0,Hypertension
Frio,TX,48163,56042.0,16.74,0.64,4.33,79.42,15.9,34.05,17.75,49.25,15062.93,0.329,3.0,Diabetes
Gaines,TX,48165,73299.0,12.58,8.85,1.81,42.62,12.05,31.5,19.85,52.0,15590.81,0.3072,3.0,Uninsured
Galveston,TX,48167,83913.0,10.83,2.6,12.27,25.91,11.55,34.2,16.950000000000003,59.75,14980.65,0.2481,2.0,Uninsured
Garza,TX,48169,56215.0,11.56,1.1,9.42,46.8,14.7,35.25,18.3,47.9,13496.17,0.2977,3.0,Diabetes
Gillespie,TX,48171,70162.0,8.95,4.62,0.22,24.39,11.55,35.1,15.75,60.85,10453.99,0.2658,3.0,Uninsured
Glasscock,TX,48173,112188.0,5.24,10.49,0.0,31.27,10.4,31.2,15.600000000000001,58.65,10243.12,0.259,2.0,Uninsured
Goliad,TX,48175,58125.0,9.84,0.87,5.32,35.86,13.6,36.35,17.35,55.6,14538.5,0.2767,3.0,Diabetes
Gonzales,TX,48177,64255.0,12.87,2.86,6.35,52.22,14.85,36.65,18.45,53.2,12818.62,0.3339,3.0,Diabetes
Gray,TX,48179,54563.0,15.59,3.09,4.67,30.44,13.15,36.15,18.75,53.85,14159.33,0.3164,3.0,Uninsured
Grayson,TX,48181,66608.0,11.21,3.55,5.52,14.58,11.55,34.1,18.35,58.6,15636.96,0.2586,2.0,Uninsured
Gregg,TX,48183,63811.0,16.02,3.1,19.51,19.63,12.9,36.45,19.15,59.05,15452.23,0.3165,3.0,Uninsured
Grimes,TX,48185,63484.0,12.63,4.77,11.92,24.75,13.35,36.6,18.35,56.1,13816.67,0.3259,3.0,Uninsured
Guadalupe,TX,48187,88111.0,8.6,1.81,8.55,38.98,12.2,32.75,16.65,58.8,13254.29,0.2305,2.0,Uninsured
Hale,TX,48189,50721.0,17.21,3.42,4.05,61.58,15.3,35.9,18.4,49.3,13028.38,0.3619,4.0,Diabetes
Hall,TX,48191,43873.0,18.23,2.32,6.53,35.19,15.55,38.9,18.3,56.6,15072.83,0.3817,4.0,Diabetes
Hamilton,TX,48193,54890.0,16.7,1.92,0.95,14.07,12.8,37.2,18.15,55.25,12260.5,0.3117,3.0,Poverty
Hansford,TX,48195,62350.0,8.24,4.61,0.21,49.03,12.95,33.4,17.5,57.35,13470.53,0.2739,3.0,Uninsured
Hardeman,TX,48197,60455.0,11.01,2.15,3.28,28.55,13.55,37.05,18.75,56.45,15747.19,0.299,3.0,Diabetes
Hardin,TX,48199,70164.0,13.27,2.9,6.17,6.53,11.4,34.6,19.15,58.7,15379.82,0.2629,2.0,Uninsured
Harris,TX,48201,70789.0,15.61,3.82,18.9,43.93,13.2,32.85,16.45,53.6,15238.52,0.3008,3.0,Uninsured
Harrison,TX,48203,63427.0,15.84,3.4,20.57,13.89,12.85,36.8,19.1,59.1,14501.29,0.3203,3.0,Uninsured
Hartley,TX,48205,78065.0,5.03,6.22,7.38,27.19,11.4,33.55,16.6,57.25,13120.09,0.2496,2.0,Uninsured
Haskell,TX,48207,52786.0,14.29,2.29,5.97,28.64,13.6,36.7,18.4,55.8,14583.23,0.314,3.0,Diabetes
Hays,TX,48209,79990.0,12.53,2.16,3.88,40.33,10.5,29.75,16.75,59.3,12909.86,0.2018,1.0,Uninsured
Hemphill,TX,48211,67798.0,6.05,4.15,1.78,35.63,10.65,31.7,16.5,59.2,12543.99,0.2079,1.0,Uninsured
Henderson,TX,48213,59778.0,14.51,2.96,5.58,13.97,12.9,37.3,18.9,58.7,13946.19,0.3141,3.0,Uninsured
Hidalgo,TX,48215,49371.0,27.4,5.54,0.62,92.5,17.55,33.75,18.1,53.3,13313.13,0.4531,4.0,Diabetes
Hill,TX,48217,60669.0,12.95,2.89,6.28,21.89,12.85,36.05,18.55,58.3,13344.59,0.2963,3.0,Uninsured
Hockley,TX,48219,53283.0,14.56,3.64,2.92,50.22,13.5,34.0,18.05,53.15,13718.73,0.3075,3.0,Uninsured
Hood,TX,48221,80013.0,8.75,2.79,1.03,13.11,10.85,34.0,16.6,60.95,13359.46,0.227,2.0,Uninsured
Hopkins,TX,48223,63766.0,13.17,3.05,7.32,17.85,12.3,35.25,18.85,55.45,14489.16,0.2838,3.0,Uninsured
Houston,TX,48225,51043.0,15.26,2.11,24.28,12.27,15.15,40.3,19.1,53.2,13783.93,0.369,4.0,Diabetes
Howard,TX,48227,67243.0,12.84,1.86,5.87,44.65,13.4,34.3,18.1,51.75,12923.99,0.2823,3.0,Diabetes
Hudspeth,TX,48229,35163.0,18.62,6.22,0.72,79.63,15.85,35.35,19.0,42.95,7317.71,0.4015,4.0,Uninsured
Hunt,TX,48231,66885.0,11.89,2.26,7.83,18.57,11.75,34.55,18.75,53.7,14925.09,0.2556,2.0,Uninsured
Hutchinson,TX,48233,62211.0,10.26,2.9,2.34,24.5,11.95,34.0,18.45,58.15,14142.67,0.2538,2.0,Uninsured
Irion,TX,48235,54708.0,7.43,6.79,0.0,27.74,11.85,34.35,17.05,59.95,18394.12,0.2799,3.0,Uninsured
Jack,TX,48237,58861.0,12.76,3.23,3.95,17.9,12.6,35.95,19.299999999999997,53.65,16542.68,0.2938,3.0,Uninsured
Jackson,TX,48239,67176.0,11.79,2.15,5.9,33.78,13.4,35.95,18.25,58.2,15572.15,0.2922,3.0,Diabetes
Jasper,TX,48241,48818.0,22.07,3.12,15.24,7.09,14.6,40.0,20.4,53.65,14289.22,0.3994,4.0,Poverty
Jeff Davis,TX,48243,38125.0,24.1,1.66,1.31,19.73,17.15,42.0,16.5,57.05,10698.43,0.452,4.0,Diabetes
Jefferson,TX,48245,57294.0,17.06,3.3,33.29,22.58,14.9,38.6,18.9,55.5,15342.66,0.3727,4.0,Diabetes
Jim Hogg,TX,48247,42292.0,28.24,4.72,0.54,89.73,21.5,39.85,18.4,44.8,22298.95,0.5599,4.0,Diabetes
Jim Wells,TX,48249,46626.0,22.35,3.54,0.73,80.31,17.1,35.95,17.549999999999997,48.95,17302.42,0.418,4.0,Diabetes
Johnson,TX,48251,77058.0,10.42,3.39,4.51,23.59,11.45,32.95,18.2,55.95,14762.42,0.2433,2.0,Uninsured
Jones,TX,48253,59361.0,9.74,2.42,10.93,28.36,12.95,36.05,18.45,52.85,13762.79,0.2783,3.0,Uninsured
Karnes,TX,48255,57798.0,15.91,2.2,6.52,56.18,14.2,35.6,17.95,51.75,14441.17,0.3229,3.0,Diabetes
Kaufman,TX,48257,84075.0,9.67,3.15,15.19,24.75,11.35,32.9,18.15,59.45,14827.09,0.2354,2.0,Uninsured
Kendall,TX,48259,104196.0,5.02,2.47,0.78,25.05,9.95,31.95,15.05,61.35,12382.44,0.1764,1.0,Uninsured
Kenedy,TX,48261,45455.0,2.59,0.0,0.0,96.55,16.7,35.4,17.5,42.65,19868.99,0.2799,3.0,Diabetes
Kent,TX,48263,68553.0,7.24,1.26,0.94,13.54,11.1,34.15,16.25,62.6,12275.78,0.2101,2.0,Uninsured
Kerr,TX,48265,66713.0,12.11,3.9,1.65,28.17,12.75,35.75,16.65,59.55,11470.22,0.2985,3.0,Uninsured
Kimble,TX,48267,62386.0,12.23,3.64,1.74,26.3,14.15,38.55,17.7,59.55,11483.62,0.3404,4.0,Uninsured
King,TX,48269,59375.0,27.78,0.0,0.0,32.87,14.5,40.0,18.6,52.2,8372.01,0.3935,4.0,Poverty
Kinney,TX,48271,52386.0,14.54,0.0,0.0,64.36,14.5,36.35,16.1,56.3,12961.61,0.3053,3.0,Diabetes
Kleberg,TX,48273,52487.0,28.79,1.82,3.04,73.47,14.7,32.8,17.7,51.95,13618.24,0.3676,4.0,Poverty
Knox,TX,48275,48750.0,10.98,1.86,5.97,34.92,14.05,37.2,18.35,53.85,14787.85,0.3055,3.0,Diabetes
Lamar,TX,48277,58246.0,15.74,3.47,12.72,8.79,13.1,37.55,19.7,58.8,14899.1,0.3301,3.0,Uninsured
Lamb,TX,48279,54519.0,17.15,4.37,3.48,56.94,15.45,36.15,18.1,48.15,13016.16,0.3754,4.0,Diabetes
Lampasas,TX,48281,73269.0,9.4,2.04,4.43,20.16,12.5,35.35,18.15,58.5,11747.76,0.2603,2.0,Uninsured
La Salle,TX,48283,62798.0,24.16,1.34,3.33,87.44,16.05,34.5,18.200000000000003,45.25,16924.29,0.3764,4.0,Diabetes
Lavaca,TX,48285,58530.0,9.99,1.38,5.26,19.96,12.85,36.7,18.0,56.9,15548.29,0.2722,3.0,Diabetes
Lee,TX,48287,66448.0,12.87,1.86,10.53,24.77,13.9,37.7,18.6,55.8,12961.1,0.3154,3.0,Diabetes
Leon,TX,48289,57363.0,14.3,5.09,7.53,15.65,13.35,37.55,18.6,57.75,12010.37,0.3437,4.0,Uninsured
Liberty,TX,48291,59605.0,16.48,5.38,8.49,31.77,13.85,35.45,20.05,53.95,16617.58,0.3501,4.0,Uninsured
Limestone,TX,48293,53102.0,20.7,2.36,17.01,22.92,14.6,39.05,18.9,53.3,14272.19,0.3786,4.0,Poverty
Lipscomb,TX,48295,71625.0,13.46,8.03,0.39,34.27,13.45,35.7,17.45,56.15,13722.98,0.3572,4.0,Uninsured
Live Oak,TX,48297,55949.0,18.3,2.37,2.45,40.74,15.2,38.0,18.3,52.0,12082.68,0.3701,4.0,Diabetes
Llano,TX,48299,64241.0,11.18,1.78,0.61,11.66,12.9,38.1,16.35,63.1,13136.14,0.2927,3.0,Hypertension
Lubbock,TX,48303,61911.0,16.52,2.19,7.15,36.84,11.7,31.1,17.95,58.4,14108.62,0.2508,2.0,Poverty
Lynn,TX,48305,52996.0,18.53,3.38,1.49,45.54,14.3,35.9,18.45,53.15,15694.47,0.3507,4.0,Diabetes
McCulloch,TX,48307,53214.0,13.16,3.08,0.85,32.9,13.7,36.7,18.05,56.6,13265.08,0.3183,3.0,Uninsured
McLennan,TX,48309,59781.0,17.18,2.25,14.1,27.08,12.35,34.1,18.45,58.1,13151.23,0.2872,3.0,Poverty
McMullen,TX,48311,60313.0,14.93,8.21,0.0,60.15,15.95,38.65,18.0,50.5,15900.64,0.4295,4.0,Uninsured
Madison,TX,48313,65768.0,10.35,2.35,16.03,24.73,13.0,36.0,18.95,55.95,14891.81,0.281,3.0,Uninsured
Marion,TX,48315,48040.0,15.54,1.16,21.9,4.62,15.45,41.75,19.4,59.4,15507.49,0.3765,4.0,Diabetes
Martin,TX,48317,70217.0,16.7,3.33,1.28,51.45,11.8,31.9,17.9,54.65,14625.92,0.2704,3.0,Uninsured
Mason,TX,48319,77583.0,4.93,2.3,0.08,19.25,12.15,35.75,15.7,61.1,10323.23,0.239,2.0,Uninsured
Matagorda,TX,48321,56412.0,21.51,4.36,9.86,44.21,15.15,37.3,18.0,56.2,16684.03,0.3988,4.0,Diabetes
Maverick,TX,48323,48497.0,23.31,4.96,0.15,95.06,17.95,34.7,17.9,46.35,14281.73,0.4419,4.0,Diabetes
Medina,TX,48325,73060.0,9.81,2.42,2.5,53.11,13.4,35.25,16.45,56.6,13116.14,0.2805,3.0,Diabetes
Menard,TX,48327,40945.0,21.95,10.54,0.05,34.22,14.85,38.35,16.950000000000003,54.9,13922.17,0.4646,4.0,Uninsured
Midland,TX,48329,90123.0,10.64,3.56,6.83,47.07,11.1,31.15,17.0,56.25,12246.46,0.2271,2.0,Uninsured
Milam,TX,48331,56985.0,13.98,3.15,10.71,27.26,13.4,37.15,18.15,55.4,14059.35,0.3209,3.0,Uninsured
Mills,TX,48333,59315.0,6.6,1.02,0.67,24.64,12.0,35.55,16.85,59.7,12894.93,0.2301,2.0,Hypertension
Mitchell,TX,48335,49869.0,11.65,1.02,8.07,41.06,13.4,35.65,18.25,51.0,12795.19,0.2782,3.0,Diabetes
Montague,TX,48337,63336.0,12.74,1.89,0.79,11.58,11.95,35.45,18.85,56.65,14973.94,0.2658,3.0,Uninsured
Montgomery,TX,48339,95946.0,8.76,2.48,5.6,25.84,10.9,31.0,16.6,59.2,15011.66,0.2032,1.0,Uninsured
Moore,TX,48341,59041.0,13.34,4.95,4.23,58.46,14.8,34.45,18.4,48.85,11378.36,0.34,4.0,Uninsured
Morris,TX,48343,51532.0,15.38,1.09,22.5,11.12,14.2,39.4,19.45,56.85,13459.28,0.3369,4.0,Diabetes
Motley,TX,48345,66528.0,9.4,1.64,2.04,13.65,12.6,37.0,17.6,60.85,17898.77,0.27,3.0,Hypertension
Nacogdoches,TX,48347,51153.0,20.6,2.21,17.62,20.43,13.1,35.05,19.8,54.1,13577.37,0.3223,3.0,Poverty
Navarro,TX,48349,56261.0,16.09,2.61,11.6,29.22,14.4,36.8,19.299999999999997,55.6,14266.69,0.3399,4.0,Diabetes
Newton,TX,48351,38871.0,23.87,4.45,18.42,4.1,16.35,42.3,21.55,51.9,15324.97,0.4672,4.0,Diabetes
Nolan,TX,48353,47437.0,15.21,3.52,4.79,39.41,15.25,38.0,19.200000000000003,49.75,13557.96,0.3678,4.0,Diabetes
Nueces,TX,48355,64027.0,16.92,2.07,3.7,64.88,15.15,35.1,16.75,54.7,13625.07,0.3389,4.0,Diabetes
Ochiltree,TX,48357,62240.0,12.09,6.65,0.83,56.14,13.8,34.35,18.1,53.6,11694.14,0.3333,3.0,Uninsured
Oldham,TX,48359,71103.0,14.65,1.29,6.77,26.16,12.3,34.3,18.45,56.15,11662.02,0.2665,3.0,Poverty
Orange,TX,48361,71910.0,11.79,2.83,8.76,8.91,11.65,35.05,19.4,59.9,14663.4,0.2627,2.0,Uninsured
Palo Pinto,TX,48363,65242.0,15.66,4.25,2.61,20.48,13.0,35.8,19.1,55.4,13964.22,0.3232,3.0,Uninsured
Panola,TX,48365,58205.0,13.66,4.23,12.55,9.36,12.55,36.65,18.85,59.25,13948.09,0.3121,3.0,Uninsured
Parker,TX,48367,95721.0,7.8,2.56,1.4,13.66,9.95,32.2,17.35,63.4,13570.45,0.192,1.0,Uninsured
Parmer,TX,48369,65575.0,9.42,8.03,0.68,65.06,14.25,33.6,17.0,51.25,15036.84,0.3367,4.0,Uninsured
Pecos,TX,48371,59325.0,19.36,2.38,4.54,70.11,16.25,35.85,17.45,51.1,11111.18,0.3774,4.0,Diabetes
Polk,TX,48373,57315.0,15.15,2.36,8.08,15.57,13.95,38.0,19.5,56.85,11834.43,0.334,3.0,Diabetes
Potter,TX,48375,47974.0,19.53,3.49,10.35,39.57,14.85,36.95,19.35,52.75,13213.95,0.3734,4.0,Diabetes
Presidio,TX,48377,29012.0,39.96,11.17,0.0,79.33,20.0,39.4,17.25,47.15,7951.4,0.6498,4.0,Poverty
Rains,TX,48379,60291.0,10.92,2.24,2.65,9.81,12.2,36.25,17.85,56.6,13419.15,0.2708,3.0,Uninsured
Randall,TX,48381,78038.0,9.24,1.23,3.3,23.95,10.4,31.95,17.4,60.6,13127.65,0.1914,1.0,Uninsured
Reagan,TX,48383,70319.0,7.13,4.26,2.6,70.74,14.1,33.7,16.549999999999997,53.05,11357.62,0.2869,3.0,Uninsured
Real,TX,48385,46842.0,22.47,1.06,1.31,25.58,15.45,39.9,18.200000000000003,54.2,13040.26,0.3945,4.0,Diabetes
Red River,TX,48387,44583.0,19.87,4.02,15.62,7.76,14.7,40.45,19.549999999999997,56.95,15248.72,0.4029,4.0,Diabetes
Reeves,TX,48389,57487.0,19.28,2.54,2.85,75.41,17.55,35.55,17.9,48.2,16616.36,0.3985,4.0,Diabetes
Refugio,TX,48391,54304.0,15.9,2.07,6.65,51.7,15.8,37.55,17.85,53.55,18688.69,0.3628,4.0,Diabetes
Roberts,TX,48393,62667.0,14.66,0.52,0.39,13.87,10.25,32.95,17.1,60.85,7684.27,0.2144,2.0,Poverty
Robertson,TX,48395,59410.0,14.07,2.84,20.84,22.17,13.85,37.7,18.5,59.15,14102.52,0.3299,3.0,Diabetes
Rockwall,TX,48397,121303.0,4.14,2.35,7.74,19.45,9.05,29.8,15.7,61.05,13897.86,0.1403,1.0,Uninsured
Runnels,TX,48399,55424.0,11.52,2.78,2.99,35.19,13.25,35.25,17.6,55.8,17822.36,0.2895,3.0,Uninsured
Rusk,TX,48401,61661.0,12.16,3.15,15.55,17.87,13.05,37.35,18.799999999999997,58.2,15095.99,0.3079,3.0,Uninsured
Sabine,TX,48403,47061.0,17.08,2.24,4.99,5.1,13.85,40.0,18.6,57.85,14271.84,0.3546,4.0,Hypertension
San Augustine,TX,48405,45888.0,26.43,3.55,22.26,8.12,18.05,44.85,21.1,56.05,14425.17,0.5174,4.0,Diabetes
San Jacinto,TX,48407,54839.0,17.28,3.46,9.3,14.99,14.55,39.15,19.4,56.9,15355.26,0.3734,4.0,Diabetes
San Patricio,TX,48409,63842.0,15.52,2.24,1.56,58.67,14.65,36.75,17.8,54.1,13567.11,0.3374,4.0,Diabetes
San Saba,TX,48411,54087.0,12.74,4.01,1.64,31.03,13.1,35.9,17.950000000000003,57.25,13288.92,0.3096,3.0,Uninsured
Schleicher,TX,48413,53774.0,14.43,7.19,1.62,54.28,13.35,34.15,16.3,55.25,12557.45,0.3405,4.0,Uninsured
Scurry,TX,48415,58932.0,10.41,5.37,3.64,42.07,13.0,34.15,17.8,57.4,14355.45,0.2978,3.0,Uninsured
Shackelford,TX,48417,60924.0,11.17,2.68,0.67,12.57,10.9,33.65,17.049999999999997,60.9,13823.73,0.2355,2.0,Uninsured
Shelby,TX,48419,49231.0,23.08,4.19,16.18,19.07,15.05,39.6,20.1,54.9,13570.39,0.4194,4.0,Poverty
Sherman,TX,48421,66169.0,8.2,2.65,0.17,42.83,12.05,32.5,16.6,55.75,10914.96,0.2326,2.0,Uninsured
Smith,TX,48423,69053.0,12.27,3.02,17.05,20.38,12.45,34.9,18.1,59.15,14409.56,0.2793,3.0,Uninsured
Somervell,TX,48425,87899.0,7.14,1.61,1.95,18.01,11.05,33.65,17.3,60.65,12668.18,0.2087,1.0,Uninsured
Starr,TX,48427,35979.0,33.17,7.22,0.12,96.24,20.25,37.05,19.35,42.9,18496.12,0.5663,4.0,Diabetes
Stephens,TX,48429,44712.0,15.84,1.79,2.85,25.11,12.8,35.6,18.299999999999997,54.55,13800.52,0.2948,3.0,Poverty
Sterling,TX,48431,63558.0,1.72,11.71,0.14,33.48,9.95,29.9,16.35,59.5,19112.57,0.2376,2.0,Uninsured
Stonewall,TX,48433,66591.0,6.84,9.92,0.45,26.82,13.65,37.9,18.0,55.6,21969.64,0.3642,4.0,Uninsured
Sutton,TX,48435,56778.0,16.47,3.23,0.15,74.62,15.7,36.15,17.05,54.05,13983.38,0.3651,4.0,Diabetes
Swisher,TX,48437,40290.0,26.89,4.76,8.13,45.54,16.05,38.4,18.95,49.9,15917.51,0.4511,4.0,Poverty
Tarrant,TX,48439,78872.0,10.86,3.23,17.26,29.81,11.55,31.25,17.5,57.5,14555.75,0.2332,2.0,Uninsured
Taylor,TX,48441,61806.0,13.95,2.41,8.03,25.53,11.25,32.85,18.35,56.35,14594.44,0.246,2.0,Uninsured
Terrell,TX,48443,52813.0,6.38,1.39,0.0,46.98,12.7,34.5,14.15,59.35,8255.75,0.237,2.0,Diabetes
Terry,TX,48445,42694.0,20.85,4.63,4.52,56.98,15.75,36.55,18.85,51.6,14818.48,0.4032,4.0,Diabetes
Throckmorton,TX,48447,55221.0,13.97,4.59,0.21,12.93,13.2,38.15,18.0,54.5,16243.59,0.339,4.0,Uninsured
Titus,TX,48449,57634.0,18.13,4.24,9.6,44.97,14.8,36.45,19.049999999999997,52.9,12785.54,0.3698,4.0,Diabetes
Tom Green,TX,48451,67215.0,11.18,2.99,3.94,41.78,12.4,33.75,17.65,60.4,13850.43,0.2648,2.0,Uninsured
Travis,TX,48453,92731.0,11.05,1.9,8.3,33.33,9.25,27.3,15.7,60.25,12993.0,0.1535,1.0,Uninsured
Trinity,TX,48455,51165.0,14.02,2.74,8.39,11.55,14.1,39.25,19.1,58.15,16027.58,0.3441,4.0,Diabetes
Tyler,TX,48457,50898.0,15.95,2.04,10.56,7.16,14.0,39.5,20.05,56.0,14289.28,0.3463,4.0,Hypertension
Upshur,TX,48459,60456.0,14.3,3.26,7.49,9.29,12.65,36.25,19.65,57.25,13855.59,0.3043,3.0,Uninsured
Upton,TX,48461,55284.0,19.95,2.77,2.19,56.3,15.7,36.4,18.9,50.6,24815.01,0.3787,4.0,Diabetes
Uvalde,TX,48463,55000.0,23.32,3.72,1.14,72.25,15.15,34.6,17.25,50.5,11621.78,0.3815,4.0,Poverty
Val Verde,TX,48465,57250.0,15.55,4.02,1.23,82.44,15.65,33.15,17.15,48.35,11694.68,0.3462,4.0,Diabetes
Van Zandt,TX,48467,62334.0,12.92,3.0,2.78,12.39,12.05,35.85,18.950000000000003,58.7,13848.61,0.2822,3.0,Uninsured
Victoria,TX,48469,66308.0,16.3,2.96,5.48,48.45,13.7,33.9,17.799999999999997,57.3,14205.4,0.3115,3.0,Diabetes
Walker,TX,48471,47193.0,15.34,1.8,21.92,18.43,13.55,36.95,19.25,53.45,14956.61,0.315,3.0,Diabetes
Waller,TX,48473,71643.0,11.99,4.52,24.75,30.86,11.65,32.45,18.45,58.2,13990.23,0.2616,2.0,Uninsured
Ward,TX,48475,70771.0,13.48,1.96,6.35,55.67,13.95,34.05,18.049999999999997,52.65,15465.74,0.2938,3.0,Diabetes
Washington,TX,48477,70043.0,11.14,3.49,18.04,17.35,11.95,35.7,17.2,61.8,11367.06,0.276,3.0,Uninsured
Webb,TX,48479,59984.0,21.13,5.09,0.49,95.44,16.45,32.3,17.0,45.85,13564.21,0.3903,4.0,Diabetes
Wharton,TX,48481,59712.0,14.41,4.19,12.93,43.0,13.95,36.1,17.85,53.9,16113.37,0.335,3.0,Uninsured
Wheeler,TX,48483,58158.0,17.99,4.9,2.65,25.5,13.25,36.65,18.700000000000003,57.9,18086.21,0.3508,4.0,Uninsured
Wichita,TX,48485,58862.0,14.26,1.95,10.02,20.38,11.85,34.45,18.700000000000003,56.25,16644.0,0.2646,2.0,Uninsured
Wilbarger,TX,48487,50769.0,17.54,0.06,7.64,30.36,15.35,38.25,19.799999999999997,52.95,16112.91,0.348,4.0,Diabetes
Willacy,TX,48489,42839.0,24.78,3.85,0.89,88.33,18.9,36.7,18.35,47.3,13734.02,0.4683,4.0,Diabetes
Williamson,TX,48491,102851.0,6.29,1.75,6.76,25.04,9.65,28.9,15.55,63.2,13364.27,0.1481,1.0,Uninsured
Wilson,TX,48493,89708.0,10.15,1.97,1.59,40.75,12.05,32.1,16.5,57.05,11982.19,0.2321,2.0,Uninsured
Winkler,TX,48495,89155.0,12.49,7.02,5.54,62.62,13.7,33.2,17.5,54.1,15965.6,0.3289,3.0,Uninsured
Wise,TX,48497,85385.0,8.89,2.92,1.43,20.39,11.1,32.85,18.299999999999997,57.55,15579.83,0.2249,2.0,Uninsured
Wood,TX,48499,61748.0,12.12,2.09,4.0,10.78,12.6,36.85,18.0,58.25,13468.93,0.286,3.0,Uninsured
Yoakum,TX,48501,80317.0,13.58,4.97,1.57,67.93,13.25,32.3,17.35,50.85,14679.1,0.2995,3.0,Uninsured
Young,TX,48503,65565.0,15.46,2.99,1.84,19.68,12.1,35.3,18.05,58.0,15865.04,0.2909,3.0,Uninsured
Zapata,TX,48505,35061.0,36.77,3.42,0.09,94.68,20.45,37.8,18.9,44.4,14121.24,0.5543,4.0,Diabetes
Zavala,TX,48507,49243.0,30.79,1.15,0.72,93.8,22.0,40.0,19.35,44.55,13229.82,0.546,4.0,Diabetes
Beaver,UT,49001,80268.0,6.83,2.84,0.14,12.94,9.35,28.65,17.15,61.3,10327.3,0.1545,1.0,Uninsured
Box Elder,UT,49003,72769.0,8.1,2.12,0.41,9.87,9.1,28.55,18.0,60.4,11674.77,0.1483,1.0,Uninsured
Cache,UT,49005,72719.0,13.16,1.31,0.69,10.99,8.65,26.65,17.200000000000003,57.05,12176.17,0.1426,1.0,Poverty
Carbon,UT,49007,53734.0,16.31,1.05,1.11,13.76,11.8,31.6,18.450000000000003,60.5,12475.91,0.2439,2.0,Poverty
Daggett,UT,49009,61250.0,7.21,0.0,0.0,2.82,11.45,34.8,17.1,63.15,8332.17,0.2081,1.0,Hypertension
Davis,UT,49011,101285.0,6.0,1.54,1.25,10.47,8.3,27.15,17.1,62.4,12484.2,0.1091,1.0,Uninsured
Duchesne,UT,49013,70821.0,13.27,3.31,0.37,8.51,10.6,30.45,18.85,53.85,10148.7,0.2234,2.0,Uninsured
Emery,UT,49015,67056.0,11.68,1.04,0.08,6.84,10.3,32.0,17.9,60.1,10837.31,0.1996,1.0,Uninsured
Garfield,UT,49017,56481.0,15.37,1.68,0.12,7.44,10.25,31.5,16.35,61.25,9194.32,0.2187,2.0,Poverty
Grand,UT,49019,59171.0,15.55,2.72,0.02,10.87,10.25,31.05,17.049999999999997,60.4,10020.67,0.2266,2.0,Uninsured
Iron,UT,49021,63005.0,13.96,2.06,0.75,9.68,9.55,28.0,18.25,56.6,10460.36,0.1788,1.0,Uninsured
Juab,UT,49023,88048.0,8.45,1.93,0.64,5.74,8.95,28.5,18.3,58.75,13414.26,0.1452,1.0,Uninsured
Kane,UT,49025,70327.0,12.52,0.93,0.17,5.4,10.35,32.15,16.5,62.25,10933.9,0.2044,1.0,Poverty
Millard,UT,49027,69403.0,11.05,3.98,0.25,12.72,10.95,31.85,17.700000000000003,54.85,10315.39,0.2357,2.0,Uninsured
Morgan,UT,49029,120854.0,1.72,1.32,0.56,3.06,7.8,27.15,15.850000000000001,64.05,11339.78,0.0785,1.0,Uninsured
Piute,UT,49031,33359.0,20.69,0.17,0.17,4.25,13.1,36.05,18.5,55.3,9404.57,0.3098,3.0,Poverty
Rich,UT,49033,69250.0,7.98,2.71,0.0,10.07,10.5,31.35,17.3,59.65,8930.3,0.1976,1.0,Uninsured
Salt Lake,UT,49035,90011.0,7.99,2.23,1.82,19.07,8.6,27.8,17.35,64.15,12841.04,0.135,1.0,Uninsured
San Juan,UT,49037,52108.0,20.22,4.34,0.15,6.34,14.55,35.95,20.9,53.7,10820.14,0.3727,4.0,Uninsured
Sanpete,UT,49039,64356.0,13.49,2.21,0.9,9.49,10.35,28.5,18.55,55.4,11739.42,0.1952,1.0,Uninsured
Sevier,UT,49041,66972.0,11.54,1.74,0.54,5.65,9.8,31.3,18.1,59.0,11457.13,0.1924,1.0,Uninsured
Summit,UT,49043,126392.0,5.22,1.43,0.75,11.04,7.95,25.95,14.05,65.05,9930.15,0.0898,1.0,Uninsured
Tooele,UT,49045,95545.0,4.49,2.0,0.8,13.68,9.15,29.55,17.05,55.95,13280.33,0.1383,1.0,Uninsured
Uintah,UT,49047,67983.0,11.42,3.64,0.42,8.75,10.35,30.45,18.75,53.6,9487.53,0.2138,2.0,Uninsured
Utah,UT,49049,91263.0,8.64,2.14,0.61,12.47,7.85,25.45,16.4,61.7,12201.6,0.1075,1.0,Uninsured
Wasatch,UT,49051,104855.0,5.32,1.84,0.45,13.74,7.9,26.0,14.8,65.95,10546.47,0.0938,1.0,Uninsured
Washington,UT,49053,71976.0,8.71,3.68,0.58,11.12,9.75,31.7,16.3,61.2,12034.1,0.2004,1.0,Uninsured
Wayne,UT,49055,64870.0,8.37,3.28,0.0,1.82,11.5,34.3,17.7,59.6,8387.09,0.2432,2.0,Uninsured
Weber,UT,49057,82291.0,7.55,1.88,1.05,18.78,8.95,29.45,18.55,60.3,12076.06,0.1473,1.0,Uninsured
Addison,VT,50001,85870.0,6.88,0.12,1.04,2.5,7.35,29.35,15.8,67.15,9481.52,0.099,1.0,Uninsured
Bennington,VT,50003,68558.0,10.87,0.61,0.96,2.39,8.65,31.9,17.200000000000003,66.25,9370.17,0.1629,1.0,Uninsured
Caledonia,VT,50005,62964.0,11.51,0.52,1.06,1.91,8.9,31.8,18.05,61.05,9565.91,0.1685,1.0,Poverty
Chittenden,VT,50007,89494.0,10.55,0.5,2.53,2.55,6.4,24.75,16.0,67.15,9130.43,0.0706,1.0,Uninsured
Essex,VT,50009,55247.0,13.2,0.25,0.03,1.54,10.55,35.0,18.35,63.1,9402.05,0.2248,2.0,Poverty
Franklin,VT,50011,73633.0,10.28,0.4,0.24,1.84,8.75,31.75,17.65,67.2,8919.64,0.1587,1.0,Uninsured
Grand Isle,VT,50013,86639.0,7.42,0.15,1.09,2.0,8.3,31.7,16.05,69.75,7136.23,0.1348,1.0,Uninsured
Lamoille,VT,50015,69886.0,8.38,0.61,1.2,1.96,7.55,27.3,16.299999999999997,63.8,10265.65,0.0994,1.0,Uninsured
Orange,VT,50017,74534.0,9.04,0.49,0.34,1.41,8.45,30.9,16.45,63.05,10026.46,0.1425,1.0,Uninsured
Orleans,VT,50019,63981.0,9.51,0.27,0.69,1.66,9.4,32.7,18.05,63.95,9946.12,0.1717,1.0,Uninsured
Rutland,VT,50021,62641.0,11.02,0.3,0.63,1.69,8.95,32.9,17.4,63.0,9726.03,0.1728,1.0,Poverty
Washington,VT,50023,77278.0,9.54,0.22,0.92,2.01,8.0,27.8,16.25,63.75,9136.06,0.1122,1.0,Uninsured
Windham,VT,50025,65473.0,12.13,0.25,1.13,2.57,8.5,29.0,16.799999999999997,66.15,9725.02,0.1417,1.0,Poverty
Windsor,VT,50027,69492.0,8.6,0.41,0.71,2.01,8.2,29.5,15.950000000000001,69.25,10524.67,0.1254,1.0,Uninsured
Accomack,VA,51001,52694.0,15.7,1.41,28.42,9.24,15.8,42.95,18.15,62.5,10199.46,0.3943,4.0,Hypertension
Albemarle,VA,51003,97708.0,6.56,0.76,8.86,5.9,9.45,30.35,14.75,69.3,9978.61,0.1466,1.0,Uninsured
Alleghany,VA,51005,52546.0,13.42,1.21,5.17,1.62,13.05,38.15,18.8,62.15,11171.0,0.3004,3.0,Hypertension
Amelia,VA,51007,63438.0,11.04,0.12,20.13,3.42,14.7,39.55,18.95,63.3,11986.33,0.3166,3.0,Diabetes
Amherst,VA,51009,64454.0,10.98,0.91,18.22,2.67,13.45,38.05,18.4,66.9,11510.76,0.2921,3.0,Diabetes
Appomattox,VA,51011,60041.0,13.69,1.1,18.11,2.17,13.25,38.3,18.35,63.85,11810.7,0.3051,3.0,Hypertension
Arlington,VA,51013,137387.0,6.58,0.51,9.33,15.58,8.25,26.55,13.2,67.4,10384.15,0.0965,1.0,Uninsured
Augusta,VA,51015,76124.0,7.72,1.06,4.4,3.43,11.75,34.9,17.799999999999997,64.3,10548.06,0.2268,2.0,Uninsured
Bath,VA,51017,55699.0,22.89,0.0,4.84,0.74,15.5,41.75,19.45,60.8,10864.47,0.4002,4.0,Diabetes
Bedford,VA,51019,74773.0,8.98,0.45,6.17,2.61,11.8,34.1,16.95,63.85,10559.36,0.2217,2.0,Diabetes
Bland,VA,51021,59901.0,9.04,0.62,4.02,0.79,12.15,36.45,17.8,63.3,12460.18,0.2466,2.0,Hypertension
Botetourt,VA,51023,77680.0,7.11,0.33,2.54,1.97,11.25,35.35,16.799999999999997,67.0,10996.22,0.2115,2.0,Hypertension
Brunswick,VA,51025,52678.0,14.69,0.19,54.58,2.6,16.65,43.1,18.9,62.55,11886.97,0.393,4.0,Diabetes
Buchanan,VA,51027,39591.0,24.09,0.61,1.84,0.95,15.3,40.4,20.8,57.6,11329.57,0.3987,4.0,Poverty
Buckingham,VA,51029,59894.0,12.35,1.96,32.18,2.53,15.1,40.95,18.85,63.6,11308.21,0.3578,4.0,Diabetes
Campbell,VA,51031,59022.0,9.83,0.92,14.09,3.06,12.75,36.4,18.049999999999997,65.1,11267.55,0.2631,2.0,Diabetes
Caroline,VA,51033,83562.0,11.02,1.23,24.45,5.9,13.0,37.4,17.9,64.85,12001.35,0.2831,3.0,Hypertension
Carroll,VA,51035,49113.0,15.14,0.68,0.48,4.21,13.7,38.75,19.200000000000003,62.65,10764.99,0.3185,3.0,Hypertension
Charles City,VA,51036,65573.0,12.37,0.96,43.91,2.16,16.55,42.7,18.15,64.9,11827.2,0.3852,4.0,Diabetes
Charlotte,VA,51037,51548.0,19.93,0.76,26.11,2.59,16.3,41.3,19.8,62.7,10040.19,0.4042,4.0,Diabetes
Chesterfield,VA,51041,95757.0,6.6,1.35,23.63,9.86,11.6,34.95,16.5,65.9,12015.08,0.2223,2.0,Uninsured
Clarke,VA,51043,107475.0,5.3,0.47,4.57,6.62,10.65,33.3,15.899999999999999,67.3,10928.15,0.1795,1.0,Uninsured
Craig,VA,51045,66286.0,10.58,0.0,0.06,0.94,12.25,36.35,18.0,64.5,11165.71,0.2486,2.0,Hypertension
Culpeper,VA,51047,92359.0,7.1,2.15,13.38,12.39,11.85,35.35,17.25,62.25,11005.94,0.2396,2.0,Uninsured
Cumberland,VA,51049,56497.0,7.94,2.59,30.38,1.18,14.1,39.4,18.25,64.3,12953.39,0.3153,3.0,Diabetes
Dickenson,VA,51051,40143.0,21.73,0.6,0.72,1.05,14.75,40.2,20.6,60.4,9705.71,0.3768,4.0,Poverty
Dinwiddie,VA,51053,77225.0,10.74,0.78,30.78,3.94,13.25,38.0,18.1,65.0,12329.29,0.2859,3.0,Hypertension
Essex,VA,51057,52335.0,16.95,0.94,37.67,4.42,15.75,41.85,18.9,62.9,13888.06,0.3867,4.0,Diabetes
Fairfax,VA,51059,145165.0,5.93,1.29,9.87,16.53,10.1,28.4,12.45,64.65,10887.25,0.1459,1.0,Uninsured
Fauquier,VA,51061,122785.0,5.79,1.67,6.61,9.86,10.55,31.7,15.9,69.85,10979.39,0.1804,1.0,Uninsured
Floyd,VA,51063,57146.0,9.35,0.77,3.02,2.94,11.7,35.3,17.5,65.75,10454.47,0.2336,2.0,Hypertension
Fluvanna,VA,51065,90766.0,5.69,1.37,12.97,4.18,11.25,34.4,16.8,67.85,10514.6,0.2083,1.0,Uninsured
Franklin,VA,51067,66275.0,12.85,0.98,7.73,2.99,13.05,37.05,17.8,64.7,10362.13,0.2875,3.0,Diabetes
Frederick,VA,51069,92443.0,6.65,1.27,4.24,10.13,10.7,32.7,16.75,66.45,10776.51,0.1902,1.0,Uninsured
Giles,VA,51071,61987.0,9.55,0.66,2.26,1.91,12.2,36.45,18.5,62.65,11412.16,0.2502,2.0,Hypertension
Gloucester,VA,51073,83750.0,7.32,0.31,8.16,4.1,11.35,35.2,17.1,63.95,11610.03,0.2129,2.0,Hypertension
Goochland,VA,51075,105600.0,4.05,0.41,14.46,3.25,10.45,34.2,14.850000000000001,71.05,10717.91,0.1761,1.0,Uninsured
Grayson,VA,51077,43348.0,17.58,1.33,5.55,3.91,15.3,40.9,19.5,60.85,10265.45,0.379,4.0,Diabetes
Greene,VA,51079,81338.0,11.02,1.56,6.43,6.61,11.55,35.0,17.4,65.85,10070.68,0.2445,2.0,Uninsured
Greensville,VA,51081,51823.0,9.58,0.31,53.55,5.08,16.35,43.25,18.65,59.5,12330.14,0.3663,4.0,Diabetes
Halifax,VA,51083,49145.0,14.31,1.02,34.75,2.37,16.8,43.05,19.25,63.3,10314.84,0.4016,4.0,Diabetes
Hanover,VA,51085,104678.0,5.09,0.75,8.68,3.32,10.45,32.35,15.7,68.7,12517.22,0.171,1.0,Uninsured
Henrico,VA,51087,82424.0,8.34,0.66,29.63,6.14,11.55,34.95,15.85,67.5,12446.0,0.2227,2.0,Hypertension
Henry,VA,51089,43694.0,15.83,0.31,22.92,6.05,15.7,41.7,19.35,61.35,11142.41,0.3733,4.0,Diabetes
Highland,VA,51091,57070.0,10.24,2.27,0.0,0.0,12.3,37.1,16.0,64.95,8897.03,0.2758,3.0,Uninsured
Isle of Wight,VA,51093,91680.0,9.69,1.71,22.1,4.03,12.3,36.05,16.85,65.65,11227.07,0.2601,2.0,Uninsured
James City,VA,51095,100711.0,7.2,0.7,12.63,6.37,10.8,34.2,15.0,70.0,11513.98,0.1997,1.0,Uninsured
King and Queen,VA,51097,70147.0,19.91,1.84,24.11,3.64,14.8,40.8,18.35,66.25,13180.93,0.3858,4.0,Diabetes
King George,VA,51099,103264.0,6.84,0.37,15.8,6.35,10.95,32.9,17.0,64.35,12424.29,0.1879,1.0,Uninsured
King William,VA,51101,79398.0,7.96,1.24,14.93,2.92,11.25,34.5,17.65,63.3,12840.32,0.2184,2.0,Uninsured
Lancaster,VA,51103,62674.0,13.7,1.51,27.57,2.31,14.85,42.3,16.3,67.65,11058.45,0.3651,4.0,Hypertension
Lee,VA,51105,41619.0,24.14,0.67,4.15,2.14,15.45,41.1,20.4,59.4,10936.01,0.4071,4.0,Poverty
Loudoun,VA,51107,170463.0,3.73,0.95,7.65,13.83,9.2,29.2,13.15,63.8,11648.33,0.1227,1.0,Uninsured
Louisa,VA,51109,76594.0,10.81,0.64,13.46,3.58,12.5,36.65,17.5,63.2,10740.95,0.2624,2.0,Hypertension
Lunenburg,VA,51111,54438.0,12.05,1.68,32.77,6.09,16.8,42.4,19.0,61.45,11376.94,0.3929,4.0,Diabetes
Madison,VA,51113,74586.0,7.83,0.47,7.86,3.44,11.95,35.65,17.45,65.8,10104.57,0.2303,2.0,Hypertension
Mathews,VA,51115,79054.0,6.77,0.71,8.98,3.06,12.65,37.3,16.65,67.05,11126.84,0.2515,2.0,Hypertension
Mecklenburg,VA,51117,51265.0,18.14,0.92,33.34,3.1,16.1,42.2,18.049999999999997,64.05,10868.85,0.4005,4.0,Diabetes
Middlesex,VA,51119,69389.0,9.22,1.1,14.79,3.13,13.65,38.8,16.35,71.65,10849.61,0.2946,3.0,Hypertension
Montgomery,VA,51121,65270.0,22.28,0.5,4.08,3.54,10.3,31.25,18.1,65.45,10801.74,0.2384,2.0,Poverty
Nelson,VA,51125,64028.0,13.2,1.31,12.39,4.58,13.15,38.05,16.7,65.7,10382.9,0.3013,3.0,Hypertension
New Kent,VA,51127,113120.0,3.82,0.54,13.13,4.0,10.9,33.4,16.35,69.3,11897.31,0.1782,1.0,Uninsured
Northampton,VA,51131,54693.0,16.35,1.75,31.68,9.45,15.7,41.7,17.05,66.4,9946.94,0.39,4.0,Diabetes
Northumberland,VA,51133,64655.0,14.72,0.19,20.9,4.07,13.8,39.95,15.65,70.05,10842.66,0.3221,3.0,Hypertension
Nottoway,VA,51135,62366.0,16.96,2.24,38.08,5.01,15.6,41.3,18.8,61.85,12552.57,0.3931,4.0,Diabetes
Orange,VA,51137,87309.0,12.76,0.6,12.26,6.03,11.55,35.45,17.4,63.0,10935.63,0.2464,2.0,Poverty
Page,VA,51139,56760.0,9.94,1.07,1.78,2.37,12.4,36.4,18.95,64.65,12609.62,0.2591,2.0,Hypertension
Patrick,VA,51141,49180.0,11.12,0.34,5.62,3.27,13.9,38.3,18.75,62.75,10533.03,0.2965,3.0,Diabetes
Pittsylvania,VA,51143,52619.0,16.05,0.8,19.56,2.91,15.25,41.75,18.7,63.6,10564.86,0.3719,4.0,Hypertension
Powhatan,VA,51145,108089.0,4.28,0.63,8.8,2.47,10.75,34.45,16.65,64.75,11582.03,0.1863,1.0,Uninsured
Prince Edward,VA,51147,57304.0,13.63,0.65,29.92,3.61,13.9,37.1,20.25,63.8,10883.32,0.3027,3.0,Diabetes
Prince George,VA,51149,80318.0,7.13,0.6,31.09,9.66,11.9,35.05,18.15,67.2,12862.43,0.2231,2.0,Diabetes
Prince William,VA,51153,123193.0,5.98,1.79,20.69,24.97,11.1,32.35,15.0,64.0,11196.23,0.1965,1.0,Uninsured
Pulaski,VA,51155,59740.0,12.59,0.28,5.01,1.94,12.45,35.85,18.4,64.7,11562.06,0.2606,2.0,Diabetes
Rappahannock,VA,51157,98663.0,7.61,2.47,4.41,4.28,12.4,36.9,16.5,66.05,11173.01,0.2657,3.0,Uninsured
Richmond,VA,51159,62708.0,6.2,0.35,27.22,7.49,13.9,40.1,18.1,62.0,13301.57,0.2866,3.0,Hypertension
Roanoke,VA,51161,80872.0,6.9,0.66,6.11,3.52,10.75,33.35,16.6,65.7,11346.03,0.1909,1.0,Uninsured
Rockbridge,VA,51163,61903.0,8.75,0.41,4.35,2.14,12.05,36.45,17.2,65.0,10062.45,0.2415,2.0,Hypertension
Rockingham,VA,51165,73232.0,8.53,1.85,2.42,7.82,11.2,34.15,17.7,63.2,10591.62,0.2237,2.0,Uninsured
Russell,VA,51167,44088.0,19.12,1.18,2.02,0.69,13.75,39.0,19.8,61.15,11476.53,0.3447,4.0,Poverty
Scott,VA,51169,44535.0,16.36,1.0,1.17,1.5,14.25,39.4,19.7,58.45,10747.58,0.3414,4.0,Diabetes
Shenandoah,VA,51171,62149.0,12.41,0.67,2.74,8.01,12.55,35.4,18.35,61.8,12061.51,0.262,2.0,Diabetes
Smyth,VA,51173,45061.0,18.32,0.47,1.78,2.26,13.6,37.45,19.75,60.25,12058.91,0.3203,3.0,Poverty
Southampton,VA,51175,67813.0,7.69,1.4,30.11,2.19,14.0,39.5,17.7,62.55,12064.39,0.3014,3.0,Hypertension
Spotsylvania,VA,51177,105068.0,7.31,1.11,16.78,11.32,11.85,35.05,16.75,65.25,13118.39,0.2282,2.0,Uninsured
Stafford,VA,51179,128036.0,5.25,1.24,18.99,14.92,10.45,31.1,15.850000000000001,67.55,12153.29,0.1676,1.0,Uninsured
Surry,VA,51181,68655.0,13.29,0.75,41.67,2.83,14.85,41.15,17.25,65.95,11072.47,0.3474,4.0,Hypertension
Sussex,VA,51183,59195.0,11.03,1.31,54.81,3.52,15.3,42.05,18.200000000000003,63.85,13219.48,0.3565,4.0,Hypertension
Tazewell,VA,51185,46508.0,17.42,0.69,4.04,1.16,14.15,39.7,19.75,61.65,11424.24,0.3438,4.0,Hypertension
Warren,VA,51187,79313.0,11.69,2.14,5.36,6.33,11.7,34.15,18.1,63.35,11094.85,0.2498,2.0,Uninsured
Washington,VA,51191,59116.0,11.68,0.8,1.72,1.63,12.05,36.2,17.6,61.95,11777.5,0.2572,2.0,Hypertension
Westmoreland,VA,51193,56647.0,15.88,0.9,24.39,6.81,15.75,40.65,18.299999999999997,63.35,12065.52,0.3726,4.0,Diabetes
Wise,VA,51195,47541.0,18.31,0.28,4.7,1.33,13.9,39.6,20.4,63.2,11389.33,0.3389,4.0,Hypertension
Wythe,VA,51197,53921.0,17.02,1.55,2.15,1.42,12.65,36.85,18.95,62.0,11651.93,0.3044,3.0,Poverty
York,VA,51199,105154.0,4.64,0.49,13.14,7.26,10.25,31.45,15.0,69.55,10941.86,0.1565,1.0,Uninsured
Alexandria,VA,51510,113179.0,8.73,0.99,21.35,16.56,9.85,30.2,14.45,66.3,11723.17,0.1647,1.0,Uninsured
Bristol,VA,51520,45250.0,16.67,1.4,6.26,2.61,13.3,37.9,19.200000000000003,63.25,12760.5,0.3199,3.0,Poverty
Buena Vista,VA,51530,48783.0,20.09,1.14,4.14,1.48,12.4,35.35,20.05,59.75,11966.58,0.2997,3.0,Poverty
Charlottesville,VA,51540,67177.0,22.15,0.64,17.16,5.84,10.95,31.6,17.1,65.3,10797.56,0.2527,2.0,Poverty
Chesapeake,VA,51550,92703.0,7.49,0.97,29.29,7.05,12.2,35.35,16.75,66.15,11629.08,0.2357,2.0,Diabetes
Colonial Heights,VA,51570,72216.0,10.06,2.64,17.22,7.25,11.4,34.45,17.15,66.45,13322.75,0.2442,2.0,Uninsured
Covington,VA,51580,45737.0,16.62,1.75,13.46,2.38,15.0,39.6,20.549999999999997,63.05,13630.29,0.3642,4.0,Diabetes
Danville,VA,51590,41484.0,24.35,0.67,50.2,4.91,18.25,45.15,20.05,58.4,11897.79,0.4848,4.0,Diabetes
Emporia,VA,51595,41442.0,16.53,0.63,60.56,4.68,18.3,44.85,19.9,58.75,15483.63,0.4465,4.0,Diabetes
Fairfax,VA,51600,128708.0,9.64,0.92,5.87,18.14,10.65,30.35,14.0,67.35,11551.03,0.1829,1.0,Uninsured
Falls Church,VA,51610,164536.0,2.32,0.0,4.59,11.25,8.35,27.85,12.7,68.2,10726.4,0.0826,1.0,Uninsured
Franklin,VA,51620,57537.0,18.38,0.38,51.4,3.28,16.6,42.75,19.35,60.85,13218.77,0.4087,4.0,Diabetes
Fredericksburg,VA,51630,83445.0,16.52,0.98,21.53,11.71,10.9,31.85,17.85,66.5,13604.92,0.2307,2.0,Poverty
Galax,VA,51640,44612.0,21.44,2.65,8.02,20.62,15.1,38.75,20.35,60.5,13258.44,0.3912,4.0,Diabetes
Hampton,VA,51650,64430.0,13.04,0.58,48.98,6.58,14.4,39.0,18.3,67.25,11656.98,0.3214,3.0,Diabetes
Harrisonburg,VA,51660,56050.0,23.41,1.68,7.49,20.78,12.05,31.65,19.9,58.95,11301.91,0.2879,3.0,Poverty
Hopewell,VA,51670,50661.0,21.12,1.09,43.3,8.86,16.9,42.25,21.049999999999997,58.6,13173.01,0.43,4.0,Diabetes
Lexington,VA,51678,93651.0,9.47,0.22,5.17,5.08,9.15,28.8,18.65,68.7,10439.36,0.1386,1.0,Uninsured
Lynchburg,VA,51680,56243.0,15.2,0.73,27.57,4.66,11.75,34.5,19.1,63.4,11405.34,0.2556,2.0,Poverty
Manassas,VA,51683,110559.0,4.73,4.5,13.39,38.78,11.9,30.9,15.75,62.45,11053.73,0.2206,2.0,Uninsured
Manassas Park,VA,51685,91673.0,5.04,3.87,14.68,41.9,13.85,33.35,16.6,58.0,11976.49,0.2665,3.0,Uninsured
Martinsville,VA,51690,39127.0,23.76,2.25,45.41,6.99,17.25,42.85,20.05,61.3,12473.25,0.4641,4.0,Diabetes
Newport News,VA,51700,63355.0,14.08,1.14,41.16,9.88,13.4,37.6,18.1,64.6,12076.35,0.3048,3.0,Diabetes
Norfolk,VA,51710,60998.0,15.34,1.14,40.72,8.73,13.15,37.35,18.5,64.6,11948.9,0.3046,3.0,Diabetes
Norton,VA,51720,36974.0,28.6,0.87,2.04,0.0,14.0,38.35,20.7,62.05,11101.03,0.3855,4.0,Poverty
Petersburg,VA,51730,46930.0,21.87,1.67,77.26,5.31,18.1,44.9,20.0,62.1,14017.57,0.4787,4.0,Diabetes
Poquoson,VA,51735,114503.0,4.49,0.1,1.8,3.4,9.9,32.1,15.8,67.95,11328.8,0.1507,1.0,Uninsured
Portsmouth,VA,51740,57154.0,16.77,0.96,51.44,5.01,15.35,39.9,19.549999999999997,63.8,12034.2,0.3652,4.0,Diabetes
Radford,VA,51750,51039.0,27.48,0.26,8.91,3.24,11.45,32.5,22.049999999999997,60.15,11964.52,0.2888,3.0,Poverty
Richmond,VA,51760,59606.0,18.63,1.18,43.96,7.62,13.2,36.9,18.0,64.2,11701.58,0.318,3.0,Poverty
Roanoke,VA,51770,51523.0,18.78,1.08,29.37,6.89,14.15,37.85,18.6,65.7,11428.65,0.3407,4.0,Diabetes
Salem,VA,51775,68402.0,8.62,1.02,7.89,3.77,11.2,33.65,17.7,67.65,11489.17,0.2123,2.0,Uninsured
Staunton,VA,51790,59731.0,10.8,0.95,10.71,3.8,11.8,34.75,17.8,67.1,11591.32,0.2399,2.0,Uninsured
Suffolk,VA,51800,87758.0,9.35,1.26,41.55,4.82,12.9,37.8,17.25,67.7,12040.39,0.2768,3.0,Hypertension
Virginia Beach,VA,51810,87544.0,7.88,1.0,18.89,8.77,11.75,34.25,16.55,65.7,11901.65,0.2223,2.0,Uninsured
Waynesboro,VA,51820,52519.0,15.94,1.75,10.58,9.29,12.3,35.7,18.25,61.5,11033.07,0.2871,3.0,Poverty
Williamsburg,VA,51830,66815.0,9.37,0.88,15.24,7.68,10.35,31.15,18.4,67.8,9907.16,0.182,1.0,Uninsured
Winchester,VA,51840,62495.0,16.15,2.32,9.94,18.7,13.55,36.3,18.6,63.85,11195.48,0.3193,3.0,Diabetes
Adams,WA,53001,63105.0,20.68,1.22,0.21,64.47,13.2,32.3,18.3,55.05,10753.4,0.2948,3.0,Poverty
Asotin,WA,53003,63724.0,15.93,0.25,0.75,4.66,10.95,33.5,18.35,64.5,10604.18,0.2335,2.0,Poverty
Benton,WA,53005,83778.0,10.43,0.67,1.76,23.52,9.9,28.05,16.45,61.65,10627.24,0.1548,1.0,Uninsured
Chelan,WA,53007,71876.0,9.12,0.76,0.51,28.64,9.7,29.85,16.8,64.1,10384.47,0.1592,1.0,Uninsured
Clallam,WA,53009,66108.0,10.72,0.86,0.91,7.18,10.15,33.7,16.7,65.2,9429.46,0.2031,1.0,Uninsured
Clark,WA,53011,90115.0,8.79,0.84,2.01,10.75,9.0,29.65,18.6,66.6,9780.67,0.1451,1.0,Uninsured
Columbia,WA,53013,68825.0,9.22,0.15,0.9,8.17,10.45,32.3,17.200000000000003,66.05,12406.21,0.184,1.0,Uninsured
Cowlitz,WA,53015,70912.0,11.98,0.74,0.75,9.81,10.35,32.9,19.45,61.6,9423.62,0.2054,1.0,Poverty
Douglas,WA,53017,79422.0,7.88,0.69,0.46,33.34,10.25,30.55,17.05,61.4,9846.22,0.1671,1.0,Uninsured
Ferry,WA,53019,50424.0,15.34,0.83,0.22,1.79,12.75,35.9,19.1,60.5,8483.59,0.2843,3.0,Poverty
Franklin,WA,53021,77877.0,13.05,1.94,2.3,53.88,11.05,28.45,17.6,57.9,10285.59,0.202,1.0,Uninsured
Garfield,WA,53023,57958.0,11.0,0.17,0.95,3.77,9.9,33.35,16.7,62.4,17724.78,0.1908,1.0,Poverty
Grant,WA,53025,66387.0,14.14,0.57,1.03,42.82,11.15,31.9,18.0,56.3,9545.57,0.2201,2.0,Poverty
Grays Harbor,WA,53027,59105.0,14.28,0.44,1.4,10.82,12.05,35.9,19.45,63.55,9836.57,0.2636,2.0,Poverty
Island,WA,53029,82850.0,6.62,0.42,2.57,8.53,8.95,31.25,15.8,67.75,8693.39,0.1415,1.0,Uninsured
Jefferson,WA,53031,64796.0,13.55,0.42,0.42,4.11,10.55,34.25,15.399999999999999,67.8,9088.67,0.2227,2.0,Poverty
King,WA,53033,116340.0,8.33,0.51,6.52,10.15,7.25,26.45,14.7,63.8,10260.47,0.087,1.0,Uninsured
Kitsap,WA,53035,93675.0,8.02,0.71,2.71,8.52,9.05,31.35,16.5,65.1,9940.59,0.1534,1.0,Uninsured
Kittitas,WA,53037,66800.0,13.78,0.63,0.9,9.58,9.3,29.35,18.25,63.5,9493.16,0.1693,1.0,Poverty
Klickitat,WA,53039,66581.0,13.74,0.6,0.75,12.65,10.2,30.45,17.200000000000003,61.55,9360.87,0.192,1.0,Poverty
Lewis,WA,53041,67247.0,12.12,0.4,0.62,11.15,10.85,33.45,18.6,58.95,10199.51,0.2151,2.0,Poverty
Lincoln,WA,53043,68172.0,11.5,0.46,0.53,3.88,10.0,32.5,17.1,61.8,10976.58,0.1916,1.0,Poverty
Mason,WA,53045,74388.0,12.7,0.52,1.04,11.06,10.7,33.25,17.95,66.0,10145.57,0.215,2.0,Poverty
Okanogan,WA,53047,58218.0,18.55,0.68,1.35,21.78,11.85,34.25,18.2,59.05,9180.08,0.2707,3.0,Poverty
Pacific,WA,53049,58889.0,12.92,0.76,0.53,10.22,12.4,36.3,17.8,62.2,9597.69,0.2693,3.0,Hypertension
Pend Oreille,WA,53051,59353.0,12.75,1.72,0.22,4.66,11.3,33.9,18.25,64.45,9335.59,0.242,2.0,Uninsured
Pierce,WA,53053,91486.0,8.48,0.72,7.11,11.91,10.25,31.55,18.3,63.1,10667.42,0.1774,1.0,Uninsured
San Juan,WA,53055,76745.0,10.85,0.79,0.61,6.83,8.95,31.3,14.65,62.45,8872.39,0.1653,1.0,Uninsured
Skagit,WA,53057,82029.0,11.82,0.65,0.91,19.25,9.65,30.3,16.6,60.65,10138.1,0.1731,1.0,Poverty
Skamania,WA,53059,84500.0,8.55,0.97,0.1,8.59,9.7,32.3,17.3,65.35,9137.29,0.1763,1.0,Uninsured
Snohomish,WA,53061,104083.0,7.51,0.74,3.46,11.09,8.7,28.6,16.0,65.2,9901.02,0.1255,1.0,Uninsured
Spokane,WA,53063,70394.0,11.99,0.49,1.91,6.45,9.65,29.8,17.85,66.05,10864.5,0.1687,1.0,Poverty
Stevens,WA,53065,62381.0,13.17,1.54,0.35,4.06,10.85,33.45,17.25,59.55,8856.03,0.2313,2.0,Uninsured
Thurston,WA,53067,88895.0,9.22,0.54,3.13,9.88,9.6,32.65,17.4,67.25,9509.85,0.176,1.0,Uninsured
Wahkiakum,WA,53069,59167.0,13.61,1.34,0.98,7.35,12.2,36.95,17.8,61.25,8189.81,0.2795,3.0,Hypertension
Walla Walla,WA,53071,66635.0,10.29,0.62,1.92,22.3,9.9,30.0,17.25,60.95,9625.04,0.1678,1.0,Uninsured
Whatcom,WA,53073,77581.0,12.57,0.65,0.92,10.14,8.35,27.4,18.2,65.8,9847.38,0.1337,1.0,Poverty
Whitman,WA,53075,49345.0,20.78,0.53,1.97,6.71,8.65,27.1,19.95,62.25,11703.05,0.1738,1.0,Poverty
Yakima,WA,53077,64910.0,15.32,1.65,0.91,51.19,12.5,31.95,18.0,53.65,9247.89,0.2596,2.0,Poverty
Barbour,WV,54001,44341.0,21.11,0.0,1.38,1.17,15.35,43.75,23.5,61.55,12822.28,0.4038,4.0,Hypertension
Berkeley,WV,54003,73619.0,10.79,0.74,6.78,5.22,12.75,38.25,22.0,66.5,10222.49,0.2791,3.0,Hypertension
Boone,WV,54005,56182.0,16.32,0.38,0.27,0.33,15.2,44.25,22.85,60.1,12894.93,0.3862,4.0,Hypertension
Braxton,WV,54007,42245.0,17.56,0.38,1.05,1.1,16.75,44.9,23.4,61.65,12723.65,0.423,4.0,Hypertension
Brooke,WV,54009,51963.0,10.53,0.39,1.49,1.04,13.6,40.8,20.7,62.65,13504.57,0.3072,3.0,Hypertension
Cabell,WV,54011,48944.0,19.22,0.84,4.35,1.5,14.05,38.45,22.4,65.45,12034.12,0.343,4.0,Poverty
Calhoun,WV,54013,39031.0,33.49,1.45,0.05,0.3,18.1,46.35,23.95,59.95,12480.44,0.5413,4.0,Poverty
Clay,WV,54015,41530.0,24.19,0.26,0.06,0.1,16.5,44.4,23.65,63.5,10434.85,0.4449,4.0,Hypertension
Doddridge,WV,54017,56587.0,12.41,1.04,1.84,1.64,14.8,42.65,22.049999999999997,61.55,10609.57,0.3561,4.0,Hypertension
Fayette,WV,54019,50090.0,20.69,0.66,4.5,1.3,15.85,41.95,23.05,60.85,12066.62,0.4038,4.0,Diabetes
Gilmer,WV,54021,51552.0,8.25,0.36,13.59,3.95,15.0,42.75,21.7,60.75,11781.45,0.3341,3.0,Hypertension
Grant,WV,54023,52877.0,11.6,1.2,1.44,0.44,14.4,41.25,21.45,65.45,11672.22,0.3371,4.0,Hypertension
Greenbrier,WV,54025,45519.0,19.5,1.01,2.09,2.05,15.1,42.7,22.200000000000003,59.9,10798.27,0.3944,4.0,Hypertension
Hampshire,WV,54027,55222.0,16.93,1.95,0.51,1.59,14.65,41.7,21.5,62.55,11151.01,0.3769,4.0,Hypertension
Hancock,WV,54029,57515.0,13.19,1.31,2.12,1.62,14.55,42.25,21.45,69.5,13345.27,0.3553,4.0,Hypertension
Hardy,WV,54031,49205.0,17.17,0.6,4.43,4.7,16.6,44.35,22.35,60.9,11358.88,0.4168,4.0,Hypertension
Harrison,WV,54033,56184.0,13.41,0.81,1.31,1.8,14.1,40.05,21.200000000000003,64.95,12578.21,0.3279,3.0,Hypertension
Jackson,WV,54035,55173.0,19.43,0.12,0.15,1.12,15.3,43.0,21.700000000000003,61.8,12177.59,0.3908,4.0,Hypertension
Jefferson,WV,54037,93744.0,8.88,0.85,5.48,6.46,12.3,38.2,19.25,63.85,11729.44,0.2633,2.0,Hypertension
Kanawha,WV,54039,55226.0,16.15,0.47,6.68,1.17,14.0,43.05,21.95,64.25,12487.67,0.3573,4.0,Hypertension
Lewis,WV,54041,50552.0,16.62,0.33,0.13,1.35,15.15,41.0,22.65,62.4,11601.79,0.3628,4.0,Diabetes
Lincoln,WV,54043,50985.0,18.99,0.94,0.1,1.24,16.45,43.75,23.7,60.15,12221.16,0.4218,4.0,Diabetes
Logan,WV,54045,42194.0,23.13,1.13,1.76,1.06,16.2,44.4,24.25,57.85,12409.88,0.4435,4.0,Hypertension
McDowell,WV,54047,28235.0,29.89,1.3,14.2,2.04,19.5,47.8,24.9,58.5,10364.97,0.5572,4.0,Diabetes
Marion,WV,54049,59974.0,14.54,1.41,2.88,1.4,13.65,40.0,22.049999999999997,65.3,12633.82,0.3311,3.0,Hypertension
Marshall,WV,54051,58129.0,14.27,0.46,0.69,0.99,14.4,41.85,21.75,66.6,11960.98,0.3465,4.0,Hypertension
Mason,WV,54053,53058.0,15.78,0.26,0.31,1.28,15.1,42.2,22.8,60.5,11589.36,0.366,4.0,Hypertension
Mercer,WV,54055,46409.0,18.26,0.76,5.9,1.3,15.4,42.0,22.4,65.3,11866.49,0.3862,4.0,Hypertension
Mineral,WV,54057,64728.0,13.47,0.36,2.43,1.06,13.45,39.6,20.75,64.25,11997.19,0.3095,3.0,Hypertension
Mingo,WV,54059,38305.0,28.46,0.17,2.49,0.27,18.1,46.45,25.35,54.8,11085.57,0.5059,4.0,Diabetes
Monongalia,WV,54061,60893.0,19.43,0.48,3.45,2.28,11.45,33.5,20.45,63.5,12687.78,0.2606,2.0,Poverty
Monroe,WV,54063,52392.0,13.09,0.8,0.68,1.96,15.5,43.2,21.9,62.6,10376.5,0.3728,4.0,Hypertension
Morgan,WV,54065,61021.0,10.49,1.22,0.16,1.92,14.5,42.2,21.25,63.05,11063.35,0.3406,4.0,Hypertension
Nicholas,WV,54067,48826.0,16.57,0.31,0.06,0.99,14.7,42.5,22.1,63.85,11217.47,0.3656,4.0,Hypertension
Ohio,WV,54069,55521.0,13.91,0.29,3.24,1.28,13.5,39.6,21.1,64.65,12075.22,0.3117,3.0,Hypertension
Pendleton,WV,54071,52458.0,16.07,0.65,3.33,1.46,15.4,42.95,21.15,66.6,12624.84,0.3817,4.0,Hypertension
Pleasants,WV,54073,59666.0,7.11,0.49,0.71,2.62,13.55,40.85,21.65,65.5,12283.07,0.2918,3.0,Hypertension
Pocahontas,WV,54075,41680.0,19.4,0.04,0.47,0.74,16.45,44.85,22.3,60.6,10709.02,0.4227,4.0,Hypertension
Preston,WV,54077,60136.0,12.29,0.36,6.15,2.33,13.95,40.4,22.0,63.55,12581.72,0.3182,3.0,Hypertension
Putnam,WV,54079,75725.0,10.86,0.75,0.88,1.29,12.7,40.7,20.5,64.1,13024.13,0.2964,3.0,Hypertension
Raleigh,WV,54081,47975.0,21.01,0.3,7.28,1.63,15.95,44.2,23.3,58.95,12426.37,0.4197,4.0,Hypertension
Randolph,WV,54083,51186.0,14.08,0.33,1.68,0.99,14.35,42.65,21.75,60.85,11927.29,0.3493,4.0,Hypertension
Ritchie,WV,54085,48973.0,19.82,0.47,0.38,0.31,15.6,43.35,22.9,60.45,12521.89,0.4037,4.0,Hypertension
Roane,WV,54087,41299.0,20.9,0.89,0.09,1.13,16.95,44.9,23.25,55.45,11044.24,0.447,4.0,Diabetes
Summers,WV,54089,42991.0,19.62,1.39,4.71,2.34,16.85,44.3,23.15,62.2,11219.13,0.4399,4.0,Diabetes
Taylor,WV,54091,52946.0,16.4,0.19,1.17,0.97,14.25,41.65,22.05,63.45,11664.49,0.3498,4.0,Hypertension
Tucker,WV,54093,54053.0,9.47,0.58,0.06,0.13,14.4,43.0,20.700000000000003,67.35,10585.35,0.3336,3.0,Hypertension
Tyler,WV,54095,59167.0,11.83,0.17,0.73,1.64,15.2,43.45,21.9,60.45,12772.28,0.3574,4.0,Hypertension
Upshur,WV,54097,49663.0,16.79,0.46,1.65,1.4,14.9,41.95,22.6,60.55,12029.46,0.3675,4.0,Hypertension
Wayne,WV,54099,52694.0,16.67,1.89,0.88,0.74,15.0,42.95,22.950000000000003,66.1,10821.87,0.39,4.0,Hypertension
Webster,WV,54101,43409.0,17.66,1.38,0.26,0.63,16.8,45.05,23.35,58.6,11039.68,0.4352,4.0,Hypertension
Wetzel,WV,54103,50715.0,16.61,0.69,0.08,1.12,14.75,41.8,22.6,63.8,12005.84,0.3653,4.0,Hypertension
Wirt,WV,54105,52776.0,20.11,0.33,1.19,0.0,15.7,43.1,22.4,63.15,11021.63,0.4036,4.0,Hypertension
Wood,WV,54107,54350.0,14.54,0.64,1.22,1.43,14.8,42.0,21.85,69.15,12973.17,0.3574,4.0,Hypertension
Wyoming,WV,54109,44510.0,24.19,0.48,0.51,0.86,16.5,45.9,23.7,59.3,12165.29,0.4579,4.0,Hypertension
Adams,WI,55001,55223.0,13.94,0.66,2.45,4.49,13.95,37.9,16.45,63.85,9973.56,0.3108,3.0,Diabetes
Ashland,WI,55003,57000.0,15.98,0.9,1.55,3.27,12.35,33.2,17.5,62.85,10903.66,0.2617,2.0,Poverty
Barron,WI,55005,59379.0,11.57,1.98,1.85,2.96,11.5,32.95,16.65,67.65,11156.92,0.2356,2.0,Uninsured
Bayfield,WI,55007,67266.0,10.34,0.75,1.02,2.41,11.55,35.55,15.5,67.45,9694.21,0.2373,2.0,Hypertension
Brown,WI,55009,74066.0,9.45,0.93,2.65,9.45,9.9,30.1,15.85,68.75,11223.01,0.1676,1.0,Uninsured
Buffalo,WI,55011,64238.0,8.16,0.62,0.32,2.57,11.1,32.8,16.35,66.5,11203.19,0.1983,1.0,Uninsured
Burnett,WI,55013,60466.0,11.54,1.09,0.69,2.11,12.75,35.3,16.3,65.2,9724.1,0.2648,2.0,Diabetes
Calumet,WI,55015,84151.0,5.83,0.38,0.97,4.7,9.4,28.9,15.649999999999999,66.75,11023.57,0.1281,1.0,Uninsured
Chippewa,WI,55017,69815.0,9.54,1.24,1.53,1.9,10.55,32.1,16.5,64.6,11213.46,0.1966,1.0,Uninsured
Clark,WI,55019,63187.0,12.01,9.63,0.7,5.55,11.35,31.3,17.7,62.95,11277.78,0.2989,3.0,Uninsured
Columbia,WI,55021,79271.0,7.32,1.31,1.67,3.87,10.15,30.2,16.15,65.25,9489.74,0.1664,1.0,Uninsured
Crawford,WI,55023,60823.0,11.78,1.48,1.87,1.84,11.95,34.45,17.0,65.7,11457.47,0.2501,2.0,Uninsured
Dane,WI,55025,84297.0,10.59,0.54,5.04,6.79,8.15,25.55,14.75,68.65,9496.1,0.1066,1.0,Uninsured
Dodge,WI,55027,71747.0,7.28,0.55,2.57,5.51,10.25,31.1,16.6,65.1,10228.73,0.1669,1.0,Uninsured
Door,WI,55029,68257.0,8.57,0.45,0.59,3.69,10.8,33.35,14.5,66.55,9864.65,0.1975,1.0,Uninsured
Douglas,WI,55031,64682.0,10.94,0.91,1.26,1.81,10.55,32.9,16.75,65.0,10829.65,0.2056,1.0,Uninsured
Dunn,WI,55033,69721.0,10.13,0.88,0.33,2.15,9.6,29.45,16.799999999999997,64.7,11967.8,0.1605,1.0,Uninsured
Eau Claire,WI,55035,70127.0,11.64,1.07,1.32,2.78,9.15,28.55,16.9,62.35,11249.95,0.1553,1.0,Uninsured
Florence,WI,55037,58049.0,9.64,0.87,0.44,0.44,11.75,34.95,15.65,67.6,9148.06,0.2343,2.0,Uninsured
Fond du Lac,WI,55039,70368.0,8.3,0.52,1.58,5.77,10.4,31.95,16.3,63.35,10856.02,0.18,1.0,Uninsured
Forest,WI,55041,55552.0,13.61,1.19,0.3,2.53,14.35,38.55,18.95,63.6,10083.2,0.326,3.0,Diabetes
Grant,WI,55043,63497.0,12.88,2.71,1.74,1.98,10.9,30.55,17.65,64.85,10101.55,0.2215,2.0,Uninsured
Green,WI,55045,76080.0,6.51,0.8,0.59,3.43,10.0,32.75,15.85,68.5,9031.73,0.1734,1.0,Uninsured
Green Lake,WI,55047,66395.0,12.53,2.89,1.07,5.44,11.9,33.9,16.9,64.95,9585.8,0.2627,2.0,Uninsured
Iowa,WI,55049,79226.0,7.89,0.65,0.83,2.12,9.95,30.25,15.95,65.95,9203.74,0.1595,1.0,Uninsured
Iron,WI,55051,55777.0,10.23,1.16,0.07,1.56,12.2,33.7,15.899999999999999,63.85,9330.54,0.2385,2.0,Diabetes
Jackson,WI,55053,64630.0,11.99,1.41,1.73,3.72,12.0,35.1,17.450000000000003,62.3,10950.7,0.2559,2.0,Uninsured
Jefferson,WI,55055,77018.0,7.36,0.44,1.16,7.48,9.8,29.15,16.0,63.75,9986.48,0.1445,1.0,Uninsured
Juneau,WI,55057,63455.0,14.0,0.54,2.46,3.33,12.55,36.25,17.35,60.45,9182.65,0.2743,3.0,Diabetes
Kenosha,WI,55059,76583.0,10.84,1.03,6.54,14.02,10.7,32.1,16.35,66.25,11950.14,0.2031,1.0,Uninsured
Kewaunee,WI,55061,77610.0,6.67,0.2,0.47,3.38,10.65,31.95,15.95,67.1,13119.2,0.1735,1.0,Uninsured
La Crosse,WI,55063,68731.0,11.33,0.86,1.51,2.22,9.7,29.2,16.55,68.45,10427.44,0.1658,1.0,Uninsured
Lafayette,WI,55065,69293.0,10.43,3.0,0.48,4.38,11.15,33.35,17.25,64.1,10046.94,0.2373,2.0,Uninsured
Langlade,WI,55067,55091.0,12.08,0.6,0.36,2.3,12.05,34.75,17.1,66.4,10097.81,0.2466,2.0,Diabetes
Lincoln,WI,55069,64314.0,10.17,0.85,0.63,2.01,11.3,34.3,16.9,66.7,11101.8,0.2242,2.0,Uninsured
Manitowoc,WI,55071,66412.0,9.85,0.83,1.07,4.68,10.7,33.4,15.8,64.2,10289.23,0.2059,1.0,Uninsured
Marathon,WI,55073,73248.0,8.22,1.05,0.56,3.08,9.85,31.9,15.450000000000001,62.0,10322.18,0.1752,1.0,Uninsured
Marinette,WI,55075,60347.0,9.42,0.43,0.45,2.2,11.9,33.9,16.5,67.15,10185.39,0.2238,2.0,Diabetes
Marquette,WI,55077,59748.0,10.35,0.95,0.47,3.84,12.35,35.7,16.700000000000003,65.15,8923.8,0.254,2.0,Diabetes
Menominee,WI,55078,62194.0,19.86,6.73,0.19,8.37,16.75,36.65,20.0,60.15,10830.59,0.437,4.0,Uninsured
Milwaukee,WI,55079,59319.0,17.45,0.79,26.1,16.08,12.75,34.65,17.1,68.1,12403.65,0.2847,3.0,Poverty
Monroe,WI,55081,66451.0,11.38,3.0,1.5,5.12,11.6,33.5,17.4,62.15,10377.7,0.2505,2.0,Uninsured
Oconto,WI,55083,73611.0,8.15,0.35,0.24,2.08,11.15,33.15,16.950000000000003,65.45,10214.49,0.199,1.0,Uninsured
Oneida,WI,55085,66111.0,9.4,0.72,0.38,1.71,11.55,34.1,15.95,64.45,9450.5,0.2221,2.0,Uninsured
Outagamie,WI,55087,78705.0,6.79,0.91,1.45,4.72,9.6,31.65,15.9,66.2,10520.95,0.1611,1.0,Uninsured
Ozaukee,WI,55089,92258.0,4.4,0.5,1.39,3.36,8.95,27.45,14.25,68.3,11417.35,0.1045,1.0,Uninsured
Pepin,WI,55091,70833.0,7.74,1.34,0.29,2.31,10.7,32.3,15.950000000000001,67.05,12343.85,0.1931,1.0,Uninsured
Pierce,WI,55093,82996.0,9.21,0.62,0.55,2.52,9.35,29.85,16.0,64.35,11167.37,0.1523,1.0,Uninsured
Polk,WI,55095,74142.0,8.22,1.21,0.48,1.97,10.8,32.45,16.0,66.2,10515.97,0.1969,1.0,Uninsured
Portage,WI,55097,71301.0,9.98,0.53,0.88,3.63,9.15,28.0,16.45,66.9,9486.11,0.1383,1.0,Uninsured
Price,WI,55099,55822.0,13.37,0.96,0.17,2.1,12.4,34.85,16.4,63.2,10813.97,0.2629,2.0,Diabetes
Racine,WI,55101,72658.0,11.03,0.49,10.83,14.45,11.45,32.45,15.85,63.75,12600.97,0.2139,2.0,Poverty
Richland,WI,55103,61985.0,14.23,3.69,0.72,2.77,11.85,33.3,16.75,61.75,12110.02,0.2734,3.0,Uninsured
Rock,WI,55105,70630.0,9.68,0.65,4.64,9.47,11.3,31.35,16.5,64.35,11151.3,0.1987,1.0,Uninsured
Rusk,WI,55107,57473.0,11.2,1.04,0.73,2.12,12.75,35.15,17.2,64.3,10258.26,0.2616,2.0,Diabetes
St. Croix,WI,55109,97950.0,5.88,0.59,0.66,2.64,8.85,30.1,15.05,66.95,10743.68,0.1298,1.0,Uninsured
Sauk,WI,55111,72930.0,8.49,1.53,0.81,5.78,11.05,31.3,16.45,64.05,9201.82,0.1972,1.0,Uninsured
Sawyer,WI,55113,57519.0,12.92,1.09,0.83,2.8,12.8,36.2,16.5,63.0,10205.48,0.2786,3.0,Diabetes
Shawano,WI,55115,65493.0,9.88,1.2,0.53,3.14,11.3,32.4,17.0,63.45,10651.36,0.2126,2.0,Uninsured
Sheboygan,WI,55117,68969.0,7.49,0.7,1.97,6.92,10.4,32.85,16.05,62.7,10448.55,0.1845,1.0,Uninsured
Taylor,WI,55119,61360.0,8.72,1.95,0.23,2.45,11.15,33.65,17.15,62.8,10764.08,0.2211,2.0,Uninsured
Trempealeau,WI,55121,68474.0,7.27,2.16,0.46,9.25,11.05,32.45,16.65,64.95,11203.61,0.206,1.0,Uninsured
Vernon,WI,55123,65177.0,14.39,6.89,0.21,1.71,11.3,33.0,16.95,61.9,10855.54,0.2943,3.0,Uninsured
Vilas,WI,55125,63726.0,9.66,0.73,0.49,2.62,11.35,35.6,15.350000000000001,67.3,9947.46,0.2309,2.0,Hypertension
Walworth,WI,55127,75172.0,9.31,0.75,0.8,11.36,10.2,30.6,15.75,66.75,11326.55,0.1739,1.0,Uninsured
Washburn,WI,55129,58504.0,12.2,0.97,0.55,1.94,12.05,35.15,16.2,65.7,10446.56,0.2537,2.0,Diabetes
Washington,WI,55131,91915.0,4.7,0.7,1.34,3.43,9.3,30.05,15.399999999999999,67.3,11548.44,0.1326,1.0,Uninsured
Waukesha,WI,55133,101639.0,4.89,0.48,1.59,5.14,9.35,30.8,13.55,69.2,11831.65,0.1376,1.0,Uninsured
Waupaca,WI,55135,69198.0,8.57,0.8,0.76,3.42,11.55,33.35,16.6,64.3,10605.14,0.2136,2.0,Uninsured
Waushara,WI,55137,61033.0,10.95,1.91,1.9,6.48,12.3,34.65,16.5,67.1,9219.72,0.2578,2.0,Uninsured
Winnebago,WI,55139,70041.0,10.35,0.8,2.58,4.5,10.55,31.1,16.4,67.9,10754.01,0.1888,1.0,Uninsured
Wood,WI,55141,63273.0,10.38,0.69,0.75,3.39,11.15,32.65,16.6,63.7,10290.62,0.2092,1.0,Uninsured
Albany,WY,56001,55887.0,21.48,0.71,0.99,9.91,8.35,27.75,16.5,56.5,12350.22,0.1784,1.0,Poverty
Big Horn,WY,56003,61262.0,10.87,1.57,0.44,9.68,11.2,32.55,16.8,51.3,13252.34,0.2203,2.0,Uninsured
Campbell,WY,56005,93315.0,9.38,4.64,0.38,8.85,9.5,28.85,16.8,52.65,10068.11,0.1882,1.0,Uninsured
Carbon,WY,56007,65196.0,13.33,3.35,1.4,18.66,11.8,32.4,16.4,50.75,10146.63,0.2585,2.0,Uninsured
Converse,WY,56009,79235.0,10.92,0.92,0.23,8.46,10.4,31.85,16.7,55.7,11297.05,0.1955,1.0,Uninsured
Crook,WY,56011,68876.0,6.27,0.87,0.0,2.84,9.95,30.65,15.85,56.75,9750.38,0.157,1.0,Uninsured
Fremont,WY,56013,60030.0,13.51,4.54,0.55,7.77,11.25,32.85,17.05,51.15,11023.87,0.265,2.0,Uninsured
Goshen,WY,56015,62356.0,8.61,1.83,0.62,11.2,11.0,32.7,15.85,55.45,10699.1,0.21,2.0,Uninsured
Hot Springs,WY,56017,64031.0,15.6,1.73,0.0,4.12,12.25,34.1,16.15,54.35,12780.75,0.273,3.0,Poverty
Johnson,WY,56019,60667.0,16.41,2.79,0.19,5.49,11.2,32.65,15.899999999999999,52.3,8812.51,0.259,2.0,Uninsured
Laramie,WY,56021,76282.0,8.8,1.96,2.36,15.51,9.9,28.9,16.35,58.7,11488.33,0.1661,1.0,Uninsured
Lincoln,WY,56023,83033.0,7.01,3.41,0.06,5.04,10.15,31.6,15.8,54.85,10991.12,0.1958,1.0,Uninsured
Natrona,WY,56025,69104.0,8.96,1.49,0.39,9.14,10.35,28.65,16.75,57.15,11516.01,0.168,1.0,Uninsured
Niobrara,WY,56027,54375.0,16.63,1.5,0.16,5.0,11.4,32.65,17.6,53.05,15142.72,0.2506,2.0,Poverty
Park,WY,56029,66754.0,9.36,1.25,0.61,6.01,10.2,30.45,15.2,60.65,10878.67,0.178,1.0,Uninsured
Platte,WY,56031,64753.0,11.7,3.54,0.55,8.44,11.55,34.15,16.549999999999997,55.15,12099.4,0.2611,2.0,Uninsured
Sheridan,WY,56033,68898.0,8.45,1.32,0.28,4.72,9.65,30.9,15.65,62.6,8484.82,0.1683,1.0,Uninsured
Sublette,WY,56035,85960.0,8.02,2.24,0.02,7.01,9.8,30.8,15.100000000000001,55.85,8610.28,0.1773,1.0,Uninsured
Sweetwater,WY,56037,79375.0,11.49,2.03,1.25,16.21,10.55,29.95,17.450000000000003,53.9,9807.26,0.198,1.0,Uninsured
Teton,WY,56039,108279.0,6.88,1.73,0.63,15.2,7.85,25.65,13.0,59.3,9738.06,0.0967,1.0,Uninsured
Uinta,WY,56041,78164.0,6.4,1.94,0.24,9.86,10.15,29.75,16.7,57.3,9348.27,0.1651,1.0,Uninsured
Washakie,WY,56043,61875.0,6.51,0.45,0.01,14.28,12.0,32.4,16.25,55.0,11287.97,0.2013,1.0,Diabetes
Weston,WY,56045,71800.0,12.08,4.05,0.09,3.54,11.15,31.5,16.4,53.0,12003.49,0.2421,2.0,Uninsured
